[11:01:15] === Running VBA Analyzer ===
[11:01:15] ⚠️ No ACCESS database provided! Trying local files (C:\ExportVBA)...
[11:01:15] [FILEPARSER]Started parsing.(Module) [mdl_Autoexec] : Started parsing.
[11:01:15] [FILEPARSER]Parsed successfully.(Module) [mdl_Autoexec] : Parsed successfully.
[11:01:15] [FILEPARSER]Started parsing.(Form) [Avacont] : Started parsing.
[11:01:15] [FILEPARSER]Parsed successfully.(Form) [Avacont] : Parsed successfully.
[11:01:15] [FILEPARSER]Started parsing.(Report) [FisaBugetara1] : Started parsing.
[11:01:15] [FILEPARSER]Parsed successfully.(Report) [FisaBugetara1] : Parsed successfully.
[11:01:15] [FILEPARSER]=== Parse Form/Report Headers ===(Report) [FisaBugetara1] : === Parse Form/Report Headers ===
[11:01:15] [FILEPARSER]Parsed header successfully.(Form) [Avacont]![Terminare] : Parsed header successfully.
[11:20:26] === Running VBA Analyzer ===
[11:20:26] ⚠️ No ACCESS database provided! Trying local files (C:\ExportVBA)...
[11:20:26] [FILEPARSER]Started parsing.(Module) [mdl_Autoexec] : Started parsing.
[11:20:26] [FILEPARSER]Parsed successfully.(Module) [mdl_Autoexec] : Parsed successfully.
[11:20:26] [FILEPARSER]Started parsing.(Form) [Avacont] : Started parsing.
[11:20:26] [FILEPARSER]Parsed successfully.(Form) [Avacont] : Parsed successfully.
[11:20:26] [FILEPARSER]Started parsing.(Report) [FisaBugetara1] : Started parsing.
[11:20:26] [FILEPARSER]Parsed successfully.(Report) [FisaBugetara1] : Parsed successfully.
[11:20:26] [FILEPARSER]=== Parse Form/Report Headers ===(Report) [FisaBugetara1] : === Parse Form/Report Headers ===
[11:20:26] [FILEPARSER]Parsed header successfully.(Form) [Avacont]![Terminare] : Parsed header successfully.
[11:37:27] === Running VBA Analyzer ===
[11:37:27] ⚠️ No ACCESS database provided! Trying local files (C:\ExportVBA)...
[11:37:27] [FILEPARSER]Started parsing.(Module) [mdl_Autoexec] : Started parsing.
[11:37:27] [FILEPARSER]Parsed successfully.(Module) [mdl_Autoexec] : Parsed successfully.
[11:37:34] [FILEPARSER]Started parsing.(Form) [Avacont] : Started parsing.
[11:37:34] [FILEPARSER]Parsed successfully.(Form) [Avacont] : Parsed successfully.
[11:37:39] [FILEPARSER]Started parsing.(Report) [FisaBugetara1] : Started parsing.
[11:37:39] [FILEPARSER]Parsed successfully.(Report) [FisaBugetara1] : Parsed successfully.
[11:37:45] [FILEPARSER]   → Total: 3 surse încărcate.(Report) [FisaBugetara1] :    → Total: 3 surse încărcate.
[11:37:45] [FILEPARSER]=== Parse Form/Report Headers ===(Report) [FisaBugetara1] : === Parse Form/Report Headers ===
[11:40:22] === Running VBA Analyzer ===
[11:40:22] ⚠️ No ACCESS database provided! Trying local files (C:\ExportVBA)...
[11:40:22] [FILEPARSER]Started parsing.(Module) [mdl_Autoexec] : Started parsing.
[11:40:22] [FILEPARSER]Parsed successfully.(Module) [mdl_Autoexec] : Parsed successfully.
[11:40:22] [FILEPARSER]Started parsing.(Form) [Avacont] : Started parsing.
[11:40:22] [FILEPARSER]Parsed successfully.(Form) [Avacont] : Parsed successfully.
[11:40:22] [FILEPARSER]Started parsing.(Report) [FisaBugetara1] : Started parsing.
[11:40:22] [FILEPARSER]Parsed successfully.(Report) [FisaBugetara1] : Parsed successfully.
[11:40:22] [FILEPARSER]   → Total: 3 surse încărcate.(Report) [FisaBugetara1] :    → Total: 3 surse încărcate.
[11:40:22] [FILEPARSER]=== Parse Form/Report Headers ===(Report) [FisaBugetara1] : === Parse Form/Report Headers ===
[13:39:29] === Running VBA Analyzer ===
[13:39:29] ⚠️ No ACCESS database provided! Trying local files (C:\ExportVBA)...
[13:39:29] [FILEPARSER]Started parsing.(Module) [mdl_Autoexec] : Started parsing.
[13:39:29] [FILEPARSER]Parsed successfully.(Module) [mdl_Autoexec] : Parsed successfully.
[13:39:29] [FILEPARSER]Started parsing.(Form) [Avacont] : Started parsing.
[13:39:29] [FILEPARSER]Parsed successfully.(Form) [Avacont] : Parsed successfully.
[13:39:29] [FILEPARSER]Started parsing.(Report) [FisaBugetara1] : Started parsing.
[13:39:29] [FILEPARSER]Parsed successfully.(Report) [FisaBugetara1] : Parsed successfully.
[13:39:29] [FILEPARSER]   → Total: 3 surse încărcate.(Report) [FisaBugetara1] :    → Total: 3 surse încărcate.
[13:39:29] [FILEPARSER]=== Parse Form/Report Headers ===(Report) [FisaBugetara1] : === Parse Form/Report Headers ===
[13:39:35] [FILEPARSER]Parsed header successfully.(Form) [Avacont]![Terminare] : Parsed header successfully.
[13:39:38] [FILEPARSER]Parsed header successfully.(Report) [FisaBugetara1]![Label54] : Parsed header successfully.
[13:39:38] [FILEPARSER] parsed sucessfully.(Report) [FisaBugetara1]![Label54] :  parsed sucessfully.
[13:39:38] [CODEPARSER]Methods: 3; Declares: ; Variables: 1; Constants: 0; (Report) [FisaBugetara1].[Report_Open] : Methods: 3; Declares: ; Variables: 1; Constants: 0; 
[13:39:38] [CODEPARSER]Methods: 10; Declares: ; Variables: 5; Constants: 0; (Form) [Avacont].[Terminare_Click] : Methods: 10; Declares: ; Variables: 5; Constants: 0; 
[13:39:38] [CODEPARSER]Methods: 21; Declares: 3; Variables: 21; Constants: 1; (Module) [mdl_Autoexec].[Check_Avazip] : Methods: 21; Declares: 3; Variables: 21; Constants: 1; 
[13:39:38] [TOKENIZER]Tokenizing module: FisaBugetara1 (Report)(Report) [FisaBugetara1] : Tokenizing module: FisaBugetara1 (Report)
[13:39:48] [TOKENIZER]Tokenizing module: Avacont (Form)(Form) [Avacont].[Report_Open] : Tokenizing module: Avacont (Form)
[13:39:48] [TOKENIZER]Tokenizing module: mdl_Autoexec (Module)(Module) [mdl_Autoexec].[Terminare_Click] : Tokenizing module: mdl_Autoexec (Module)
[13:39:48] ✅ Time taken to complete: 19,3s
[13:39:48] ✅ BuildTreeAsync completed.
[13:56:42] === Running VBA Analyzer ===
[13:56:42] ⚠️ No ACCESS database provided! Trying local files (C:\ExportVBA)...
[13:56:42] [FILEPARSER]Started parsing.(Module) [mdl_Autoexec] : Started parsing.
[13:56:42] [FILEPARSER]Parsed successfully.(Module) [mdl_Autoexec] : Parsed successfully.
[13:56:42] [FILEPARSER]Started parsing.(Form) [Avacont] : Started parsing.
[13:56:42] [FILEPARSER]Parsed successfully.(Form) [Avacont] : Parsed successfully.
[13:56:42] [FILEPARSER]Started parsing.(Report) [FisaBugetara1] : Started parsing.
[13:56:42] [FILEPARSER]Parsed successfully.(Report) [FisaBugetara1] : Parsed successfully.
[13:56:42] [FILEPARSER]   → Total: 3 surse încărcate.(Report) [FisaBugetara1] :    → Total: 3 surse încărcate.
[13:56:42] [FILEPARSER]=== Parse Form/Report Headers ===(Report) [FisaBugetara1] : === Parse Form/Report Headers ===
[16:50:38] === Running VBA Analyzer ===
[16:50:38] ⚠️ No ACCESS database provided! Trying local files (C:\ExportVBA)...
[16:50:38] [FILEPARSER]Started parsing.(Module) [mdl_Autoexec] : Started parsing.
[16:50:38] [FILEPARSER]Parsed successfully.(Module) [mdl_Autoexec] : Parsed successfully.
[16:50:38] [FILEPARSER]Started parsing.(Form) [Avacont] : Started parsing.
[16:50:38] [FILEPARSER]Parsed successfully.(Form) [Avacont] : Parsed successfully.
[16:50:38] [FILEPARSER]Started parsing.(Report) [FisaBugetara1] : Started parsing.
[16:50:38] [FILEPARSER]Parsed successfully.(Report) [FisaBugetara1] : Parsed successfully.
[16:50:38] [FILEPARSER]   → Total: 3 surse încărcate.(Report) [FisaBugetara1] :    → Total: 3 surse încărcate.
[16:50:38] [FILEPARSER]=== Parse Form/Report Headers ===(Report) [FisaBugetara1] : === Parse Form/Report Headers ===
[16:51:21] === Running VBA Analyzer ===
[16:51:21] ⚠️ No ACCESS database provided! Trying local files (C:\ExportVBA)...
[16:51:21] [FILEPARSER]Started parsing.(Module) [mdl_Autoexec] : Started parsing.
[16:51:21] [FILEPARSER]Parsed successfully.(Module) [mdl_Autoexec] : Parsed successfully.
[16:51:21] [FILEPARSER]Started parsing.(Form) [Avacont] : Started parsing.
[16:51:21] [FILEPARSER]Parsed successfully.(Form) [Avacont] : Parsed successfully.
[16:51:21] [FILEPARSER]Started parsing.(Report) [FisaBugetara1] : Started parsing.
[16:51:21] [FILEPARSER]Parsed successfully.(Report) [FisaBugetara1] : Parsed successfully.
[16:51:21] [FILEPARSER]   → Total: 3 surse încărcate.(Report) [FisaBugetara1] :    → Total: 3 surse încărcate.
[16:51:21] [FILEPARSER]=== Parse Form/Report Headers ===(Report) [FisaBugetara1] : === Parse Form/Report Headers ===
[16:51:21] [FILEPARSER]Parsed header successfully.(Form) [Avacont]![Terminare] : Parsed header successfully.
[2025-11-05 17:01:45] ❌  -> (FisaBugetara1) PreParseCode: InvalidCastException - Conversion from string "NotDefault" to type 'Integer' is not valid.
   at PreProcessReportHeader (?:0)
   Inner: Input string was not in a correct format.
[17:01:53] [FILEPARSER]Parsed header successfully.(Report) [FisaBugetara1]![Label54] : Parsed header successfully.
[17:01:53] [FILEPARSER] parsed sucessfully.(Report) [FisaBugetara1]![Label54] :  parsed sucessfully.
[17:01:53] [CODEPARSER]Methods: 3; Declares: ; Variables: 1; Constants: 0; (Report) [FisaBugetara1].[Report_Open] : Methods: 3; Declares: ; Variables: 1; Constants: 0; 
[17:01:53] [CODEPARSER]Methods: 10; Declares: ; Variables: 5; Constants: 0; (Form) [Avacont].[Terminare_Click] : Methods: 10; Declares: ; Variables: 5; Constants: 0; 
[17:01:53] [CODEPARSER]Methods: 21; Declares: 3; Variables: 21; Constants: 1; (Module) [mdl_Autoexec].[Check_Avazip] : Methods: 21; Declares: 3; Variables: 21; Constants: 1; 
[17:01:53] [TOKENIZER]Tokenizing module: FisaBugetara1 (Report)(Report) [FisaBugetara1] : Tokenizing module: FisaBugetara1 (Report)
[17:01:53] [TOKENIZER]Tokenizing module: Avacont (Form)(Form) [Avacont].[Report_Open] : Tokenizing module: Avacont (Form)
[17:03:44] === Running VBA Analyzer ===
[17:03:44] ⚠️ No ACCESS database provided! Trying local files (C:\ExportVBA)...
[17:03:44] [FILEPARSER]Started parsing.(Module) [mdl_Autoexec] : Started parsing.
[17:03:44] [FILEPARSER]Parsed successfully.(Module) [mdl_Autoexec] : Parsed successfully.
[17:03:44] [FILEPARSER]Started parsing.(Form) [Avacont] : Started parsing.
[17:03:44] [FILEPARSER]Parsed successfully.(Form) [Avacont] : Parsed successfully.
[17:03:44] [FILEPARSER]Started parsing.(Report) [FisaBugetara1] : Started parsing.
[17:03:44] [FILEPARSER]Parsed successfully.(Report) [FisaBugetara1] : Parsed successfully.
[17:03:44] [FILEPARSER]   → Total: 3 surse încărcate.(Report) [FisaBugetara1] :    → Total: 3 surse încărcate.
[17:03:44] [FILEPARSER]=== Parse Form/Report Headers ===(Report) [FisaBugetara1] : === Parse Form/Report Headers ===
[17:03:44] [FILEPARSER]Parsed header successfully.(Form) [Avacont]![Terminare] : Parsed header successfully.
[2025-11-05 17:03:48] ❌  -> (FisaBugetara1) PreParseCode: InvalidCastException - Conversion from string "NotDefault" to type 'Integer' is not valid.
   at PreProcessReportHeader (modFileParser.vb:463)
   Inner: Input string was not in a correct format.
[17:03:48] [FILEPARSER]Parsed header successfully.(Report) [FisaBugetara1]![Label54] : Parsed header successfully.
[17:03:48] [FILEPARSER] parsed sucessfully.(Report) [FisaBugetara1]![Label54] :  parsed sucessfully.
[17:03:48] [CODEPARSER]Methods: 3; Declares: ; Variables: 1; Constants: 0; (Report) [FisaBugetara1].[Report_Open] : Methods: 3; Declares: ; Variables: 1; Constants: 0; 
[17:03:48] [CODEPARSER]Methods: 10; Declares: ; Variables: 5; Constants: 0; (Form) [Avacont].[Terminare_Click] : Methods: 10; Declares: ; Variables: 5; Constants: 0; 
[17:03:48] [CODEPARSER]Methods: 21; Declares: 3; Variables: 21; Constants: 1; (Module) [mdl_Autoexec].[Check_Avazip] : Methods: 21; Declares: 3; Variables: 21; Constants: 1; 
[17:03:48] [TOKENIZER]Tokenizing module: FisaBugetara1 (Report)(Report) [FisaBugetara1] : Tokenizing module: FisaBugetara1 (Report)
[17:03:48] [TOKENIZER]Tokenizing module: Avacont (Form)(Form) [Avacont].[Report_Open] : Tokenizing module: Avacont (Form)
[17:04:04] === Running VBA Analyzer ===
[17:04:04] ⚠️ No ACCESS database provided! Trying local files (C:\ExportVBA)...
[17:04:04] [FILEPARSER]Started parsing.(Module) [mdl_Autoexec] : Started parsing.
[17:04:04] [FILEPARSER]Parsed successfully.(Module) [mdl_Autoexec] : Parsed successfully.
[17:04:04] [FILEPARSER]Started parsing.(Form) [Avacont] : Started parsing.
[17:04:04] [FILEPARSER]Parsed successfully.(Form) [Avacont] : Parsed successfully.
[17:04:04] [FILEPARSER]Started parsing.(Report) [FisaBugetara1] : Started parsing.
[17:04:04] [FILEPARSER]Parsed successfully.(Report) [FisaBugetara1] : Parsed successfully.
[17:04:04] [FILEPARSER]   → Total: 3 surse încărcate.(Report) [FisaBugetara1] :    → Total: 3 surse încărcate.
[17:04:04] [FILEPARSER]=== Parse Form/Report Headers ===(Report) [FisaBugetara1] : === Parse Form/Report Headers ===
[17:04:31] === Running VBA Analyzer ===
[17:04:31] ⚠️ No ACCESS database provided! Trying local files (C:\ExportVBA)...
[17:04:31] [FILEPARSER]Started parsing.(Module) [mdl_Autoexec] : Started parsing.
[17:04:31] [FILEPARSER]Parsed successfully.(Module) [mdl_Autoexec] : Parsed successfully.
[17:04:31] [FILEPARSER]Started parsing.(Form) [Avacont] : Started parsing.
[17:04:31] [FILEPARSER]Parsed successfully.(Form) [Avacont] : Parsed successfully.
[17:04:31] [FILEPARSER]Started parsing.(Report) [FisaBugetara1] : Started parsing.
[17:04:31] [FILEPARSER]Parsed successfully.(Report) [FisaBugetara1] : Parsed successfully.
[17:04:31] [FILEPARSER]   → Total: 3 surse încărcate.(Report) [FisaBugetara1] :    → Total: 3 surse încărcate.
[17:04:31] [FILEPARSER]=== Parse Form/Report Headers ===(Report) [FisaBugetara1] : === Parse Form/Report Headers ===
[17:04:31] [FILEPARSER]Parsed header successfully.(Form) [Avacont]![Terminare] : Parsed header successfully.
[2025-11-05 17:04:35] ❌  -> (FisaBugetara1) PreParseCode: InvalidCastException - Conversion from string "NotDefault" to type 'Integer' is not valid.
   at PreProcessReportHeader (modFileParser.vb:463)
   Inner: Input string was not in a correct format.
[17:04:35] [FILEPARSER]Parsed header successfully.(Report) [FisaBugetara1]![Label54] : Parsed header successfully.
[17:04:35] [FILEPARSER] parsed sucessfully.(Report) [FisaBugetara1]![Label54] :  parsed sucessfully.
[17:04:36] [CODEPARSER]Methods: 3; Declares: ; Variables: 1; Constants: 0; (Report) [FisaBugetara1].[Report_Open] : Methods: 3; Declares: ; Variables: 1; Constants: 0; 
[17:04:36] [CODEPARSER]Methods: 10; Declares: ; Variables: 5; Constants: 0; (Form) [Avacont].[Terminare_Click] : Methods: 10; Declares: ; Variables: 5; Constants: 0; 
[17:04:36] [CODEPARSER]Methods: 21; Declares: 3; Variables: 21; Constants: 1; (Module) [mdl_Autoexec].[Check_Avazip] : Methods: 21; Declares: 3; Variables: 21; Constants: 1; 
[17:04:36] [TOKENIZER]Tokenizing module: FisaBugetara1 (Report)(Report) [FisaBugetara1] : Tokenizing module: FisaBugetara1 (Report)
[17:04:36] [TOKENIZER]Tokenizing module: Avacont (Form)(Form) [Avacont].[Report_Open] : Tokenizing module: Avacont (Form)
[17:04:40] === Running VBA Analyzer ===
[17:04:40] ⚠️ No ACCESS database provided! Trying local files (C:\ExportVBA)...
[17:04:40] [FILEPARSER]Started parsing.(Module) [mdl_Autoexec] : Started parsing.
[17:04:40] [FILEPARSER]Parsed successfully.(Module) [mdl_Autoexec] : Parsed successfully.
[17:04:40] [FILEPARSER]Started parsing.(Form) [Avacont] : Started parsing.
[17:04:40] [FILEPARSER]Parsed successfully.(Form) [Avacont] : Parsed successfully.
[17:04:40] [FILEPARSER]Started parsing.(Report) [FisaBugetara1] : Started parsing.
[17:04:40] [FILEPARSER]Parsed successfully.(Report) [FisaBugetara1] : Parsed successfully.
[17:04:40] [FILEPARSER]   → Total: 3 surse încărcate.(Report) [FisaBugetara1] :    → Total: 3 surse încărcate.
[17:04:40] [FILEPARSER]=== Parse Form/Report Headers ===(Report) [FisaBugetara1] : === Parse Form/Report Headers ===
[17:05:15] === Running VBA Analyzer ===
[17:05:15] ⚠️ No ACCESS database provided! Trying local files (C:\ExportVBA)...
[17:05:15] [FILEPARSER]Started parsing.(Module) [mdl_Autoexec] : Started parsing.
[17:05:15] [FILEPARSER]Parsed successfully.(Module) [mdl_Autoexec] : Parsed successfully.
[17:05:15] [FILEPARSER]Started parsing.(Form) [Avacont] : Started parsing.
[17:05:15] [FILEPARSER]Parsed successfully.(Form) [Avacont] : Parsed successfully.
[17:05:15] [FILEPARSER]Started parsing.(Report) [FisaBugetara1] : Started parsing.
[17:05:15] [FILEPARSER]Parsed successfully.(Report) [FisaBugetara1] : Parsed successfully.
[17:05:15] [FILEPARSER]   → Total: 3 surse încărcate.(Report) [FisaBugetara1] :    → Total: 3 surse încărcate.
[17:05:15] [FILEPARSER]=== Parse Form/Report Headers ===(Report) [FisaBugetara1] : === Parse Form/Report Headers ===
[17:05:29] === Running VBA Analyzer ===
[17:05:29] ⚠️ No ACCESS database provided! Trying local files (C:\ExportVBA)...
[17:05:29] [FILEPARSER]Started parsing.(Module) [mdl_Autoexec] : Started parsing.
[17:05:29] [FILEPARSER]Parsed successfully.(Module) [mdl_Autoexec] : Parsed successfully.
[17:05:29] [FILEPARSER]Started parsing.(Form) [Avacont] : Started parsing.
[17:05:29] [FILEPARSER]Parsed successfully.(Form) [Avacont] : Parsed successfully.
[17:05:29] [FILEPARSER]Started parsing.(Report) [FisaBugetara1] : Started parsing.
[17:05:29] [FILEPARSER]Parsed successfully.(Report) [FisaBugetara1] : Parsed successfully.
[17:05:29] [FILEPARSER]   → Total: 3 surse încărcate.(Report) [FisaBugetara1] :    → Total: 3 surse încărcate.
[17:05:29] [FILEPARSER]=== Parse Form/Report Headers ===(Report) [FisaBugetara1] : === Parse Form/Report Headers ===
[17:06:21] === Running VBA Analyzer ===
[17:06:21] ⚠️ No ACCESS database provided! Trying local files (C:\ExportVBA)...
[17:06:21] [FILEPARSER]Started parsing.(Module) [mdl_Autoexec] : Started parsing.
[17:06:21] [FILEPARSER]Parsed successfully.(Module) [mdl_Autoexec] : Parsed successfully.
[17:06:21] [FILEPARSER]Started parsing.(Form) [Avacont] : Started parsing.
[17:06:21] [FILEPARSER]Parsed successfully.(Form) [Avacont] : Parsed successfully.
[17:06:21] [FILEPARSER]Started parsing.(Report) [FisaBugetara1] : Started parsing.
[17:06:21] [FILEPARSER]Parsed successfully.(Report) [FisaBugetara1] : Parsed successfully.
[17:06:21] [FILEPARSER]   → Total: 3 surse încărcate.(Report) [FisaBugetara1] :    → Total: 3 surse încărcate.
[17:06:21] [FILEPARSER]=== Parse Form/Report Headers ===(Report) [FisaBugetara1] : === Parse Form/Report Headers ===
[17:07:18] === Running VBA Analyzer ===
[17:07:18] ⚠️ No ACCESS database provided! Trying local files (C:\ExportVBA)...
[17:07:18] [FILEPARSER]Started parsing.(Module) [mdl_Autoexec] : Started parsing.
[17:07:18] [FILEPARSER]Parsed successfully.(Module) [mdl_Autoexec] : Parsed successfully.
[17:07:18] [FILEPARSER]Started parsing.(Form) [Avacont] : Started parsing.
[17:07:18] [FILEPARSER]Parsed successfully.(Form) [Avacont] : Parsed successfully.
[17:07:18] [FILEPARSER]Started parsing.(Report) [FisaBugetara1] : Started parsing.
[17:07:18] [FILEPARSER]Parsed successfully.(Report) [FisaBugetara1] : Parsed successfully.
[17:07:18] [FILEPARSER]   → Total: 3 surse încărcate.(Report) [FisaBugetara1] :    → Total: 3 surse încărcate.
[17:07:18] [FILEPARSER]=== Parse Form/Report Headers ===(Report) [FisaBugetara1] : === Parse Form/Report Headers ===
[17:09:47] === Running VBA Analyzer ===
[17:09:47] ⚠️ No ACCESS database provided! Trying local files (C:\ExportVBA)...
[17:09:47] [FILEPARSER]Started parsing.(Module) [mdl_Autoexec] : Started parsing.
[17:09:47] [FILEPARSER]Parsed successfully.(Module) [mdl_Autoexec] : Parsed successfully.
[17:09:47] [FILEPARSER]Started parsing.(Form) [Avacont] : Started parsing.
[17:09:47] [FILEPARSER]Parsed successfully.(Form) [Avacont] : Parsed successfully.
[17:09:47] [FILEPARSER]Started parsing.(Report) [FisaBugetara1] : Started parsing.
[17:09:47] [FILEPARSER]Parsed successfully.(Report) [FisaBugetara1] : Parsed successfully.
[17:09:47] [FILEPARSER]   → Total: 3 surse încărcate.(Report) [FisaBugetara1] :    → Total: 3 surse încărcate.
[17:09:47] [FILEPARSER]=== Parse Form/Report Headers ===(Report) [FisaBugetara1] : === Parse Form/Report Headers ===
[17:17:29] === Running VBA Analyzer ===
[17:17:29] ⚠️ No ACCESS database provided! Trying local files (C:\ExportVBA)...
[17:17:29] [FILEPARSER]Started parsing.(Module) [mdl_Autoexec] : Started parsing.
[17:17:29] [FILEPARSER]Parsed successfully.(Module) [mdl_Autoexec] : Parsed successfully.
[17:17:29] [FILEPARSER]Started parsing.(Form) [Avacont] : Started parsing.
[17:17:29] [FILEPARSER]Parsed successfully.(Form) [Avacont] : Parsed successfully.
[17:17:29] [FILEPARSER]Started parsing.(Report) [FisaBugetara1] : Started parsing.
[17:17:29] [FILEPARSER]Parsed successfully.(Report) [FisaBugetara1] : Parsed successfully.
[17:17:29] [FILEPARSER]   → Total: 3 surse încărcate.(Report) [FisaBugetara1] :    → Total: 3 surse încărcate.
[17:17:29] [FILEPARSER]=== Parse Form/Report Headers ===(Report) [FisaBugetara1] : === Parse Form/Report Headers ===
[18:31:40] === Running VBA Analyzer ===
[18:31:40] ⚠️ No ACCESS database provided! Trying local files (C:\ExportVBA)...
[18:31:40] [FILEPARSER]Started parsing.(Module) [mdl_Autoexec] : Started parsing.
[18:31:40] [FILEPARSER]Parsed successfully.(Module) [mdl_Autoexec] : Parsed successfully.
[18:31:40] [FILEPARSER]Started parsing.(Form) [Avacont] : Started parsing.
[18:31:40] [FILEPARSER]Parsed successfully.(Form) [Avacont] : Parsed successfully.
[18:31:40] [FILEPARSER]Started parsing.(Report) [FisaBugetara1] : Started parsing.
[18:31:40] [FILEPARSER]Parsed successfully.(Report) [FisaBugetara1] : Parsed successfully.
[18:31:40] [FILEPARSER]   → Total: 3 surse încărcate.(Report) [FisaBugetara1] :    → Total: 3 surse încărcate.
[18:31:40] [FILEPARSER]=== Parse Form/Report Headers ===(Report) [FisaBugetara1] : === Parse Form/Report Headers ===
[19:01:55] === Running VBA Analyzer ===
[19:01:55] ⚠️ No ACCESS database provided! Trying local files (C:\ExportVBA)...
[19:01:55] [FILEPARSER]Started parsing.(Module) [mdl_Autoexec] : Started parsing.
[19:01:55] [FILEPARSER]Parsed successfully.(Module) [mdl_Autoexec] : Parsed successfully.
[19:01:55] [FILEPARSER]Started parsing.(Form) [Avacont] : Started parsing.
[19:01:55] [FILEPARSER]Parsed successfully.(Form) [Avacont] : Parsed successfully.
[19:01:55] [FILEPARSER]Started parsing.(Report) [FisaBugetara1] : Started parsing.
[19:01:55] [FILEPARSER]Parsed successfully.(Report) [FisaBugetara1] : Parsed successfully.
[19:01:55] [FILEPARSER]   → Total: 3 surse încărcate.(Report) [FisaBugetara1] :    → Total: 3 surse încărcate.
[19:01:55] [FILEPARSER]=== Parse Form/Report Headers ===(Report) [FisaBugetara1] : === Parse Form/Report Headers ===
[19:08:18] === Running VBA Analyzer ===
[19:08:18] ⚠️ No ACCESS database provided! Trying local files (C:\ExportVBA)...
[19:08:19] [FILEPARSER]Started parsing.(Module) [mdl_Autoexec] : Started parsing.
[19:08:19] [FILEPARSER]Parsed successfully.(Module) [mdl_Autoexec] : Parsed successfully.
[19:08:19] [FILEPARSER]Started parsing.(Form) [Avacont] : Started parsing.
[19:08:19] [FILEPARSER]Parsed successfully.(Form) [Avacont] : Parsed successfully.
[19:08:19] [FILEPARSER]Started parsing.(Report) [FisaBugetara1] : Started parsing.
[19:08:19] [FILEPARSER]Parsed successfully.(Report) [FisaBugetara1] : Parsed successfully.
[19:08:19] [FILEPARSER]   → Total: 3 surse încărcate.(Report) [FisaBugetara1] :    → Total: 3 surse încărcate.
[19:08:19] [FILEPARSER]=== Parse Form/Report Headers ===(Report) [FisaBugetara1] : === Parse Form/Report Headers ===
[19:08:48] === Running VBA Analyzer ===
[19:08:48] ⚠️ No ACCESS database provided! Trying local files (C:\ExportVBA)...
[19:08:48] [FILEPARSER]Started parsing.(Module) [mdl_Autoexec] : Started parsing.
[19:08:48] [FILEPARSER]Parsed successfully.(Module) [mdl_Autoexec] : Parsed successfully.
[19:08:48] [FILEPARSER]Started parsing.(Form) [Avacont] : Started parsing.
[19:08:48] [FILEPARSER]Parsed successfully.(Form) [Avacont] : Parsed successfully.
[19:08:48] [FILEPARSER]Started parsing.(Report) [FisaBugetara1] : Started parsing.
[19:08:48] [FILEPARSER]Parsed successfully.(Report) [FisaBugetara1] : Parsed successfully.
[19:08:48] [FILEPARSER]   → Total: 3 surse încărcate.(Report) [FisaBugetara1] :    → Total: 3 surse încărcate.
[19:08:48] [FILEPARSER]=== Parse Form/Report Headers ===(Report) [FisaBugetara1] : === Parse Form/Report Headers ===
[19:10:25] === Running VBA Analyzer ===
[19:10:25] ⚠️ No ACCESS database provided! Trying local files (C:\ExportVBA)...
[19:10:25] [FILEPARSER]Started parsing.(Module) [mdl_Autoexec] : Started parsing.
[19:10:25] [FILEPARSER]Parsed successfully.(Module) [mdl_Autoexec] : Parsed successfully.
[19:10:25] [FILEPARSER]Started parsing.(Form) [Avacont] : Started parsing.
[19:10:25] [FILEPARSER]Parsed successfully.(Form) [Avacont] : Parsed successfully.
[19:10:25] [FILEPARSER]Started parsing.(Report) [FisaBugetara1] : Started parsing.
[19:10:25] [FILEPARSER]Parsed successfully.(Report) [FisaBugetara1] : Parsed successfully.
[19:10:25] [FILEPARSER]   → Total: 3 surse încărcate.(Report) [FisaBugetara1] :    → Total: 3 surse încărcate.
[19:10:25] [FILEPARSER]=== Parse Form/Report Headers ===(Report) [FisaBugetara1] : === Parse Form/Report Headers ===
[19:37:52] === Running VBA Analyzer ===
[19:37:52] ⚠️ No ACCESS database provided! Trying local files (C:\ExportVBA)...
[19:37:52] [FILEPARSER]Started parsing.(Module) [mdl_Autoexec] : Started parsing.
[19:37:52] [FILEPARSER]Parsed successfully.(Module) [mdl_Autoexec] : Parsed successfully.
[19:37:52] [FILEPARSER]Started parsing.(Form) [Avacont] : Started parsing.
[19:37:52] [FILEPARSER]Parsed successfully.(Form) [Avacont] : Parsed successfully.
[19:37:52] [FILEPARSER]Started parsing.(Report) [FisaBugetara1] : Started parsing.
[19:37:52] [FILEPARSER]Parsed successfully.(Report) [FisaBugetara1] : Parsed successfully.
[19:37:52] [FILEPARSER]   → Total: 3 surse încărcate.(Report) [FisaBugetara1] :    → Total: 3 surse încărcate.
[19:37:52] [FILEPARSER]=== Parse Form/Report Headers ===(Report) [FisaBugetara1] : === Parse Form/Report Headers ===
[19:40:42] === Running VBA Analyzer ===
[19:40:42] ⚠️ No ACCESS database provided! Trying local files (C:\ExportVBA)...
[19:40:42] [FILEPARSER]Started parsing.(Module) [mdl_Autoexec] : Started parsing.
[19:40:42] [FILEPARSER]Parsed successfully.(Module) [mdl_Autoexec] : Parsed successfully.
[19:40:42] [FILEPARSER]Started parsing.(Form) [Avacont] : Started parsing.
[19:40:42] [FILEPARSER]Parsed successfully.(Form) [Avacont] : Parsed successfully.
[19:40:42] [FILEPARSER]Started parsing.(Report) [FisaBugetara1] : Started parsing.
[19:40:42] [FILEPARSER]Parsed successfully.(Report) [FisaBugetara1] : Parsed successfully.
[19:40:42] [FILEPARSER]   → Total: 3 surse încărcate.(Report) [FisaBugetara1] :    → Total: 3 surse încărcate.
[19:40:42] [FILEPARSER]=== Parse Form/Report Headers ===(Report) [FisaBugetara1] : === Parse Form/Report Headers ===
[19:42:35] === Running VBA Analyzer ===
[19:42:35] ⚠️ No ACCESS database provided! Trying local files (C:\ExportVBA)...
[19:42:35] [FILEPARSER]Started parsing.(Module) [mdl_Autoexec] : Started parsing.
[19:42:35] [FILEPARSER]Parsed successfully.(Module) [mdl_Autoexec] : Parsed successfully.
[19:42:35] [FILEPARSER]Started parsing.(Form) [Avacont] : Started parsing.
[19:42:35] [FILEPARSER]Parsed successfully.(Form) [Avacont] : Parsed successfully.
[19:42:35] [FILEPARSER]Started parsing.(Report) [FisaBugetara1] : Started parsing.
[19:42:35] [FILEPARSER]Parsed successfully.(Report) [FisaBugetara1] : Parsed successfully.
[19:42:35] [FILEPARSER]   → Total: 3 surse încărcate.(Report) [FisaBugetara1] :    → Total: 3 surse încărcate.
[19:42:35] [FILEPARSER]=== Parse Form/Report Headers ===(Report) [FisaBugetara1] : === Parse Form/Report Headers ===
[19:49:39] === Running VBA Analyzer ===
[19:49:39] ⚠️ No ACCESS database provided! Trying local files (C:\ExportVBA)...
[19:49:39] [FILEPARSER]Started parsing.(Module) [mdl_Autoexec] : Started parsing.
[19:49:39] [FILEPARSER]Parsed successfully.(Module) [mdl_Autoexec] : Parsed successfully.
[19:49:39] [FILEPARSER]Started parsing.(Form) [Avacont] : Started parsing.
[19:49:39] [FILEPARSER]Parsed successfully.(Form) [Avacont] : Parsed successfully.
[19:49:39] [FILEPARSER]Started parsing.(Report) [FisaBugetara1] : Started parsing.
[19:49:39] [FILEPARSER]Parsed successfully.(Report) [FisaBugetara1] : Parsed successfully.
[19:49:39] [FILEPARSER]   → Total: 3 surse încărcate.(Report) [FisaBugetara1] :    → Total: 3 surse încărcate.
[19:49:39] [FILEPARSER]=== Parse Form/Report Headers ===(Report) [FisaBugetara1] : === Parse Form/Report Headers ===
[20:20:57] === Running VBA Analyzer ===
[20:20:57] ⚠️ No ACCESS database provided! Trying local files (C:\ExportVBA)...
[20:20:57] [FILEPARSER]Started parsing.(Module) [mdl_Autoexec] : Started parsing.
[20:20:57] [FILEPARSER]Parsed successfully.(Module) [mdl_Autoexec] : Parsed successfully.
[20:20:57] [FILEPARSER]Started parsing.(Form) [Avacont] : Started parsing.
[20:20:57] [FILEPARSER]Parsed successfully.(Form) [Avacont] : Parsed successfully.
[20:20:57] [FILEPARSER]Started parsing.(Report) [FisaBugetara1] : Started parsing.
[20:20:57] [FILEPARSER]Parsed successfully.(Report) [FisaBugetara1] : Parsed successfully.
[20:20:57] [FILEPARSER]   → Total: 3 surse încărcate.(Report) [FisaBugetara1] :    → Total: 3 surse încărcate.
[20:20:57] [FILEPARSER]=== Parse Form/Report Headers ===(Report) [FisaBugetara1] : === Parse Form/Report Headers ===
[20:24:00] === Running VBA Analyzer ===
[20:24:01] ⚠️ No ACCESS database provided! Trying local files (C:\ExportVBA)...
[20:24:01] [FILEPARSER]Started parsing.(Module) [mdl_Autoexec] : Started parsing.
[20:24:01] [FILEPARSER]Parsed successfully.(Module) [mdl_Autoexec] : Parsed successfully.
[20:24:01] [FILEPARSER]Started parsing.(Form) [Avacont] : Started parsing.
[20:24:01] [FILEPARSER]Parsed successfully.(Form) [Avacont] : Parsed successfully.
[20:24:01] [FILEPARSER]Started parsing.(Report) [FisaBugetara1] : Started parsing.
[20:24:01] [FILEPARSER]Parsed successfully.(Report) [FisaBugetara1] : Parsed successfully.
[20:24:01] [FILEPARSER]   → Total: 3 surse încărcate.(Report) [FisaBugetara1] :    → Total: 3 surse încărcate.
[20:24:01] [FILEPARSER]=== Parse Form/Report Headers ===(Report) [FisaBugetara1] : === Parse Form/Report Headers ===
[21:07:53] === Running VBA Analyzer ===
[21:07:53] ⚠️ No ACCESS database provided! Trying local files (C:\ExportVBA)...
[21:07:53] [FILEPARSER]Started parsing.(Module) [mdl_Autoexec] : Started parsing.
[21:07:53] [FILEPARSER]Parsed successfully.(Module) [mdl_Autoexec] : Parsed successfully.
[21:07:53] [FILEPARSER]Started parsing.(Form) [Avacont] : Started parsing.
[21:07:53] [FILEPARSER]Parsed successfully.(Form) [Avacont] : Parsed successfully.
[21:07:53] [FILEPARSER]Started parsing.(Report) [FisaBugetara1] : Started parsing.
[21:07:53] [FILEPARSER]Parsed successfully.(Report) [FisaBugetara1] : Parsed successfully.
[21:07:53] [FILEPARSER]   → Total: 3 surse încărcate.(Report) [FisaBugetara1] :    → Total: 3 surse încărcate.
[21:07:53] [FILEPARSER]=== Parse Form/Report Headers ===(Report) [FisaBugetara1] : === Parse Form/Report Headers ===
[21:12:22] === Running VBA Analyzer ===
[21:12:22] ⚠️ No ACCESS database provided! Trying local files (C:\ExportVBA)...
[21:12:22] [FILEPARSER]Started parsing.(Module) [mdl_Autoexec] : Started parsing.
[21:12:22] [FILEPARSER]Parsed successfully.(Module) [mdl_Autoexec] : Parsed successfully.
[21:12:22] [FILEPARSER]Started parsing.(Form) [Avacont] : Started parsing.
[21:12:22] [FILEPARSER]Parsed successfully.(Form) [Avacont] : Parsed successfully.
[21:12:22] [FILEPARSER]Started parsing.(Report) [FisaBugetara1] : Started parsing.
[21:12:22] [FILEPARSER]Parsed successfully.(Report) [FisaBugetara1] : Parsed successfully.
[21:12:22] [FILEPARSER]   → Total: 3 surse încărcate.(Report) [FisaBugetara1] :    → Total: 3 surse încărcate.
[21:12:22] [FILEPARSER]=== Parse Form/Report Headers ===(Report) [FisaBugetara1] : === Parse Form/Report Headers ===
[21:17:19] === Running VBA Analyzer ===
[21:17:20] ⚠️ No ACCESS database provided! Trying local files (C:\ExportVBA)...
[21:17:20] [FILEPARSER]Started parsing.(Module) [mdl_Autoexec] : Started parsing.
[21:17:20] [FILEPARSER]Parsed successfully.(Module) [mdl_Autoexec] : Parsed successfully.
[21:17:20] [FILEPARSER]Started parsing.(Form) [Avacont] : Started parsing.
[21:17:20] [FILEPARSER]Parsed successfully.(Form) [Avacont] : Parsed successfully.
[21:17:20] [FILEPARSER]Started parsing.(Report) [FisaBugetara1] : Started parsing.
[21:17:20] [FILEPARSER]Parsed successfully.(Report) [FisaBugetara1] : Parsed successfully.
[21:17:20] [FILEPARSER]   → Total: 3 surse încărcate.(Report) [FisaBugetara1] :    → Total: 3 surse încărcate.
[21:17:20] [FILEPARSER]=== Parse Form/Report Headers ===(Report) [FisaBugetara1] : === Parse Form/Report Headers ===
[21:20:21] === Running VBA Analyzer ===
[21:20:21] ⚠️ No ACCESS database provided! Trying local files (C:\ExportVBA)...
[21:20:21] [FILEPARSER]Started parsing.(Module) [mdl_Autoexec] : Started parsing.
[21:20:21] [FILEPARSER]Parsed successfully.(Module) [mdl_Autoexec] : Parsed successfully.
[21:20:21] [FILEPARSER]Started parsing.(Form) [Avacont] : Started parsing.
[21:20:21] [FILEPARSER]Parsed successfully.(Form) [Avacont] : Parsed successfully.
[21:20:21] [FILEPARSER]Started parsing.(Report) [FisaBugetara1] : Started parsing.
[21:20:21] [FILEPARSER]Parsed successfully.(Report) [FisaBugetara1] : Parsed successfully.
[21:20:21] [FILEPARSER]   → Total: 3 surse încărcate.(Report) [FisaBugetara1] :    → Total: 3 surse încărcate.
[21:20:21] [FILEPARSER]=== Parse Form/Report Headers ===(Report) [FisaBugetara1] : === Parse Form/Report Headers ===
[21:33:40] === Running VBA Analyzer ===
[21:33:40] ⚠️ No ACCESS database provided! Trying local files (C:\ExportVBA)...
[21:33:40] [FILEPARSER]Started parsing.(Module) [mdl_Autoexec] : Started parsing.
[21:33:40] [FILEPARSER]Parsed successfully.(Module) [mdl_Autoexec] : Parsed successfully.
[21:33:40] [FILEPARSER]Started parsing.(Form) [Avacont] : Started parsing.
[21:33:40] [FILEPARSER]Parsed successfully.(Form) [Avacont] : Parsed successfully.
[21:33:40] [FILEPARSER]Started parsing.(Report) [FisaBugetara1] : Started parsing.
[21:33:40] [FILEPARSER]Parsed successfully.(Report) [FisaBugetara1] : Parsed successfully.
[21:33:40] [FILEPARSER]   → Total: 3 surse încărcate.(Report) [FisaBugetara1] :    → Total: 3 surse încărcate.
[21:33:40] [FILEPARSER]=== Parse Form/Report Headers ===(Report) [FisaBugetara1] : === Parse Form/Report Headers ===
[21:36:59] === Running VBA Analyzer ===
[21:36:59] ⚠️ No ACCESS database provided! Trying local files (C:\ExportVBA)...
[21:36:59] [FILEPARSER]Started parsing.(Module) [mdl_Autoexec] : Started parsing.
[21:36:59] [FILEPARSER]Parsed successfully.(Module) [mdl_Autoexec] : Parsed successfully.
[21:36:59] [FILEPARSER]Started parsing.(Form) [Avacont] : Started parsing.
[21:36:59] [FILEPARSER]Parsed successfully.(Form) [Avacont] : Parsed successfully.
[21:36:59] [FILEPARSER]Started parsing.(Report) [FisaBugetara1] : Started parsing.
[21:36:59] [FILEPARSER]Parsed successfully.(Report) [FisaBugetara1] : Parsed successfully.
[21:36:59] [FILEPARSER]   → Total: 3 surse încărcate.(Report) [FisaBugetara1] :    → Total: 3 surse încărcate.
[21:36:59] [FILEPARSER]=== Parse Form/Report Headers ===(Report) [FisaBugetara1] : === Parse Form/Report Headers ===
[21:40:58] === Running VBA Analyzer ===
[21:40:58] ⚠️ No ACCESS database provided! Trying local files (C:\ExportVBA)...
[21:40:58] [FILEPARSER]Started parsing.(Module) [mdl_Autoexec] : Started parsing.
[21:40:58] [FILEPARSER]Parsed successfully.(Module) [mdl_Autoexec] : Parsed successfully.
[21:40:58] [FILEPARSER]Started parsing.(Form) [Avacont] : Started parsing.
[21:40:58] [FILEPARSER]Parsed successfully.(Form) [Avacont] : Parsed successfully.
[21:40:58] [FILEPARSER]Started parsing.(Report) [FisaBugetara1] : Started parsing.
[21:40:58] [FILEPARSER]Parsed successfully.(Report) [FisaBugetara1] : Parsed successfully.
[21:40:58] [FILEPARSER]   → Total: 3 surse încărcate.(Report) [FisaBugetara1] :    → Total: 3 surse încărcate.
[21:40:58] [FILEPARSER]=== Parse Form/Report Headers ===(Report) [FisaBugetara1] : === Parse Form/Report Headers ===
[21:48:28] === Running VBA Analyzer ===
[21:48:28] ⚠️ No ACCESS database provided! Trying local files (C:\ExportVBA)...
[21:48:28] [FILEPARSER]Started parsing.(Module) [mdl_Autoexec] : Started parsing.
[21:48:28] [FILEPARSER]Parsed successfully.(Module) [mdl_Autoexec] : Parsed successfully.
[21:48:28] [FILEPARSER]Started parsing.(Form) [Avacont] : Started parsing.
[21:48:28] [FILEPARSER]Parsed successfully.(Form) [Avacont] : Parsed successfully.
[21:48:28] [FILEPARSER]Started parsing.(Report) [FisaBugetara1] : Started parsing.
[21:48:28] [FILEPARSER]Parsed successfully.(Report) [FisaBugetara1] : Parsed successfully.
[21:48:28] [FILEPARSER]   → Total: 3 surse încărcate.(Report) [FisaBugetara1] :    → Total: 3 surse încărcate.
[21:48:28] [FILEPARSER]=== Parse Form/Report Headers ===(Report) [FisaBugetara1] : === Parse Form/Report Headers ===
[21:49:12] === Running VBA Analyzer ===
[21:49:12] ⚠️ No ACCESS database provided! Trying local files (C:\ExportVBA)...
[21:49:12] [FILEPARSER]Started parsing.(Module) [mdl_Autoexec] : Started parsing.
[21:49:12] [FILEPARSER]Parsed successfully.(Module) [mdl_Autoexec] : Parsed successfully.
[21:49:12] [FILEPARSER]Started parsing.(Form) [Avacont] : Started parsing.
[21:49:12] [FILEPARSER]Parsed successfully.(Form) [Avacont] : Parsed successfully.
[21:49:12] [FILEPARSER]Started parsing.(Report) [FisaBugetara1] : Started parsing.
[21:49:12] [FILEPARSER]Parsed successfully.(Report) [FisaBugetara1] : Parsed successfully.
[21:49:12] [FILEPARSER]   → Total: 3 surse încărcate.(Report) [FisaBugetara1] :    → Total: 3 surse încărcate.
[21:49:12] [FILEPARSER]=== Parse Form/Report Headers ===(Report) [FisaBugetara1] : === Parse Form/Report Headers ===
[21:57:03] === Running VBA Analyzer ===
[21:57:03] ⚠️ No ACCESS database provided! Trying local files (C:\ExportVBA)...
[21:57:03] [FILEPARSER]Started parsing.(Module) [mdl_Autoexec] : Started parsing.
[21:57:04] [FILEPARSER]Parsed successfully.(Module) [mdl_Autoexec] : Parsed successfully.
[21:57:04] [FILEPARSER]Started parsing.(Form) [Avacont] : Started parsing.
[21:57:04] [FILEPARSER]Parsed successfully.(Form) [Avacont] : Parsed successfully.
[21:57:04] [FILEPARSER]Started parsing.(Report) [FisaBugetara1] : Started parsing.
[21:57:04] [FILEPARSER]Parsed successfully.(Report) [FisaBugetara1] : Parsed successfully.
[21:57:04] [FILEPARSER]   → Total: 3 surse încărcate.(Report) [FisaBugetara1] :    → Total: 3 surse încărcate.
[21:57:04] [FILEPARSER]=== Parse Form/Report Headers ===(Report) [FisaBugetara1] : === Parse Form/Report Headers ===
[22:07:59] === Running VBA Analyzer ===
[22:07:59] ⚠️ No ACCESS database provided! Trying local files (C:\ExportVBA)...
[22:07:59] [FILEPARSER]Started parsing.(Module) [mdl_Autoexec] : Started parsing.
[22:07:59] [FILEPARSER]Parsed successfully.(Module) [mdl_Autoexec] : Parsed successfully.
[22:07:59] [FILEPARSER]Started parsing.(Form) [Avacont] : Started parsing.
[22:07:59] [FILEPARSER]Parsed successfully.(Form) [Avacont] : Parsed successfully.
[22:07:59] [FILEPARSER]Started parsing.(Report) [FisaBugetara1] : Started parsing.
[22:07:59] [FILEPARSER]Parsed successfully.(Report) [FisaBugetara1] : Parsed successfully.
[22:07:59] [FILEPARSER]   → Total: 3 surse încărcate.(Report) [FisaBugetara1] :    → Total: 3 surse încărcate.
[22:07:59] [FILEPARSER]=== Parse Form/Report Headers ===(Report) [FisaBugetara1] : === Parse Form/Report Headers ===
[22:11:24] === Running VBA Analyzer ===
[22:11:24] ⚠️ No ACCESS database provided! Trying local files (C:\ExportVBA)...
[22:11:24] [FILEPARSER]Started parsing.(Module) [mdl_Autoexec] : Started parsing.
[22:11:24] [FILEPARSER]Parsed successfully.(Module) [mdl_Autoexec] : Parsed successfully.
[22:11:24] [FILEPARSER]Started parsing.(Form) [Avacont] : Started parsing.
[22:11:24] [FILEPARSER]Parsed successfully.(Form) [Avacont] : Parsed successfully.
[22:11:24] [FILEPARSER]Started parsing.(Report) [FisaBugetara1] : Started parsing.
[22:11:24] [FILEPARSER]Parsed successfully.(Report) [FisaBugetara1] : Parsed successfully.
[22:11:24] [FILEPARSER]   → Total: 3 surse încărcate.(Report) [FisaBugetara1] :    → Total: 3 surse încărcate.
[22:11:24] [FILEPARSER]=== Parse Form/Report Headers ===(Report) [FisaBugetara1] : === Parse Form/Report Headers ===
[22:13:33] === Running VBA Analyzer ===
[22:13:33] ⚠️ No ACCESS database provided! Trying local files (C:\ExportVBA)...
[22:13:33] [FILEPARSER]Started parsing.(Module) [mdl_Autoexec] : Started parsing.
[22:13:33] [FILEPARSER]Parsed successfully.(Module) [mdl_Autoexec] : Parsed successfully.
[22:13:33] [FILEPARSER]Started parsing.(Form) [Avacont] : Started parsing.
[22:13:33] [FILEPARSER]Parsed successfully.(Form) [Avacont] : Parsed successfully.
[22:13:33] [FILEPARSER]Started parsing.(Report) [FisaBugetara1] : Started parsing.
[22:13:33] [FILEPARSER]Parsed successfully.(Report) [FisaBugetara1] : Parsed successfully.
[22:13:33] [FILEPARSER]   → Total: 3 surse încărcate.(Report) [FisaBugetara1] :    → Total: 3 surse încărcate.
[22:13:33] [FILEPARSER]=== Parse Form/Report Headers ===(Report) [FisaBugetara1] : === Parse Form/Report Headers ===
[22:18:44] === Running VBA Analyzer ===
[22:18:45] ⚠️ No ACCESS database provided! Trying local files (C:\ExportVBA)...
[22:18:45] [FILEPARSER]Started parsing.(Module) [mdl_Autoexec] : Started parsing.
[22:18:45] [FILEPARSER]Parsed successfully.(Module) [mdl_Autoexec] : Parsed successfully.
[22:18:45] [FILEPARSER]Started parsing.(Form) [Avacont] : Started parsing.
[22:18:45] [FILEPARSER]Parsed successfully.(Form) [Avacont] : Parsed successfully.
[22:18:45] [FILEPARSER]Started parsing.(Report) [FisaBugetara1] : Started parsing.
[22:18:45] [FILEPARSER]Parsed successfully.(Report) [FisaBugetara1] : Parsed successfully.
[22:18:45] [FILEPARSER]   → Total: 3 surse încărcate.(Report) [FisaBugetara1] :    → Total: 3 surse încărcate.
[22:18:45] [FILEPARSER]=== Parse Form/Report Headers ===(Report) [FisaBugetara1] : === Parse Form/Report Headers ===
[22:19:07] === Running VBA Analyzer ===
[22:19:07] ⚠️ No ACCESS database provided! Trying local files (C:\ExportVBA)...
[22:19:07] [FILEPARSER]Started parsing.(Module) [mdl_Autoexec] : Started parsing.
[22:19:07] [FILEPARSER]Parsed successfully.(Module) [mdl_Autoexec] : Parsed successfully.
[22:19:07] [FILEPARSER]Started parsing.(Form) [Avacont] : Started parsing.
[22:19:07] [FILEPARSER]Parsed successfully.(Form) [Avacont] : Parsed successfully.
[22:19:07] [FILEPARSER]Started parsing.(Report) [FisaBugetara1] : Started parsing.
[22:19:07] [FILEPARSER]Parsed successfully.(Report) [FisaBugetara1] : Parsed successfully.
[22:19:07] [FILEPARSER]   → Total: 3 surse încărcate.(Report) [FisaBugetara1] :    → Total: 3 surse încărcate.
[22:19:07] [FILEPARSER]=== Parse Form/Report Headers ===(Report) [FisaBugetara1] : === Parse Form/Report Headers ===
[22:20:24] === Running VBA Analyzer ===
[22:20:24] ⚠️ No ACCESS database provided! Trying local files (C:\ExportVBA)...
[22:20:24] [FILEPARSER]Started parsing.(Module) [mdl_Autoexec] : Started parsing.
[22:20:24] [FILEPARSER]Parsed successfully.(Module) [mdl_Autoexec] : Parsed successfully.
[22:20:24] [FILEPARSER]Started parsing.(Form) [Avacont] : Started parsing.
[22:20:24] [FILEPARSER]Parsed successfully.(Form) [Avacont] : Parsed successfully.
[22:20:24] [FILEPARSER]Started parsing.(Report) [FisaBugetara1] : Started parsing.
[22:20:24] [FILEPARSER]Parsed successfully.(Report) [FisaBugetara1] : Parsed successfully.
[22:20:24] [FILEPARSER]   → Total: 3 surse încărcate.(Report) [FisaBugetara1] :    → Total: 3 surse încărcate.
[22:20:24] [FILEPARSER]=== Parse Form/Report Headers ===(Report) [FisaBugetara1] : === Parse Form/Report Headers ===
[22:30:48] === Running VBA Analyzer ===
[22:30:48] ⚠️ No ACCESS database provided! Trying local files (C:\ExportVBA)...
[22:30:48] [FILEPARSER]Started parsing.(Module) [mdl_Autoexec] : Started parsing.
[22:30:48] [FILEPARSER]Parsed successfully.(Module) [mdl_Autoexec] : Parsed successfully.
[22:30:48] [FILEPARSER]Started parsing.(Form) [Avacont] : Started parsing.
[22:30:48] [FILEPARSER]Parsed successfully.(Form) [Avacont] : Parsed successfully.
[22:30:48] [FILEPARSER]Started parsing.(Report) [FisaBugetara1] : Started parsing.
[22:30:48] [FILEPARSER]Parsed successfully.(Report) [FisaBugetara1] : Parsed successfully.
[22:30:48] [FILEPARSER]   → Total: 3 surse încărcate.(Report) [FisaBugetara1] :    → Total: 3 surse încărcate.
[22:30:48] [FILEPARSER]=== Parse Form/Report Headers ===(Report) [FisaBugetara1] : === Parse Form/Report Headers ===
[22:32:07] === Running VBA Analyzer ===
[22:32:07] ⚠️ No ACCESS database provided! Trying local files (C:\ExportVBA)...
[22:32:07] [FILEPARSER]Started parsing.(Module) [mdl_Autoexec] : Started parsing.
[22:32:07] [FILEPARSER]Parsed successfully.(Module) [mdl_Autoexec] : Parsed successfully.
[22:32:07] [FILEPARSER]Started parsing.(Form) [Avacont] : Started parsing.
[22:32:07] [FILEPARSER]Parsed successfully.(Form) [Avacont] : Parsed successfully.
[22:32:07] [FILEPARSER]Started parsing.(Report) [FisaBugetara1] : Started parsing.
[22:32:07] [FILEPARSER]Parsed successfully.(Report) [FisaBugetara1] : Parsed successfully.
[22:32:07] [FILEPARSER]   → Total: 3 surse încărcate.(Report) [FisaBugetara1] :    → Total: 3 surse încărcate.
[22:32:07] [FILEPARSER]=== Parse Form/Report Headers ===(Report) [FisaBugetara1] : === Parse Form/Report Headers ===
[22:36:38] === Running VBA Analyzer ===
[22:36:38] ⚠️ No ACCESS database provided! Trying local files (C:\ExportVBA)...
[22:36:38] [FILEPARSER]Started parsing.(Module) [mdl_Autoexec] : Started parsing.
[22:36:38] [FILEPARSER]Parsed successfully.(Module) [mdl_Autoexec] : Parsed successfully.
[22:36:38] [FILEPARSER]Started parsing.(Form) [Avacont] : Started parsing.
[22:36:38] [FILEPARSER]Parsed successfully.(Form) [Avacont] : Parsed successfully.
[22:36:38] [FILEPARSER]Started parsing.(Report) [FisaBugetara1] : Started parsing.
[22:36:38] [FILEPARSER]Parsed successfully.(Report) [FisaBugetara1] : Parsed successfully.
[22:36:38] [FILEPARSER]   → Total: 3 surse încărcate.(Report) [FisaBugetara1] :    → Total: 3 surse încărcate.
[22:36:38] [FILEPARSER]=== Parse Form/Report Headers ===(Report) [FisaBugetara1] : === Parse Form/Report Headers ===
[22:40:56] === Running VBA Analyzer ===
[22:40:56] ⚠️ No ACCESS database provided! Trying local files (C:\ExportVBA)...
[22:40:56] [FILEPARSER]Started parsing.(Module) [mdl_Autoexec] : Started parsing.
[22:40:56] [FILEPARSER]Parsed successfully.(Module) [mdl_Autoexec] : Parsed successfully.
[22:40:56] [FILEPARSER]Started parsing.(Form) [Avacont] : Started parsing.
[22:40:56] [FILEPARSER]Parsed successfully.(Form) [Avacont] : Parsed successfully.
[22:40:56] [FILEPARSER]Started parsing.(Report) [FisaBugetara1] : Started parsing.
[22:40:56] [FILEPARSER]Parsed successfully.(Report) [FisaBugetara1] : Parsed successfully.
[22:40:56] [FILEPARSER]   → Total: 3 surse încărcate.(Report) [FisaBugetara1] :    → Total: 3 surse încărcate.
[22:40:56] [FILEPARSER]=== Parse Form/Report Headers ===(Report) [FisaBugetara1] : === Parse Form/Report Headers ===
[22:45:37] === Running VBA Analyzer ===
[22:45:37] ⚠️ No ACCESS database provided! Trying local files (C:\ExportVBA)...
[22:45:37] [FILEPARSER]Started parsing.(Module) [mdl_Autoexec] : Started parsing.
[22:45:37] [FILEPARSER]Parsed successfully.(Module) [mdl_Autoexec] : Parsed successfully.
[22:45:37] [FILEPARSER]Started parsing.(Form) [Avacont] : Started parsing.
[22:45:37] [FILEPARSER]Parsed successfully.(Form) [Avacont] : Parsed successfully.
[22:45:37] [FILEPARSER]Started parsing.(Report) [FisaBugetara1] : Started parsing.
[22:45:37] [FILEPARSER]Parsed successfully.(Report) [FisaBugetara1] : Parsed successfully.
[22:45:37] [FILEPARSER]   → Total: 3 surse încărcate.(Report) [FisaBugetara1] :    → Total: 3 surse încărcate.
[22:45:37] [FILEPARSER]=== Parse Form/Report Headers ===(Report) [FisaBugetara1] : === Parse Form/Report Headers ===
[22:48:43] === Running VBA Analyzer ===
[22:48:44] ⚠️ No ACCESS database provided! Trying local files (C:\ExportVBA)...
[22:48:44] [FILEPARSER]Started parsing.(Module) [mdl_Autoexec] : Started parsing.
[22:48:44] [FILEPARSER]Parsed successfully.(Module) [mdl_Autoexec] : Parsed successfully.
[22:48:44] [FILEPARSER]Started parsing.(Form) [Avacont] : Started parsing.
[22:48:44] [FILEPARSER]Parsed successfully.(Form) [Avacont] : Parsed successfully.
[22:48:44] [FILEPARSER]Started parsing.(Report) [FisaBugetara1] : Started parsing.
[22:48:44] [FILEPARSER]Parsed successfully.(Report) [FisaBugetara1] : Parsed successfully.
[22:48:44] [FILEPARSER]   → Total: 3 surse încărcate.(Report) [FisaBugetara1] :    → Total: 3 surse încărcate.
[22:48:44] [FILEPARSER]=== Parse Form/Report Headers ===(Report) [FisaBugetara1] : === Parse Form/Report Headers ===
[22:53:01] === Running VBA Analyzer ===
[22:53:01] ⚠️ No ACCESS database provided! Trying local files (C:\ExportVBA)...
[22:53:01] [FILEPARSER]Started parsing.(Module) [mdl_Autoexec] : Started parsing.
[22:53:01] [FILEPARSER]Parsed successfully.(Module) [mdl_Autoexec] : Parsed successfully.
[22:53:01] [FILEPARSER]Started parsing.(Form) [Avacont] : Started parsing.
[22:53:01] [FILEPARSER]Parsed successfully.(Form) [Avacont] : Parsed successfully.
[22:53:01] [FILEPARSER]Started parsing.(Report) [FisaBugetara1] : Started parsing.
[22:53:01] [FILEPARSER]Parsed successfully.(Report) [FisaBugetara1] : Parsed successfully.
[22:53:01] [FILEPARSER]   → Total: 3 surse încărcate.(Report) [FisaBugetara1] :    → Total: 3 surse încărcate.
[22:53:01] [FILEPARSER]=== Parse Form/Report Headers ===(Report) [FisaBugetara1] : === Parse Form/Report Headers ===
[23:07:21] === Running VBA Analyzer ===
[23:07:21] ⚠️ No ACCESS database provided! Trying local files (C:\ExportVBA)...
[23:07:21] [FILEPARSER]Started parsing.(Module) [mdl_Autoexec] : Started parsing.
[23:07:21] [FILEPARSER]Parsed successfully.(Module) [mdl_Autoexec] : Parsed successfully.
[23:07:21] [FILEPARSER]Started parsing.(Form) [Avacont] : Started parsing.
[23:07:21] [FILEPARSER]Parsed successfully.(Form) [Avacont] : Parsed successfully.
[23:07:21] [FILEPARSER]Started parsing.(Report) [FisaBugetara1] : Started parsing.
[23:07:21] [FILEPARSER]Parsed successfully.(Report) [FisaBugetara1] : Parsed successfully.
[23:07:21] [FILEPARSER]   → Total: 3 surse încărcate.(Report) [FisaBugetara1] :    → Total: 3 surse încărcate.
[23:07:21] [FILEPARSER]=== Parse Form/Report Headers ===(Report) [FisaBugetara1] : === Parse Form/Report Headers ===
[23:07:21] [FILEPARSER]Parsed header successfully.(Form) [Avacont]![Terminare] : Parsed header successfully.
[23:11:17] [FILEPARSER]Parsed report header: FisaBugetara1(Form) [Avacont]![Terminare] : Parsed report header: FisaBugetara1
[23:11:17] [FILEPARSER] parsed sucessfully.(Form) [Avacont]![Terminare] :  parsed sucessfully.
[23:11:17] [CODEPARSER]Methods: 3; Declares: ; Variables: 1; Constants: 0; (Report) [FisaBugetara1].[Report_Open] : Methods: 3; Declares: ; Variables: 1; Constants: 0; 
[23:11:17] [CODEPARSER]Methods: 10; Declares: ; Variables: 5; Constants: 0; (Form) [Avacont].[Terminare_Click] : Methods: 10; Declares: ; Variables: 5; Constants: 0; 
[23:11:17] [CODEPARSER]Methods: 21; Declares: 3; Variables: 21; Constants: 1; (Module) [mdl_Autoexec].[Check_Avazip] : Methods: 21; Declares: 3; Variables: 21; Constants: 1; 
[23:11:17] [TOKENIZER]Tokenizing module: FisaBugetara1 (Report)(Report) [FisaBugetara1] : Tokenizing module: FisaBugetara1 (Report)
[23:11:17] [TOKENIZER]Tokenizing module: Avacont (Form)(Form) [Avacont].[Report_Open] : Tokenizing module: Avacont (Form)
[23:11:17] [TOKENIZER]Tokenizing module: mdl_Autoexec (Module)(Module) [mdl_Autoexec].[Terminare_Click] : Tokenizing module: mdl_Autoexec (Module)
[23:11:17] ✅ Time taken to complete: 236,5s
[23:17:38] === Running VBA Analyzer ===
[23:17:38] ⚠️ No ACCESS database provided! Trying local files (C:\ExportVBA)...
[23:17:38] [FILEPARSER]Started parsing.(Module) [mdl_Autoexec] : Started parsing.
[23:17:38] [FILEPARSER]Parsed successfully.(Module) [mdl_Autoexec] : Parsed successfully.
[23:17:38] [FILEPARSER]Started parsing.(Form) [Avacont] : Started parsing.
[23:17:38] [FILEPARSER]Parsed successfully.(Form) [Avacont] : Parsed successfully.
[23:17:38] [FILEPARSER]Started parsing.(Report) [FisaBugetara1] : Started parsing.
[23:17:38] [FILEPARSER]Parsed successfully.(Report) [FisaBugetara1] : Parsed successfully.
[23:17:38] [FILEPARSER]   → Total: 3 surse încărcate.(Report) [FisaBugetara1] :    → Total: 3 surse încărcate.
[23:17:38] [FILEPARSER]=== Parse Form/Report Headers ===(Report) [FisaBugetara1] : === Parse Form/Report Headers ===
[23:21:06] === Running VBA Analyzer ===
[23:21:06] ⚠️ No ACCESS database provided! Trying local files (C:\ExportVBA)...
[23:21:06] [FILEPARSER]Started parsing.(Module) [mdl_Autoexec] : Started parsing.
[23:21:06] [FILEPARSER]Parsed successfully.(Module) [mdl_Autoexec] : Parsed successfully.
[23:21:06] [FILEPARSER]Started parsing.(Form) [Avacont] : Started parsing.
[23:21:06] [FILEPARSER]Parsed successfully.(Form) [Avacont] : Parsed successfully.
[23:21:06] [FILEPARSER]Started parsing.(Report) [FisaBugetara1] : Started parsing.
[23:21:06] [FILEPARSER]Parsed successfully.(Report) [FisaBugetara1] : Parsed successfully.
[23:21:06] [FILEPARSER]   → Total: 3 surse încărcate.(Report) [FisaBugetara1] :    → Total: 3 surse încărcate.
[23:21:06] [FILEPARSER]=== Parse Form/Report Headers ===(Report) [FisaBugetara1] : === Parse Form/Report Headers ===
[23:31:09] === Running VBA Analyzer ===
[23:31:09] ⚠️ No ACCESS database provided! Trying local files (C:\ExportVBA)...
[23:31:09] [FILEPARSER]Started parsing.(Module) [mdl_Autoexec] : Started parsing.
[23:31:09] [FILEPARSER]Parsed successfully.(Module) [mdl_Autoexec] : Parsed successfully.
[23:31:09] [FILEPARSER]Started parsing.(Form) [Avacont] : Started parsing.
[23:31:09] [FILEPARSER]Parsed successfully.(Form) [Avacont] : Parsed successfully.
[23:31:09] [FILEPARSER]Started parsing.(Report) [FisaBugetara1] : Started parsing.
[23:31:09] [FILEPARSER]Parsed successfully.(Report) [FisaBugetara1] : Parsed successfully.
[23:31:09] [FILEPARSER]   → Total: 3 surse încărcate.(Report) [FisaBugetara1] :    → Total: 3 surse încărcate.
[23:31:09] [FILEPARSER]=== Parse Form/Report Headers ===(Report) [FisaBugetara1] : === Parse Form/Report Headers ===
[23:34:18] === Running VBA Analyzer ===
[23:34:18] ⚠️ No ACCESS database provided! Trying local files (C:\ExportVBA)...
[23:34:18] [FILEPARSER]Started parsing.(Module) [mdl_Autoexec] : Started parsing.
[23:34:18] [FILEPARSER]Parsed successfully.(Module) [mdl_Autoexec] : Parsed successfully.
[23:34:18] [FILEPARSER]Started parsing.(Form) [Avacont] : Started parsing.
[23:34:18] [FILEPARSER]Parsed successfully.(Form) [Avacont] : Parsed successfully.
[23:34:18] [FILEPARSER]Started parsing.(Report) [FisaBugetara1] : Started parsing.
[23:34:18] [FILEPARSER]Parsed successfully.(Report) [FisaBugetara1] : Parsed successfully.
[23:34:18] [FILEPARSER]   → Total: 3 surse încărcate.(Report) [FisaBugetara1] :    → Total: 3 surse încărcate.
[23:34:18] [FILEPARSER]=== Parse Form/Report Headers ===(Report) [FisaBugetara1] : === Parse Form/Report Headers ===
[23:34:19] [FILEPARSER]Parsed header successfully.(Form) [Avacont]![Terminare] : Parsed header successfully.
[2025-11-05 23:34:19] ❌ ProcessReportHeader(FisaBugetara1_header.txt): InvalidCastException - Conversion from string "" to type 'Boolean' is not valid.
   at _Lambda$__10-1 (modFileParser.vb:574)
   Inner: Input string was not in a correct format.
[23:34:19] [FILEPARSER] parsed sucessfully.(Form) [Avacont]![Terminare] :  parsed sucessfully.
[23:34:19] [CODEPARSER]Methods: 3; Declares: ; Variables: 1; Constants: 0; (Report) [FisaBugetara1].[Report_Open] : Methods: 3; Declares: ; Variables: 1; Constants: 0; 
[23:34:19] [CODEPARSER]Methods: 10; Declares: ; Variables: 5; Constants: 0; (Form) [Avacont].[Terminare_Click] : Methods: 10; Declares: ; Variables: 5; Constants: 0; 
[23:34:19] [CODEPARSER]Methods: 21; Declares: 3; Variables: 21; Constants: 1; (Module) [mdl_Autoexec].[Check_Avazip] : Methods: 21; Declares: 3; Variables: 21; Constants: 1; 
[23:34:19] [TOKENIZER]Tokenizing module: FisaBugetara1 (Report)(Report) [FisaBugetara1] : Tokenizing module: FisaBugetara1 (Report)
[23:34:19] [TOKENIZER]Tokenizing module: Avacont (Form)(Form) [Avacont].[Report_Open] : Tokenizing module: Avacont (Form)
[23:34:19] [TOKENIZER]Tokenizing module: mdl_Autoexec (Module)(Module) [mdl_Autoexec].[Terminare_Click] : Tokenizing module: mdl_Autoexec (Module)
[23:34:50] === Running VBA Analyzer ===
[23:34:50] ⚠️ No ACCESS database provided! Trying local files (C:\ExportVBA)...
[23:34:50] [FILEPARSER]Started parsing.(Module) [mdl_Autoexec] : Started parsing.
[23:34:50] [FILEPARSER]Parsed successfully.(Module) [mdl_Autoexec] : Parsed successfully.
[23:34:50] [FILEPARSER]Started parsing.(Form) [Avacont] : Started parsing.
[23:34:50] [FILEPARSER]Parsed successfully.(Form) [Avacont] : Parsed successfully.
[23:34:50] [FILEPARSER]Started parsing.(Report) [FisaBugetara1] : Started parsing.
[23:34:50] [FILEPARSER]Parsed successfully.(Report) [FisaBugetara1] : Parsed successfully.
[23:34:50] [FILEPARSER]   → Total: 3 surse încărcate.(Report) [FisaBugetara1] :    → Total: 3 surse încărcate.
[23:34:50] [FILEPARSER]=== Parse Form/Report Headers ===(Report) [FisaBugetara1] : === Parse Form/Report Headers ===
[23:36:48] === Running VBA Analyzer ===
[23:36:48] ⚠️ No ACCESS database provided! Trying local files (C:\ExportVBA)...
[23:36:48] [FILEPARSER]Started parsing.(Module) [mdl_Autoexec] : Started parsing.
[23:36:48] [FILEPARSER]Parsed successfully.(Module) [mdl_Autoexec] : Parsed successfully.
[23:36:48] [FILEPARSER]Started parsing.(Form) [Avacont] : Started parsing.
[23:36:48] [FILEPARSER]Parsed successfully.(Form) [Avacont] : Parsed successfully.
[23:36:48] [FILEPARSER]Started parsing.(Report) [FisaBugetara1] : Started parsing.
[23:36:48] [FILEPARSER]Parsed successfully.(Report) [FisaBugetara1] : Parsed successfully.
[23:36:48] [FILEPARSER]   → Total: 3 surse încărcate.(Report) [FisaBugetara1] :    → Total: 3 surse încărcate.
[23:36:48] [FILEPARSER]=== Parse Form/Report Headers ===(Report) [FisaBugetara1] : === Parse Form/Report Headers ===
[08:28:59] === Running VBA Analyzer ===
[08:28:59] ⚠️ No ACCESS database provided! Trying local files (C:\ExportVBA)...
[08:28:59] [FILEPARSER]Started parsing.(Module) [mdl_Autoexec] : Started parsing.
[08:28:59] [FILEPARSER]Parsed successfully.(Module) [mdl_Autoexec] : Parsed successfully.
[08:28:59] [FILEPARSER]Started parsing.(Form) [Avacont] : Started parsing.
[08:28:59] [FILEPARSER]Parsed successfully.(Form) [Avacont] : Parsed successfully.
[08:28:59] [FILEPARSER]Started parsing.(Report) [FisaBugetara1] : Started parsing.
[08:28:59] [FILEPARSER]Parsed successfully.(Report) [FisaBugetara1] : Parsed successfully.
[08:28:59] [FILEPARSER]   → Total: 3 surse încărcate.(Report) [FisaBugetara1] :    → Total: 3 surse încărcate.
[08:28:59] [FILEPARSER]=== Parse Form/Report Headers ===(Report) [FisaBugetara1] : === Parse Form/Report Headers ===
[08:28:59] [FILEPARSER]Parsed report header: Avacont(Report) [FisaBugetara1] : Parsed report header: Avacont
[08:28:59] [FILEPARSER]Parsed report header: FisaBugetara1(Report) [FisaBugetara1] : Parsed report header: FisaBugetara1
[08:28:59] [FILEPARSER] parsed sucessfully.(Report) [FisaBugetara1] :  parsed sucessfully.
[08:28:59] [CODEPARSER]Methods: 3; Declares: ; Variables: 1; Constants: 0; (Report) [FisaBugetara1].[Report_Open] : Methods: 3; Declares: ; Variables: 1; Constants: 0; 
[08:28:59] [CODEPARSER]Methods: 10; Declares: ; Variables: 5; Constants: 0; (Form) [Avacont].[Terminare_Click] : Methods: 10; Declares: ; Variables: 5; Constants: 0; 
[08:28:59] [CODEPARSER]Methods: 21; Declares: 3; Variables: 21; Constants: 1; (Module) [mdl_Autoexec].[Check_Avazip] : Methods: 21; Declares: 3; Variables: 21; Constants: 1; 
[08:28:59] [TOKENIZER]Tokenizing module: FisaBugetara1 (Report)(Report) [FisaBugetara1] : Tokenizing module: FisaBugetara1 (Report)
[08:28:59] [TOKENIZER]Tokenizing module: Avacont (Form)(Form) [Avacont].[Report_Open] : Tokenizing module: Avacont (Form)
[08:28:59] [TOKENIZER]Tokenizing module: mdl_Autoexec (Module)(Module) [mdl_Autoexec].[Terminare_Click] : Tokenizing module: mdl_Autoexec (Module)
[08:28:59] ✅ Time taken to complete: 0,3s
[08:31:22] === Running VBA Analyzer ===
[08:31:22] ⚠️ No ACCESS database provided! Trying local files (C:\ExportVBA)...
[08:31:22] [FILEPARSER]Started parsing.(Module) [mdl_Autoexec] : Started parsing.
[08:31:22] [FILEPARSER]Parsed successfully.(Module) [mdl_Autoexec] : Parsed successfully.
[08:31:22] [FILEPARSER]Started parsing.(Form) [Avacont] : Started parsing.
[08:31:22] [FILEPARSER]Parsed successfully.(Form) [Avacont] : Parsed successfully.
[08:31:22] [FILEPARSER]Started parsing.(Report) [FisaBugetara1] : Started parsing.
[08:31:22] [FILEPARSER]Parsed successfully.(Report) [FisaBugetara1] : Parsed successfully.
[08:31:22] [FILEPARSER]   → Total: 3 surse încărcate.(Report) [FisaBugetara1] :    → Total: 3 surse încărcate.
[08:31:22] [FILEPARSER]=== Parse Form/Report Headers ===(Report) [FisaBugetara1] : === Parse Form/Report Headers ===
[08:31:48] === Running VBA Analyzer ===
[08:31:48] ⚠️ No ACCESS database provided! Trying local files (C:\ExportVBA)...
[08:31:48] [FILEPARSER]Started parsing.(Module) [mdl_Autoexec] : Started parsing.
[08:31:48] [FILEPARSER]Parsed successfully.(Module) [mdl_Autoexec] : Parsed successfully.
[08:31:48] [FILEPARSER]Started parsing.(Form) [Avacont] : Started parsing.
[08:31:48] [FILEPARSER]Parsed successfully.(Form) [Avacont] : Parsed successfully.
[08:31:48] [FILEPARSER]Started parsing.(Report) [FisaBugetara1] : Started parsing.
[08:31:48] [FILEPARSER]Parsed successfully.(Report) [FisaBugetara1] : Parsed successfully.
[08:31:48] [FILEPARSER]   → Total: 3 surse încărcate.(Report) [FisaBugetara1] :    → Total: 3 surse încărcate.
[08:31:48] [FILEPARSER]=== Parse Form/Report Headers ===(Report) [FisaBugetara1] : === Parse Form/Report Headers ===
[09:18:08] === Running VBA Analyzer ===
[09:18:08] ⚠️ No ACCESS database provided! Trying local files (C:\ExportVBA)...
[09:18:08] [FILEPARSER]Started parsing.(Module) [mdl_Autoexec] : Started parsing.
[09:18:08] [FILEPARSER]Parsed successfully.(Module) [mdl_Autoexec] : Parsed successfully.
[09:18:08] [FILEPARSER]Started parsing.(Form) [Avacont] : Started parsing.
[09:18:08] [FILEPARSER]Parsed successfully.(Form) [Avacont] : Parsed successfully.
[09:18:08] [FILEPARSER]Started parsing.(Report) [FisaBugetara1] : Started parsing.
[09:18:08] [FILEPARSER]Parsed successfully.(Report) [FisaBugetara1] : Parsed successfully.
[09:18:08] [FILEPARSER]   → Total: 3 surse încărcate.(Report) [FisaBugetara1] :    → Total: 3 surse încărcate.
[09:18:08] [FILEPARSER]=== Parse Form/Report Headers ===(Report) [FisaBugetara1] : === Parse Form/Report Headers ===
[09:20:53] === Running VBA Analyzer ===
[09:20:53] ⚠️ No ACCESS database provided! Trying local files (C:\ExportVBA)...
[09:20:53] [FILEPARSER]Started parsing.(Module) [mdl_Autoexec] : Started parsing.
[09:20:53] [FILEPARSER]Parsed successfully.(Module) [mdl_Autoexec] : Parsed successfully.
[09:20:53] [FILEPARSER]Started parsing.(Form) [Avacont] : Started parsing.
[09:20:53] [FILEPARSER]Parsed successfully.(Form) [Avacont] : Parsed successfully.
[09:20:53] [FILEPARSER]Started parsing.(Report) [FisaBugetara1] : Started parsing.
[09:20:53] [FILEPARSER]Parsed successfully.(Report) [FisaBugetara1] : Parsed successfully.
[09:20:53] [FILEPARSER]   → Total: 3 surse încărcate.(Report) [FisaBugetara1] :    → Total: 3 surse încărcate.
[09:20:53] [FILEPARSER]=== Parse Form/Report Headers ===(Report) [FisaBugetara1] : === Parse Form/Report Headers ===
[09:25:33] === Running VBA Analyzer ===
[09:25:33] ⚠️ No ACCESS database provided! Trying local files (C:\ExportVBA)...
[09:25:33] [FILEPARSER]Started parsing.(Module) [mdl_Autoexec] : Started parsing.
[09:25:33] [FILEPARSER]Parsed successfully.(Module) [mdl_Autoexec] : Parsed successfully.
[09:25:33] [FILEPARSER]Started parsing.(Form) [Avacont] : Started parsing.
[09:25:33] [FILEPARSER]Parsed successfully.(Form) [Avacont] : Parsed successfully.
[09:25:33] [FILEPARSER]Started parsing.(Report) [FisaBugetara1] : Started parsing.
[09:25:33] [FILEPARSER]Parsed successfully.(Report) [FisaBugetara1] : Parsed successfully.
[09:25:33] [FILEPARSER]   → Total: 3 surse încărcate.(Report) [FisaBugetara1] :    → Total: 3 surse încărcate.
[09:25:33] [FILEPARSER]=== Parse Form/Report Headers ===(Report) [FisaBugetara1] : === Parse Form/Report Headers ===
[09:31:04] === Running VBA Analyzer ===
[09:31:04] ⚠️ No ACCESS database provided! Trying local files (C:\ExportVBA)...
[09:31:04] [FILEPARSER]Started parsing.(Module) [mdl_Autoexec] : Started parsing.
[09:31:04] [FILEPARSER]Parsed successfully.(Module) [mdl_Autoexec] : Parsed successfully.
[09:31:04] [FILEPARSER]Started parsing.(Form) [Avacont] : Started parsing.
[09:31:04] [FILEPARSER]Parsed successfully.(Form) [Avacont] : Parsed successfully.
[09:31:04] [FILEPARSER]Started parsing.(Report) [FisaBugetara1] : Started parsing.
[09:31:04] [FILEPARSER]Parsed successfully.(Report) [FisaBugetara1] : Parsed successfully.
[09:31:04] [FILEPARSER]   → Total: 3 surse încărcate.(Report) [FisaBugetara1] :    → Total: 3 surse încărcate.
[09:31:04] [FILEPARSER]=== Parse Form/Report Headers ===(Report) [FisaBugetara1] : === Parse Form/Report Headers ===
[10:02:11] === Running VBA Analyzer ===
[10:02:11] ⚠️ No ACCESS database provided! Trying local files (C:\ExportVBA)...
[10:02:11] [FILEPARSER]Started parsing.(Module) [mdl_Autoexec] : Started parsing.
[10:02:11] [FILEPARSER]Parsed successfully.(Module) [mdl_Autoexec] : Parsed successfully.
[10:02:11] [FILEPARSER]Started parsing.(Form) [Avacont] : Started parsing.
[10:02:11] [FILEPARSER]Parsed successfully.(Form) [Avacont] : Parsed successfully.
[10:02:11] [FILEPARSER]Started parsing.(Report) [FisaBugetara1] : Started parsing.
[10:02:11] [FILEPARSER]Parsed successfully.(Report) [FisaBugetara1] : Parsed successfully.
[10:02:11] [FILEPARSER]   → Total: 3 surse încărcate.(Report) [FisaBugetara1] :    → Total: 3 surse încărcate.
[10:02:11] [FILEPARSER]=== Parse Form/Report Headers ===(Report) [FisaBugetara1] : === Parse Form/Report Headers ===
[10:06:06] === Running VBA Analyzer ===
[10:06:06] ⚠️ No ACCESS database provided! Trying local files (C:\ExportVBA)...
[10:06:06] [FILEPARSER]Started parsing.(Module) [mdl_Autoexec] : Started parsing.
[10:06:06] [FILEPARSER]Parsed successfully.(Module) [mdl_Autoexec] : Parsed successfully.
[10:06:06] [FILEPARSER]Started parsing.(Form) [Avacont] : Started parsing.
[10:06:06] [FILEPARSER]Parsed successfully.(Form) [Avacont] : Parsed successfully.
[10:06:06] [FILEPARSER]Started parsing.(Report) [FisaBugetara1] : Started parsing.
[10:06:06] [FILEPARSER]Parsed successfully.(Report) [FisaBugetara1] : Parsed successfully.
[10:06:06] [FILEPARSER]   → Total: 3 surse încărcate.(Report) [FisaBugetara1] :    → Total: 3 surse încărcate.
[10:06:06] [FILEPARSER]=== Parse Form/Report Headers ===(Report) [FisaBugetara1] : === Parse Form/Report Headers ===
[10:10:50] === Running VBA Analyzer ===
[10:10:50] ⚠️ No ACCESS database provided! Trying local files (C:\ExportVBA)...
[10:10:50] [FILEPARSER]Started parsing.(Module) [mdl_Autoexec] : Started parsing.
[10:10:50] [FILEPARSER]Parsed successfully.(Module) [mdl_Autoexec] : Parsed successfully.
[10:10:50] [FILEPARSER]Started parsing.(Form) [Avacont] : Started parsing.
[10:10:50] [FILEPARSER]Parsed successfully.(Form) [Avacont] : Parsed successfully.
[10:10:50] [FILEPARSER]Started parsing.(Report) [FisaBugetara1] : Started parsing.
[10:10:50] [FILEPARSER]Parsed successfully.(Report) [FisaBugetara1] : Parsed successfully.
[10:10:50] [FILEPARSER]   → Total: 3 surse încărcate.(Report) [FisaBugetara1] :    → Total: 3 surse încărcate.
[10:10:50] [FILEPARSER]=== Parse Form/Report Headers ===(Report) [FisaBugetara1] : === Parse Form/Report Headers ===
[10:11:25] === Running VBA Analyzer ===
[10:11:25] ⚠️ No ACCESS database provided! Trying local files (C:\ExportVBA)...
[10:11:25] [FILEPARSER]Started parsing.(Module) [mdl_Autoexec] : Started parsing.
[10:11:25] [FILEPARSER]Parsed successfully.(Module) [mdl_Autoexec] : Parsed successfully.
[10:11:25] [FILEPARSER]Started parsing.(Form) [Avacont] : Started parsing.
[10:11:25] [FILEPARSER]Parsed successfully.(Form) [Avacont] : Parsed successfully.
[10:11:25] [FILEPARSER]Started parsing.(Report) [FisaBugetara1] : Started parsing.
[10:11:25] [FILEPARSER]Parsed successfully.(Report) [FisaBugetara1] : Parsed successfully.
[10:11:25] [FILEPARSER]   → Total: 3 surse încărcate.(Report) [FisaBugetara1] :    → Total: 3 surse încărcate.
[10:11:25] [FILEPARSER]=== Parse Form/Report Headers ===(Report) [FisaBugetara1] : === Parse Form/Report Headers ===
[10:26:25] === Running VBA Analyzer ===
[10:26:25] ⚠️ No ACCESS database provided! Trying local files (C:\ExportVBA)...
[10:26:25] [FILEPARSER]Started parsing.(Module) [mdl_Autoexec] : Started parsing.
[10:26:25] [FILEPARSER]Parsed successfully.(Module) [mdl_Autoexec] : Parsed successfully.
[10:26:25] [FILEPARSER]Started parsing.(Form) [Avacont] : Started parsing.
[10:26:25] [FILEPARSER]Parsed successfully.(Form) [Avacont] : Parsed successfully.
[10:26:25] [FILEPARSER]Started parsing.(Report) [FisaBugetara1] : Started parsing.
[10:26:25] [FILEPARSER]Parsed successfully.(Report) [FisaBugetara1] : Parsed successfully.
[10:26:25] [FILEPARSER]   → Total: 3 surse încărcate.(Report) [FisaBugetara1] :    → Total: 3 surse încărcate.
[10:26:25] [FILEPARSER]=== Parse Form/Report Headers ===(Report) [FisaBugetara1] : === Parse Form/Report Headers ===
[10:33:45] === Running VBA Analyzer ===
[10:33:45] ⚠️ No ACCESS database provided! Trying local files (C:\ExportVBA)...
[10:33:45] [FILEPARSER]Started parsing.(Module) [mdl_Autoexec] : Started parsing.
[10:33:45] [FILEPARSER]Parsed successfully.(Module) [mdl_Autoexec] : Parsed successfully.
[10:33:45] [FILEPARSER]Started parsing.(Form) [Avacont] : Started parsing.
[10:33:45] [FILEPARSER]Parsed successfully.(Form) [Avacont] : Parsed successfully.
[10:33:45] [FILEPARSER]Started parsing.(Report) [FisaBugetara1] : Started parsing.
[10:33:45] [FILEPARSER]Parsed successfully.(Report) [FisaBugetara1] : Parsed successfully.
[10:33:45] [FILEPARSER]   → Total: 3 surse încărcate.(Report) [FisaBugetara1] :    → Total: 3 surse încărcate.
[10:33:45] [FILEPARSER]=== Parse Form/Report Headers ===(Report) [FisaBugetara1] : === Parse Form/Report Headers ===
[10:33:55] === Running VBA Analyzer ===
[10:33:55] ⚠️ No ACCESS database provided! Trying local files (C:\ExportVBA)...
[10:33:55] [FILEPARSER]Started parsing.(Module) [mdl_Autoexec] : Started parsing.
[10:33:55] [FILEPARSER]Parsed successfully.(Module) [mdl_Autoexec] : Parsed successfully.
[10:33:55] [FILEPARSER]Started parsing.(Form) [Avacont] : Started parsing.
[10:33:55] [FILEPARSER]Parsed successfully.(Form) [Avacont] : Parsed successfully.
[10:33:55] [FILEPARSER]Started parsing.(Report) [FisaBugetara1] : Started parsing.
[10:33:55] [FILEPARSER]Parsed successfully.(Report) [FisaBugetara1] : Parsed successfully.
[10:33:55] [FILEPARSER]   → Total: 3 surse încărcate.(Report) [FisaBugetara1] :    → Total: 3 surse încărcate.
[10:33:55] [FILEPARSER]=== Parse Form/Report Headers ===(Report) [FisaBugetara1] : === Parse Form/Report Headers ===
[10:34:39] === Running VBA Analyzer ===
[10:34:39] ⚠️ No ACCESS database provided! Trying local files (C:\ExportVBA)...
[10:34:39] [FILEPARSER]Started parsing.(Module) [mdl_Autoexec] : Started parsing.
[10:34:39] [FILEPARSER]Parsed successfully.(Module) [mdl_Autoexec] : Parsed successfully.
[10:34:39] [FILEPARSER]Started parsing.(Form) [Avacont] : Started parsing.
[10:34:39] [FILEPARSER]Parsed successfully.(Form) [Avacont] : Parsed successfully.
[10:34:39] [FILEPARSER]Started parsing.(Report) [FisaBugetara1] : Started parsing.
[10:34:39] [FILEPARSER]Parsed successfully.(Report) [FisaBugetara1] : Parsed successfully.
[10:34:39] [FILEPARSER]   → Total: 3 surse încărcate.(Report) [FisaBugetara1] :    → Total: 3 surse încărcate.
[10:34:39] [FILEPARSER]=== Parse Form/Report Headers ===(Report) [FisaBugetara1] : === Parse Form/Report Headers ===
[10:35:39] === Running VBA Analyzer ===
[10:35:39] ⚠️ No ACCESS database provided! Trying local files (C:\ExportVBA)...
[10:35:39] [FILEPARSER]Started parsing.(Module) [mdl_Autoexec] : Started parsing.
[10:35:39] [FILEPARSER]Parsed successfully.(Module) [mdl_Autoexec] : Parsed successfully.
[10:35:39] [FILEPARSER]Started parsing.(Form) [Avacont] : Started parsing.
[10:35:39] [FILEPARSER]Parsed successfully.(Form) [Avacont] : Parsed successfully.
[10:35:39] [FILEPARSER]Started parsing.(Report) [FisaBugetara1] : Started parsing.
[10:35:39] [FILEPARSER]Parsed successfully.(Report) [FisaBugetara1] : Parsed successfully.
[10:35:39] [FILEPARSER]   → Total: 3 surse încărcate.(Report) [FisaBugetara1] :    → Total: 3 surse încărcate.
[10:35:39] [FILEPARSER]=== Parse Form/Report Headers ===(Report) [FisaBugetara1] : === Parse Form/Report Headers ===
[10:38:28] === Running VBA Analyzer ===
[10:38:28] ⚠️ No ACCESS database provided! Trying local files (C:\ExportVBA)...
[10:38:28] [FILEPARSER]Started parsing.(Module) [mdl_Autoexec] : Started parsing.
[10:38:28] [FILEPARSER]Parsed successfully.(Module) [mdl_Autoexec] : Parsed successfully.
[10:38:28] [FILEPARSER]Started parsing.(Form) [Avacont] : Started parsing.
[10:38:28] [FILEPARSER]Parsed successfully.(Form) [Avacont] : Parsed successfully.
[10:38:28] [FILEPARSER]Started parsing.(Report) [FisaBugetara1] : Started parsing.
[10:38:28] [FILEPARSER]Parsed successfully.(Report) [FisaBugetara1] : Parsed successfully.
[10:38:28] [FILEPARSER]   → Total: 3 surse încărcate.(Report) [FisaBugetara1] :    → Total: 3 surse încărcate.
[10:38:28] [FILEPARSER]=== Parse Form/Report Headers ===(Report) [FisaBugetara1] : === Parse Form/Report Headers ===
[10:50:35] === Running VBA Analyzer ===
[10:50:35] ⚠️ No ACCESS database provided! Trying local files (C:\ExportVBA)...
[10:50:35] [FILEPARSER]Started parsing.(Module) [mdl_Autoexec] : Started parsing.
[10:50:35] [FILEPARSER]Parsed successfully.(Module) [mdl_Autoexec] : Parsed successfully.
[10:50:35] [FILEPARSER]Started parsing.(Form) [Avacont] : Started parsing.
[10:50:35] [FILEPARSER]Parsed successfully.(Form) [Avacont] : Parsed successfully.
[10:50:35] [FILEPARSER]Started parsing.(Report) [FisaBugetara1] : Started parsing.
[10:50:35] [FILEPARSER]Parsed successfully.(Report) [FisaBugetara1] : Parsed successfully.
[10:50:35] [FILEPARSER]   → Total: 3 surse încărcate.(Report) [FisaBugetara1] :    → Total: 3 surse încărcate.
[10:50:35] [FILEPARSER]=== Parse Form/Report Headers ===(Report) [FisaBugetara1] : === Parse Form/Report Headers ===
[10:53:51] === Running VBA Analyzer ===
[10:53:51] ⚠️ No ACCESS database provided! Trying local files (C:\ExportVBA)...
[10:53:51] [FILEPARSER]Started parsing.(Module) [mdl_Autoexec] : Started parsing.
[10:53:51] [FILEPARSER]Parsed successfully.(Module) [mdl_Autoexec] : Parsed successfully.
[10:53:51] [FILEPARSER]Started parsing.(Form) [Avacont] : Started parsing.
[10:53:51] [FILEPARSER]Parsed successfully.(Form) [Avacont] : Parsed successfully.
[10:53:51] [FILEPARSER]Started parsing.(Report) [FisaBugetara1] : Started parsing.
[10:53:51] [FILEPARSER]Parsed successfully.(Report) [FisaBugetara1] : Parsed successfully.
[10:53:51] [FILEPARSER]   → Total: 3 surse încărcate.(Report) [FisaBugetara1] :    → Total: 3 surse încărcate.
[10:53:51] [FILEPARSER]=== Parse Form/Report Headers ===(Report) [FisaBugetara1] : === Parse Form/Report Headers ===
[10:54:07] [FILEPARSER]Parsed report header: Avacont(Report) [FisaBugetara1] : Parsed report header: Avacont
[10:54:13] [FILEPARSER]Parsed report header: FisaBugetara1(Report) [FisaBugetara1] : Parsed report header: FisaBugetara1
[10:54:13] [FILEPARSER] parsed sucessfully.(Report) [FisaBugetara1] :  parsed sucessfully.
[10:54:13] [CODEPARSER]Methods: 3; Declares: ; Variables: 1; Constants: 0; (Report) [FisaBugetara1].[Report_Open] : Methods: 3; Declares: ; Variables: 1; Constants: 0; 
[10:54:13] [CODEPARSER]Methods: 10; Declares: ; Variables: 5; Constants: 0; (Form) [Avacont].[Terminare_Click] : Methods: 10; Declares: ; Variables: 5; Constants: 0; 
[10:54:13] [CODEPARSER]Methods: 21; Declares: 3; Variables: 21; Constants: 1; (Module) [mdl_Autoexec].[Check_Avazip] : Methods: 21; Declares: 3; Variables: 21; Constants: 1; 
[10:54:13] [TOKENIZER]Tokenizing module: FisaBugetara1 (Report)(Report) [FisaBugetara1] : Tokenizing module: FisaBugetara1 (Report)
[10:54:13] [TOKENIZER]Tokenizing module: Avacont (Form)(Form) [Avacont].[Report_Open] : Tokenizing module: Avacont (Form)
[10:54:13] [TOKENIZER]Tokenizing module: mdl_Autoexec (Module)(Module) [mdl_Autoexec].[Terminare_Click] : Tokenizing module: mdl_Autoexec (Module)
[10:54:13] ✅ Time taken to complete: 22,3s
[10:54:14] ✅ BuildTreeAsync completed.
[10:54:37] === Running VBA Analyzer ===
[10:54:37] ⚠️ No ACCESS database provided! Trying local files (C:\ExportVBA)...
[10:54:37] [FILEPARSER]Started parsing.(Module) [mdl_Autoexec] : Started parsing.
[10:54:37] [FILEPARSER]Parsed successfully.(Module) [mdl_Autoexec] : Parsed successfully.
[10:54:37] [FILEPARSER]Started parsing.(Form) [Avacont] : Started parsing.
[10:54:37] [FILEPARSER]Parsed successfully.(Form) [Avacont] : Parsed successfully.
[10:54:37] [FILEPARSER]Started parsing.(Report) [FisaBugetara1] : Started parsing.
[10:54:37] [FILEPARSER]Parsed successfully.(Report) [FisaBugetara1] : Parsed successfully.
[10:54:37] [FILEPARSER]   → Total: 3 surse încărcate.(Report) [FisaBugetara1] :    → Total: 3 surse încărcate.
[10:54:37] [FILEPARSER]=== Parse Form/Report Headers ===(Report) [FisaBugetara1] : === Parse Form/Report Headers ===
[10:55:58] === Running VBA Analyzer ===
[10:55:58] ⚠️ No ACCESS database provided! Trying local files (C:\ExportVBA)...
[10:55:58] [FILEPARSER]Started parsing.(Module) [mdl_Autoexec] : Started parsing.
[10:55:58] [FILEPARSER]Parsed successfully.(Module) [mdl_Autoexec] : Parsed successfully.
[10:55:58] [FILEPARSER]Started parsing.(Form) [Avacont] : Started parsing.
[10:55:58] [FILEPARSER]Parsed successfully.(Form) [Avacont] : Parsed successfully.
[10:55:58] [FILEPARSER]Started parsing.(Report) [FisaBugetara1] : Started parsing.
[10:55:58] [FILEPARSER]Parsed successfully.(Report) [FisaBugetara1] : Parsed successfully.
[10:55:58] [FILEPARSER]   → Total: 3 surse încărcate.(Report) [FisaBugetara1] :    → Total: 3 surse încărcate.
[10:55:58] [FILEPARSER]=== Parse Form/Report Headers ===(Report) [FisaBugetara1] : === Parse Form/Report Headers ===
[10:58:11] === Running VBA Analyzer ===
[10:58:11] ⚠️ No ACCESS database provided! Trying local files (C:\ExportVBA)...
[10:58:11] [FILEPARSER]Started parsing.(Module) [mdl_Autoexec] : Started parsing.
[10:58:11] [FILEPARSER]Parsed successfully.(Module) [mdl_Autoexec] : Parsed successfully.
[10:58:11] [FILEPARSER]Started parsing.(Form) [Avacont] : Started parsing.
[10:58:11] [FILEPARSER]Parsed successfully.(Form) [Avacont] : Parsed successfully.
[10:58:11] [FILEPARSER]Started parsing.(Report) [FisaBugetara1] : Started parsing.
[10:58:11] [FILEPARSER]Parsed successfully.(Report) [FisaBugetara1] : Parsed successfully.
[10:58:11] [FILEPARSER]   → Total: 3 surse încărcate.(Report) [FisaBugetara1] :    → Total: 3 surse încărcate.
[10:58:11] [FILEPARSER]=== Parse Form/Report Headers ===(Report) [FisaBugetara1] : === Parse Form/Report Headers ===
[11:02:27] === Running VBA Analyzer ===
[11:02:27] ⚠️ No ACCESS database provided! Trying local files (C:\ExportVBA)...
[11:02:27] [FILEPARSER]Started parsing.(Module) [mdl_Autoexec] : Started parsing.
[11:02:27] [FILEPARSER]Parsed successfully.(Module) [mdl_Autoexec] : Parsed successfully.
[11:02:27] [FILEPARSER]Started parsing.(Form) [Avacont] : Started parsing.
[11:02:27] [FILEPARSER]Parsed successfully.(Form) [Avacont] : Parsed successfully.
[11:02:27] [FILEPARSER]Started parsing.(Report) [FisaBugetara1] : Started parsing.
[11:02:27] [FILEPARSER]Parsed successfully.(Report) [FisaBugetara1] : Parsed successfully.
[11:02:27] [FILEPARSER]   → Total: 3 surse încărcate.(Report) [FisaBugetara1] :    → Total: 3 surse încărcate.
[11:02:27] [FILEPARSER]=== Parse Form/Report Headers ===(Report) [FisaBugetara1] : === Parse Form/Report Headers ===
[11:03:12] === Running VBA Analyzer ===
[11:03:12] ⚠️ No ACCESS database provided! Trying local files (C:\ExportVBA)...
[11:03:12] [FILEPARSER]Started parsing.(Module) [mdl_Autoexec] : Started parsing.
[11:03:12] [FILEPARSER]Parsed successfully.(Module) [mdl_Autoexec] : Parsed successfully.
[11:03:12] [FILEPARSER]Started parsing.(Form) [Avacont] : Started parsing.
[11:03:12] [FILEPARSER]Parsed successfully.(Form) [Avacont] : Parsed successfully.
[11:03:12] [FILEPARSER]Started parsing.(Report) [FisaBugetara1] : Started parsing.
[11:03:12] [FILEPARSER]Parsed successfully.(Report) [FisaBugetara1] : Parsed successfully.
[11:03:12] [FILEPARSER]   → Total: 3 surse încărcate.(Report) [FisaBugetara1] :    → Total: 3 surse încărcate.
[11:03:12] [FILEPARSER]=== Parse Form/Report Headers ===(Report) [FisaBugetara1] : === Parse Form/Report Headers ===
[11:07:13] === Running VBA Analyzer ===
[11:07:13] ⚠️ No ACCESS database provided! Trying local files (C:\ExportVBA)...
[11:07:13] [FILEPARSER]Started parsing.(Module) [mdl_Autoexec] : Started parsing.
[11:07:13] [FILEPARSER]Parsed successfully.(Module) [mdl_Autoexec] : Parsed successfully.
[11:07:13] [FILEPARSER]Started parsing.(Form) [Avacont] : Started parsing.
[11:07:13] [FILEPARSER]Parsed successfully.(Form) [Avacont] : Parsed successfully.
[11:07:13] [FILEPARSER]Started parsing.(Report) [FisaBugetara1] : Started parsing.
[11:07:13] [FILEPARSER]Parsed successfully.(Report) [FisaBugetara1] : Parsed successfully.
[11:07:13] [FILEPARSER]   → Total: 3 surse încărcate.(Report) [FisaBugetara1] :    → Total: 3 surse încărcate.
[11:07:13] [FILEPARSER]=== Parse Form/Report Headers ===(Report) [FisaBugetara1] : === Parse Form/Report Headers ===
[11:07:51] [FILEPARSER]Parsed report header: Avacont(Report) [FisaBugetara1] : Parsed report header: Avacont
[11:07:52] [FILEPARSER]Parsed report header: FisaBugetara1(Report) [FisaBugetara1] : Parsed report header: FisaBugetara1
[11:07:52] [FILEPARSER] parsed sucessfully.(Report) [FisaBugetara1] :  parsed sucessfully.
[11:07:52] [CODEPARSER]Methods: 3; Declares: ; Variables: 1; Constants: 0; (Report) [FisaBugetara1].[Report_Open] : Methods: 3; Declares: ; Variables: 1; Constants: 0; 
[11:07:52] [CODEPARSER]Methods: 10; Declares: ; Variables: 5; Constants: 0; (Form) [Avacont].[Terminare_Click] : Methods: 10; Declares: ; Variables: 5; Constants: 0; 
[11:07:52] [CODEPARSER]Methods: 21; Declares: 3; Variables: 21; Constants: 1; (Module) [mdl_Autoexec].[Check_Avazip] : Methods: 21; Declares: 3; Variables: 21; Constants: 1; 
[11:07:52] [TOKENIZER]Tokenizing module: FisaBugetara1 (Report)(Report) [FisaBugetara1] : Tokenizing module: FisaBugetara1 (Report)
[11:07:53] [TOKENIZER]Tokenizing module: Avacont (Form)(Form) [Avacont].[Report_Open] : Tokenizing module: Avacont (Form)
[11:07:53] [TOKENIZER]Tokenizing module: mdl_Autoexec (Module)(Module) [mdl_Autoexec].[Terminare_Click] : Tokenizing module: mdl_Autoexec (Module)
[11:07:53] ✅ Time taken to complete: 39,3s
[11:07:53] ✅ BuildTreeAsync completed.
[11:12:23] === Running VBA Analyzer ===
[11:12:23] ⚠️ No ACCESS database provided! Trying local files (C:\ExportVBA)...
[11:12:23] [FILEPARSER]Started parsing.(Module) [mdl_Autoexec] : Started parsing.
[11:12:23] [FILEPARSER]Parsed successfully.(Module) [mdl_Autoexec] : Parsed successfully.
[11:12:23] [FILEPARSER]Started parsing.(Form) [Avacont] : Started parsing.
[11:12:23] [FILEPARSER]Parsed successfully.(Form) [Avacont] : Parsed successfully.
[11:12:23] [FILEPARSER]Started parsing.(Report) [FisaBugetara1] : Started parsing.
[11:12:23] [FILEPARSER]Parsed successfully.(Report) [FisaBugetara1] : Parsed successfully.
[11:12:23] [FILEPARSER]   → Total: 3 surse încărcate.(Report) [FisaBugetara1] :    → Total: 3 surse încărcate.
[11:12:23] [FILEPARSER]=== Parse Form/Report Headers ===(Report) [FisaBugetara1] : === Parse Form/Report Headers ===
[11:12:23] [FILEPARSER]Parsed report header: Avacont(Report) [FisaBugetara1] : Parsed report header: Avacont
[11:12:23] [FILEPARSER]Parsed report header: FisaBugetara1(Report) [FisaBugetara1] : Parsed report header: FisaBugetara1
[11:12:23] [FILEPARSER] parsed sucessfully.(Report) [FisaBugetara1] :  parsed sucessfully.
[11:12:23] [CODEPARSER]Methods: 3; Declares: ; Variables: 1; Constants: 0; (Report) [FisaBugetara1].[Report_Open] : Methods: 3; Declares: ; Variables: 1; Constants: 0; 
[11:12:23] [CODEPARSER]Methods: 10; Declares: ; Variables: 5; Constants: 0; (Form) [Avacont].[Terminare_Click] : Methods: 10; Declares: ; Variables: 5; Constants: 0; 
[11:12:23] [CODEPARSER]Methods: 21; Declares: 3; Variables: 21; Constants: 1; (Module) [mdl_Autoexec].[Check_Avazip] : Methods: 21; Declares: 3; Variables: 21; Constants: 1; 
[11:12:23] [TOKENIZER]Tokenizing module: FisaBugetara1 (Report)(Report) [FisaBugetara1] : Tokenizing module: FisaBugetara1 (Report)
[11:12:23] [TOKENIZER]Tokenizing module: Avacont (Form)(Form) [Avacont].[Report_Open] : Tokenizing module: Avacont (Form)
[11:12:23] [TOKENIZER]Tokenizing module: mdl_Autoexec (Module)(Module) [mdl_Autoexec].[Terminare_Click] : Tokenizing module: mdl_Autoexec (Module)
[11:12:23] ✅ Time taken to complete: 0,4s
[11:12:23] ✅ BuildTreeAsync completed.
[08:52:39] === Running VBA Analyzer ===
[08:52:39] ⚠️ No ACCESS database provided! Trying local files (C:\ExportVBA)...
[08:52:39] [FILEPARSER]Started parsing.(Module) [mdl_Autoexec] : Started parsing.
[08:52:39] [FILEPARSER]Parsed successfully.(Module) [mdl_Autoexec] : Parsed successfully.
[08:52:39] [FILEPARSER]Started parsing.(Form) [Avacont] : Started parsing.
[08:52:39] [FILEPARSER]Parsed successfully.(Form) [Avacont] : Parsed successfully.
[08:52:39] [FILEPARSER]Started parsing.(Report) [FisaBugetara1] : Started parsing.
[08:52:39] [FILEPARSER]Parsed successfully.(Report) [FisaBugetara1] : Parsed successfully.
[08:52:39] [FILEPARSER]   → Total: 3 surse încărcate.(Report) [FisaBugetara1] :    → Total: 3 surse încărcate.
[08:52:39] [FILEPARSER]=== Parse Form/Report Headers ===(Report) [FisaBugetara1] : === Parse Form/Report Headers ===
[08:57:01] === Running VBA Analyzer ===
[08:57:01] ⚠️ No ACCESS database provided! Trying local files (C:\ExportVBA)...
[08:57:01] [FILEPARSER]Started parsing.(Module) [mdl_Autoexec] : Started parsing.
[08:57:01] [FILEPARSER]Parsed successfully.(Module) [mdl_Autoexec] : Parsed successfully.
[08:57:01] [FILEPARSER]Started parsing.(Form) [Avacont] : Started parsing.
[08:57:01] [FILEPARSER]Parsed successfully.(Form) [Avacont] : Parsed successfully.
[08:57:01] [FILEPARSER]Started parsing.(Report) [FisaBugetara1] : Started parsing.
[08:57:01] [FILEPARSER]Parsed successfully.(Report) [FisaBugetara1] : Parsed successfully.
[08:57:01] [FILEPARSER]   → Total: 3 surse încărcate.(Report) [FisaBugetara1] :    → Total: 3 surse încărcate.
[08:57:01] [FILEPARSER]=== Parse Form/Report Headers ===(Report) [FisaBugetara1] : === Parse Form/Report Headers ===
[09:13:16] === Running VBA Analyzer ===
[09:13:16] ⚠️ No ACCESS database provided! Trying local files (C:\ExportVBA)...
[09:13:16] [FILEPARSER]Started parsing.(Module) [mdl_Autoexec] : Started parsing.
[09:13:16] [FILEPARSER]Parsed successfully.(Module) [mdl_Autoexec] : Parsed successfully.
[09:13:16] [FILEPARSER]Started parsing.(Form) [Avacont] : Started parsing.
[09:13:16] [FILEPARSER]Parsed successfully.(Form) [Avacont] : Parsed successfully.
[09:13:16] [FILEPARSER]Started parsing.(Report) [FisaBugetara1] : Started parsing.
[09:13:16] [FILEPARSER]Parsed successfully.(Report) [FisaBugetara1] : Parsed successfully.
[09:13:16] [FILEPARSER]   → Total: 3 surse încărcate.(Report) [FisaBugetara1] :    → Total: 3 surse încărcate.
[09:13:16] [FILEPARSER]=== Parse Form/Report Headers ===(Report) [FisaBugetara1] : === Parse Form/Report Headers ===
[09:13:16] [FILEPARSER]Parsed report header: Avacont(Report) [FisaBugetara1] : Parsed report header: Avacont
[09:13:16] [FILEPARSER]Parsed report header: FisaBugetara1(Report) [FisaBugetara1] : Parsed report header: FisaBugetara1
[09:13:16] [FILEPARSER] parsed sucessfully.(Report) [FisaBugetara1] :  parsed sucessfully.
[09:13:16] [CODEPARSER]Methods: 3; Declares: ; Variables: 1; Constants: 0; (Report) [FisaBugetara1].[Report_Open] : Methods: 3; Declares: ; Variables: 1; Constants: 0; 
[09:13:16] [CODEPARSER]Methods: 10; Declares: ; Variables: 5; Constants: 0; (Form) [Avacont].[Terminare_Click] : Methods: 10; Declares: ; Variables: 5; Constants: 0; 
[09:13:16] [CODEPARSER]Methods: 21; Declares: 3; Variables: 21; Constants: 1; (Module) [mdl_Autoexec].[Check_Avazip] : Methods: 21; Declares: 3; Variables: 21; Constants: 1; 
[09:13:16] [TOKENIZER]Tokenizing module: FisaBugetara1 (Report)(Report) [FisaBugetara1] : Tokenizing module: FisaBugetara1 (Report)
[09:16:16] [TOKENIZER]Tokenizing module: Avacont (Form)(Form) [Avacont].[Report_Open] : Tokenizing module: Avacont (Form)
[09:16:22] [TOKENIZER]Tokenizing module: mdl_Autoexec (Module)(Module) [mdl_Autoexec].[Terminare_Click] : Tokenizing module: mdl_Autoexec (Module)
[2025-11-07 09:16:22] ❌ TokenizeModule: InvalidCastException - Unable to cast object of type 'ModuleContainer' to type 'FormReportContainer'.
   at TokenizeModule (modTokenization.vb:76)
[09:17:17] === Running VBA Analyzer ===
[09:17:17] ⚠️ No ACCESS database provided! Trying local files (C:\ExportVBA)...
[09:17:17] [FILEPARSER]Started parsing.(Module) [mdl_Autoexec] : Started parsing.
[09:17:17] [FILEPARSER]Parsed successfully.(Module) [mdl_Autoexec] : Parsed successfully.
[09:17:17] [FILEPARSER]Started parsing.(Form) [Avacont] : Started parsing.
[09:17:17] [FILEPARSER]Parsed successfully.(Form) [Avacont] : Parsed successfully.
[09:17:17] [FILEPARSER]Started parsing.(Report) [FisaBugetara1] : Started parsing.
[09:17:17] [FILEPARSER]Parsed successfully.(Report) [FisaBugetara1] : Parsed successfully.
[09:17:17] [FILEPARSER]   → Total: 3 surse încărcate.(Report) [FisaBugetara1] :    → Total: 3 surse încărcate.
[09:17:17] [FILEPARSER]=== Parse Form/Report Headers ===(Report) [FisaBugetara1] : === Parse Form/Report Headers ===
[09:20:41] === Running VBA Analyzer ===
[09:20:41] ⚠️ No ACCESS database provided! Trying local files (C:\ExportVBA)...
[09:20:41] [FILEPARSER]Started parsing.(Module) [mdl_Autoexec] : Started parsing.
[09:20:41] [FILEPARSER]Parsed successfully.(Module) [mdl_Autoexec] : Parsed successfully.
[09:20:41] [FILEPARSER]Started parsing.(Form) [Avacont] : Started parsing.
[09:20:41] [FILEPARSER]Parsed successfully.(Form) [Avacont] : Parsed successfully.
[09:20:41] [FILEPARSER]Started parsing.(Report) [FisaBugetara1] : Started parsing.
[09:20:41] [FILEPARSER]Parsed successfully.(Report) [FisaBugetara1] : Parsed successfully.
[09:20:41] [FILEPARSER]   → Total: 3 surse încărcate.(Report) [FisaBugetara1] :    → Total: 3 surse încărcate.
[09:20:41] [FILEPARSER]=== Parse Form/Report Headers ===(Report) [FisaBugetara1] : === Parse Form/Report Headers ===
[09:22:06] === Running VBA Analyzer ===
[09:22:06] ⚠️ No ACCESS database provided! Trying local files (C:\ExportVBA)...
[09:22:06] [FILEPARSER]Started parsing.(Module) [mdl_Autoexec] : Started parsing.
[09:22:06] [FILEPARSER]Parsed successfully.(Module) [mdl_Autoexec] : Parsed successfully.
[09:22:06] [FILEPARSER]Started parsing.(Form) [Avacont] : Started parsing.
[09:22:06] [FILEPARSER]Parsed successfully.(Form) [Avacont] : Parsed successfully.
[09:22:06] [FILEPARSER]Started parsing.(Report) [FisaBugetara1] : Started parsing.
[09:22:06] [FILEPARSER]Parsed successfully.(Report) [FisaBugetara1] : Parsed successfully.
[09:22:06] [FILEPARSER]   → Total: 3 surse încărcate.(Report) [FisaBugetara1] :    → Total: 3 surse încărcate.
[09:22:06] [FILEPARSER]=== Parse Form/Report Headers ===(Report) [FisaBugetara1] : === Parse Form/Report Headers ===
[09:22:06] [FILEPARSER]Parsed report header: Avacont(Report) [FisaBugetara1] : Parsed report header: Avacont
[09:22:06] [FILEPARSER]Parsed report header: FisaBugetara1(Report) [FisaBugetara1] : Parsed report header: FisaBugetara1
[09:22:06] [FILEPARSER] parsed sucessfully.(Report) [FisaBugetara1] :  parsed sucessfully.
[09:22:06] [CODEPARSER]Methods: 3; Declares: ; Variables: 1; Constants: 0; (Report) [FisaBugetara1].[Report_Open] : Methods: 3; Declares: ; Variables: 1; Constants: 0; 
[09:22:06] [CODEPARSER]Methods: 10; Declares: ; Variables: 5; Constants: 0; (Form) [Avacont].[Terminare_Click] : Methods: 10; Declares: ; Variables: 5; Constants: 0; 
[09:22:06] [CODEPARSER]Methods: 21; Declares: 3; Variables: 21; Constants: 1; (Module) [mdl_Autoexec].[Check_Avazip] : Methods: 21; Declares: 3; Variables: 21; Constants: 1; 
[09:22:06] [TOKENIZER]Tokenizing module: FisaBugetara1 (Report)(Report) [FisaBugetara1] : Tokenizing module: FisaBugetara1 (Report)
[09:22:20] [TOKENIZER]Tokenizing module: Avacont (Form)(Form) [Avacont].[Report_Open] : Tokenizing module: Avacont (Form)
[09:22:20] [TOKENIZER]Tokenizing module: mdl_Autoexec (Module)(Module) [mdl_Autoexec].[Terminare_Click] : Tokenizing module: mdl_Autoexec (Module)
[2025-11-07 09:22:20] ❌ TokenizeModule: InvalidCastException - Unable to cast object of type 'ModuleContainer' to type 'FormReportContainer'.
   at TokenizeModule (modTokenization.vb:76)
[09:22:20] ✅ Time taken to complete: 14,0s
[09:22:20] ✅ BuildTreeAsync completed.
[09:23:37] === Running VBA Analyzer ===
[09:23:37] ⚠️ No ACCESS database provided! Trying local files (C:\ExportVBA)...
[09:23:38] [FILEPARSER]Started parsing.(Module) [mdl_Autoexec] : Started parsing.
[09:23:38] [FILEPARSER]Parsed successfully.(Module) [mdl_Autoexec] : Parsed successfully.
[09:23:38] [FILEPARSER]Started parsing.(Form) [Avacont] : Started parsing.
[09:23:38] [FILEPARSER]Parsed successfully.(Form) [Avacont] : Parsed successfully.
[09:23:38] [FILEPARSER]Started parsing.(Report) [FisaBugetara1] : Started parsing.
[09:23:38] [FILEPARSER]Parsed successfully.(Report) [FisaBugetara1] : Parsed successfully.
[09:23:38] [FILEPARSER]   → Total: 3 surse încărcate.(Report) [FisaBugetara1] :    → Total: 3 surse încărcate.
[09:23:38] [FILEPARSER]=== Parse Form/Report Headers ===(Report) [FisaBugetara1] : === Parse Form/Report Headers ===
[09:56:34] === Running VBA Analyzer ===
[09:56:34] ⚠️ No ACCESS database provided! Trying local files (C:\ExportVBA)...
[09:56:34] [FILEPARSER]Started parsing.(Module) [mdl_Autoexec] : Started parsing.
[09:56:34] [FILEPARSER]Parsed successfully.(Module) [mdl_Autoexec] : Parsed successfully.
[09:56:34] [FILEPARSER]Started parsing.(Form) [Avacont] : Started parsing.
[09:56:34] [FILEPARSER]Parsed successfully.(Form) [Avacont] : Parsed successfully.
[09:56:34] [FILEPARSER]Started parsing.(Report) [FisaBugetara1] : Started parsing.
[09:56:34] [FILEPARSER]Parsed successfully.(Report) [FisaBugetara1] : Parsed successfully.
[09:56:34] [FILEPARSER]   → Total: 3 surse încărcate.(Report) [FisaBugetara1] :    → Total: 3 surse încărcate.
[09:56:34] [FILEPARSER]=== Parse Form/Report Headers ===(Report) [FisaBugetara1] : === Parse Form/Report Headers ===
[11:58:51] === Running VBA Analyzer ===
[11:58:51] ⚠️ No ACCESS database provided! Trying local files (C:\ExportVBA)...
[11:58:51] [FILEPARSER]Started parsing.(Module) [mdl_Autoexec] : Started parsing.
[11:58:52] [FILEPARSER]Parsed successfully.(Module) [mdl_Autoexec] : Parsed successfully.
[11:58:52] [FILEPARSER]Started parsing.(Form) [Avacont] : Started parsing.
[11:58:52] [FILEPARSER]Parsed successfully.(Form) [Avacont] : Parsed successfully.
[11:58:52] [FILEPARSER]Started parsing.(Report) [FisaBugetara1] : Started parsing.
[11:58:52] [FILEPARSER]Parsed successfully.(Report) [FisaBugetara1] : Parsed successfully.
[11:58:52] [FILEPARSER]   → Total: 3 surse încărcate.(Report) [FisaBugetara1] :    → Total: 3 surse încărcate.
[11:58:52] [FILEPARSER]=== Parse Form/Report Headers ===(Report) [FisaBugetara1] : === Parse Form/Report Headers ===
[11:59:39] === Running VBA Analyzer ===
[11:59:39] ⚠️ No ACCESS database provided! Trying local files (C:\ExportVBA)...
[11:59:39] [FILEPARSER]Started parsing.(Module) [mdl_Autoexec] : Started parsing.
[11:59:39] [FILEPARSER]Parsed successfully.(Module) [mdl_Autoexec] : Parsed successfully.
[11:59:39] [FILEPARSER]Started parsing.(Form) [Avacont] : Started parsing.
[11:59:39] [FILEPARSER]Parsed successfully.(Form) [Avacont] : Parsed successfully.
[11:59:39] [FILEPARSER]Started parsing.(Report) [FisaBugetara1] : Started parsing.
[11:59:39] [FILEPARSER]Parsed successfully.(Report) [FisaBugetara1] : Parsed successfully.
[11:59:39] [FILEPARSER]   → Total: 3 surse încărcate.(Report) [FisaBugetara1] :    → Total: 3 surse încărcate.
[11:59:39] [FILEPARSER]=== Parse Form/Report Headers ===(Report) [FisaBugetara1] : === Parse Form/Report Headers ===
[12:02:22] === Running VBA Analyzer ===
[12:02:22] ⚠️ No ACCESS database provided! Trying local files (C:\ExportVBA)...
[12:02:22] [FILEPARSER]Started parsing.(Module) [mdl_Autoexec] : Started parsing.
[12:02:22] [FILEPARSER]Parsed successfully.(Module) [mdl_Autoexec] : Parsed successfully.
[12:02:22] [FILEPARSER]Started parsing.(Form) [Avacont] : Started parsing.
[12:02:22] [FILEPARSER]Parsed successfully.(Form) [Avacont] : Parsed successfully.
[12:02:22] [FILEPARSER]Started parsing.(Report) [FisaBugetara1] : Started parsing.
[12:02:22] [FILEPARSER]Parsed successfully.(Report) [FisaBugetara1] : Parsed successfully.
[12:02:22] [FILEPARSER]   → Total: 3 surse încărcate.(Report) [FisaBugetara1] :    → Total: 3 surse încărcate.
[12:02:22] [FILEPARSER]=== Parse Form/Report Headers ===(Report) [FisaBugetara1] : === Parse Form/Report Headers ===
[12:04:55] === Running VBA Analyzer ===
[12:04:55] ⚠️ No ACCESS database provided! Trying local files (C:\ExportVBA)...
[12:04:55] [FILEPARSER]Started parsing.(Module) [mdl_Autoexec] : Started parsing.
[12:04:55] [FILEPARSER]Parsed successfully.(Module) [mdl_Autoexec] : Parsed successfully.
[12:04:55] [FILEPARSER]Started parsing.(Form) [Avacont] : Started parsing.
[12:04:55] [FILEPARSER]Parsed successfully.(Form) [Avacont] : Parsed successfully.
[12:04:55] [FILEPARSER]Started parsing.(Report) [FisaBugetara1] : Started parsing.
[12:04:55] [FILEPARSER]Parsed successfully.(Report) [FisaBugetara1] : Parsed successfully.
[12:04:55] [FILEPARSER]   → Total: 3 surse încărcate.(Report) [FisaBugetara1] :    → Total: 3 surse încărcate.
[12:04:55] [FILEPARSER]=== Parse Form/Report Headers ===(Report) [FisaBugetara1] : === Parse Form/Report Headers ===
[12:08:00] === Running VBA Analyzer ===
[12:08:00] ⚠️ No ACCESS database provided! Trying local files (C:\ExportVBA)...
[12:08:00] [FILEPARSER]Started parsing.(Module) [mdl_Autoexec] : Started parsing.
[12:08:00] [FILEPARSER]Parsed successfully.(Module) [mdl_Autoexec] : Parsed successfully.
[12:08:00] [FILEPARSER]Started parsing.(Form) [Avacont] : Started parsing.
[12:08:00] [FILEPARSER]Parsed successfully.(Form) [Avacont] : Parsed successfully.
[12:08:00] [FILEPARSER]Started parsing.(Report) [FisaBugetara1] : Started parsing.
[12:08:00] [FILEPARSER]Parsed successfully.(Report) [FisaBugetara1] : Parsed successfully.
[12:08:00] [FILEPARSER]   → Total: 3 surse încărcate.(Report) [FisaBugetara1] :    → Total: 3 surse încărcate.
[12:08:00] [FILEPARSER]=== Parse Form/Report Headers ===(Report) [FisaBugetara1] : === Parse Form/Report Headers ===
[12:09:56] === Running VBA Analyzer ===
[12:09:56] ⚠️ No ACCESS database provided! Trying local files (C:\ExportVBA)...
[12:09:56] [FILEPARSER]Started parsing.(Module) [mdl_Autoexec] : Started parsing.
[12:09:56] [FILEPARSER]Parsed successfully.(Module) [mdl_Autoexec] : Parsed successfully.
[12:09:56] [FILEPARSER]Started parsing.(Form) [Avacont] : Started parsing.
[12:09:56] [FILEPARSER]Parsed successfully.(Form) [Avacont] : Parsed successfully.
[12:09:56] [FILEPARSER]Started parsing.(Report) [FisaBugetara1] : Started parsing.
[12:09:56] [FILEPARSER]Parsed successfully.(Report) [FisaBugetara1] : Parsed successfully.
[12:09:56] [FILEPARSER]   → Total: 3 surse încărcate.(Report) [FisaBugetara1] :    → Total: 3 surse încărcate.
[12:09:56] [FILEPARSER]=== Parse Form/Report Headers ===(Report) [FisaBugetara1] : === Parse Form/Report Headers ===
[12:17:35] === Running VBA Analyzer ===
[12:17:35] ⚠️ No ACCESS database provided! Trying local files (C:\ExportVBA)...
[12:17:35] [FILEPARSER]Started parsing.(Module) [mdl_Autoexec] : Started parsing.
[12:17:35] [FILEPARSER]Parsed successfully.(Module) [mdl_Autoexec] : Parsed successfully.
[12:17:35] [FILEPARSER]Started parsing.(Form) [Avacont] : Started parsing.
[12:17:35] [FILEPARSER]Parsed successfully.(Form) [Avacont] : Parsed successfully.
[12:17:35] [FILEPARSER]Started parsing.(Report) [FisaBugetara1] : Started parsing.
[12:17:35] [FILEPARSER]Parsed successfully.(Report) [FisaBugetara1] : Parsed successfully.
[12:17:35] [FILEPARSER]   → Total: 3 surse încărcate.(Report) [FisaBugetara1] :    → Total: 3 surse încărcate.
[12:17:35] [FILEPARSER]=== Parse Form/Report Headers ===(Report) [FisaBugetara1] : === Parse Form/Report Headers ===
[12:17:35] [FILEPARSER]Parsed report header: Avacont(Report) [FisaBugetara1] : Parsed report header: Avacont
[12:17:35] [FILEPARSER]Parsed report header: FisaBugetara1(Report) [FisaBugetara1] : Parsed report header: FisaBugetara1
[12:17:35] [FILEPARSER] parsed sucessfully.(Report) [FisaBugetara1] :  parsed sucessfully.
[12:17:35] [CODEPARSER]Methods: 3; Declares: ; Variables: 1; Constants: 0; (Report) [FisaBugetara1].[Report_Open] : Methods: 3; Declares: ; Variables: 1; Constants: 0; 
[12:17:35] [CODEPARSER]Methods: 10; Declares: ; Variables: 5; Constants: 0; (Form) [Avacont].[Terminare_Click] : Methods: 10; Declares: ; Variables: 5; Constants: 0; 
[12:17:35] [CODEPARSER]Methods: 21; Declares: 3; Variables: 21; Constants: 1; (Module) [mdl_Autoexec].[Check_Avazip] : Methods: 21; Declares: 3; Variables: 21; Constants: 1; 
[12:17:35] [TOKENIZER]Tokenizing module: FisaBugetara1 (Report)(Report) [FisaBugetara1] : Tokenizing module: FisaBugetara1 (Report)
[12:17:40] [TOKENIZER]Tokenizing module: Avacont (Form)(Form) [Avacont].[Report_Open] : Tokenizing module: Avacont (Form)
[12:17:40] [TOKENIZER]Tokenizing module: mdl_Autoexec (Module)(Module) [mdl_Autoexec].[Terminare_Click] : Tokenizing module: mdl_Autoexec (Module)
[2025-11-08 12:17:40] ❌ TokenizeModule: InvalidCastException - Unable to cast object of type 'ModuleContainer' to type 'FormReportContainer'.
   at TokenizeModule (modTokenization.vb:77)
[12:17:40] ✅ Time taken to complete: 5,7s
[12:17:41] ✅ BuildTreeAsync completed.
[14:11:12] === Running VBA Analyzer ===
[14:11:12] ⚠️ No ACCESS database provided! Trying local files (C:\ExportVBA)...
[14:11:12] [FILEPARSER]Started parsing.(Module) [mdl_Autoexec] : Started parsing.
[14:11:12] [FILEPARSER]Parsed successfully.(Module) [mdl_Autoexec] : Parsed successfully.
[14:11:12] [FILEPARSER]Started parsing.(Form) [Avacont] : Started parsing.
[14:11:12] [FILEPARSER]Parsed successfully.(Form) [Avacont] : Parsed successfully.
[14:11:12] [FILEPARSER]Started parsing.(Report) [FisaBugetara1] : Started parsing.
[14:11:12] [FILEPARSER]Parsed successfully.(Report) [FisaBugetara1] : Parsed successfully.
[14:11:12] [FILEPARSER]   → Total: 3 surse încărcate.(Report) [FisaBugetara1] :    → Total: 3 surse încărcate.
[14:11:12] [FILEPARSER]=== Parse Form/Report Headers ===(Report) [FisaBugetara1] : === Parse Form/Report Headers ===
[14:15:59] === Running VBA Analyzer ===
[14:15:59] ⚠️ No ACCESS database provided! Trying local files (C:\ExportVBA)...
[14:15:59] [FILEPARSER]Started parsing.(Module) [mdl_Autoexec] : Started parsing.
[14:15:59] [FILEPARSER]Parsed successfully.(Module) [mdl_Autoexec] : Parsed successfully.
[14:15:59] [FILEPARSER]Started parsing.(Form) [Avacont] : Started parsing.
[14:15:59] [FILEPARSER]Parsed successfully.(Form) [Avacont] : Parsed successfully.
[14:15:59] [FILEPARSER]Started parsing.(Report) [FisaBugetara1] : Started parsing.
[14:15:59] [FILEPARSER]Parsed successfully.(Report) [FisaBugetara1] : Parsed successfully.
[14:15:59] [FILEPARSER]   → Total: 3 surse încărcate.(Report) [FisaBugetara1] :    → Total: 3 surse încărcate.
[14:15:59] [FILEPARSER]=== Parse Form/Report Headers ===(Report) [FisaBugetara1] : === Parse Form/Report Headers ===
[14:18:40] === Running VBA Analyzer ===
[14:18:40] ⚠️ No ACCESS database provided! Trying local files (C:\ExportVBA)...
[14:18:40] [FILEPARSER]Started parsing.(Module) [mdl_Autoexec] : Started parsing.
[14:18:40] [FILEPARSER]Parsed successfully.(Module) [mdl_Autoexec] : Parsed successfully.
[14:18:40] [FILEPARSER]Started parsing.(Form) [Avacont] : Started parsing.
[14:18:40] [FILEPARSER]Parsed successfully.(Form) [Avacont] : Parsed successfully.
[14:18:40] [FILEPARSER]Started parsing.(Report) [FisaBugetara1] : Started parsing.
[14:18:40] [FILEPARSER]Parsed successfully.(Report) [FisaBugetara1] : Parsed successfully.
[14:18:40] [FILEPARSER]   → Total: 3 surse încărcate.(Report) [FisaBugetara1] :    → Total: 3 surse încărcate.
[14:18:40] [FILEPARSER]=== Parse Form/Report Headers ===(Report) [FisaBugetara1] : === Parse Form/Report Headers ===
[14:21:00] === Running VBA Analyzer ===
[14:21:00] ⚠️ No ACCESS database provided! Trying local files (C:\ExportVBA)...
[14:21:00] [FILEPARSER]Started parsing.(Module) [mdl_Autoexec] : Started parsing.
[14:21:00] [FILEPARSER]Parsed successfully.(Module) [mdl_Autoexec] : Parsed successfully.
[14:21:00] [FILEPARSER]Started parsing.(Form) [Avacont] : Started parsing.
[14:21:00] [FILEPARSER]Parsed successfully.(Form) [Avacont] : Parsed successfully.
[14:21:00] [FILEPARSER]Started parsing.(Report) [FisaBugetara1] : Started parsing.
[14:21:00] [FILEPARSER]Parsed successfully.(Report) [FisaBugetara1] : Parsed successfully.
[14:21:00] [FILEPARSER]   → Total: 3 surse încărcate.(Report) [FisaBugetara1] :    → Total: 3 surse încărcate.
[14:21:00] [FILEPARSER]=== Parse Form/Report Headers ===(Report) [FisaBugetara1] : === Parse Form/Report Headers ===
[14:27:29] === Running VBA Analyzer ===
[14:27:29] ⚠️ No ACCESS database provided! Trying local files (C:\ExportVBA)...
[14:27:29] [FILEPARSER]Started parsing.(Module) [mdl_Autoexec] : Started parsing.
[14:27:29] [FILEPARSER]Parsed successfully.(Module) [mdl_Autoexec] : Parsed successfully.
[14:27:29] [FILEPARSER]Started parsing.(Form) [Avacont] : Started parsing.
[14:27:29] [FILEPARSER]Parsed successfully.(Form) [Avacont] : Parsed successfully.
[14:27:29] [FILEPARSER]Started parsing.(Report) [FisaBugetara1] : Started parsing.
[14:27:29] [FILEPARSER]Parsed successfully.(Report) [FisaBugetara1] : Parsed successfully.
[14:27:29] [FILEPARSER]   → Total: 3 surse încărcate.(Report) [FisaBugetara1] :    → Total: 3 surse încărcate.
[14:27:29] [FILEPARSER]=== Parse Form/Report Headers ===(Report) [FisaBugetara1] : === Parse Form/Report Headers ===
[14:30:01] === Running VBA Analyzer ===
[14:30:01] ⚠️ No ACCESS database provided! Trying local files (C:\ExportVBA)...
[14:30:01] [FILEPARSER]Started parsing.(Module) [mdl_Autoexec] : Started parsing.
[14:30:01] [FILEPARSER]Parsed successfully.(Module) [mdl_Autoexec] : Parsed successfully.
[14:30:01] [FILEPARSER]Started parsing.(Form) [Avacont] : Started parsing.
[14:30:01] [FILEPARSER]Parsed successfully.(Form) [Avacont] : Parsed successfully.
[14:30:01] [FILEPARSER]Started parsing.(Report) [FisaBugetara1] : Started parsing.
[14:30:01] [FILEPARSER]Parsed successfully.(Report) [FisaBugetara1] : Parsed successfully.
[14:30:01] [FILEPARSER]   → Total: 3 surse încărcate.(Report) [FisaBugetara1] :    → Total: 3 surse încărcate.
[14:30:01] [FILEPARSER]=== Parse Form/Report Headers ===(Report) [FisaBugetara1] : === Parse Form/Report Headers ===
[14:30:37] === Running VBA Analyzer ===
[14:30:37] ⚠️ No ACCESS database provided! Trying local files (C:\ExportVBA)...
[14:30:37] [FILEPARSER]Started parsing.(Module) [mdl_Autoexec] : Started parsing.
[14:30:37] [FILEPARSER]Parsed successfully.(Module) [mdl_Autoexec] : Parsed successfully.
[14:30:37] [FILEPARSER]Started parsing.(Form) [Avacont] : Started parsing.
[14:30:37] [FILEPARSER]Parsed successfully.(Form) [Avacont] : Parsed successfully.
[14:30:37] [FILEPARSER]Started parsing.(Report) [FisaBugetara1] : Started parsing.
[14:30:37] [FILEPARSER]Parsed successfully.(Report) [FisaBugetara1] : Parsed successfully.
[14:30:37] [FILEPARSER]   → Total: 3 surse încărcate.(Report) [FisaBugetara1] :    → Total: 3 surse încărcate.
[14:30:37] [FILEPARSER]=== Parse Form/Report Headers ===(Report) [FisaBugetara1] : === Parse Form/Report Headers ===
[14:31:05] === Running VBA Analyzer ===
[14:31:05] ⚠️ No ACCESS database provided! Trying local files (C:\ExportVBA)...
[14:31:05] [FILEPARSER]Started parsing.(Module) [mdl_Autoexec] : Started parsing.
[14:31:05] [FILEPARSER]Parsed successfully.(Module) [mdl_Autoexec] : Parsed successfully.
[14:31:05] [FILEPARSER]Started parsing.(Form) [Avacont] : Started parsing.
[14:31:05] [FILEPARSER]Parsed successfully.(Form) [Avacont] : Parsed successfully.
[14:31:05] [FILEPARSER]Started parsing.(Report) [FisaBugetara1] : Started parsing.
[14:31:05] [FILEPARSER]Parsed successfully.(Report) [FisaBugetara1] : Parsed successfully.
[14:31:05] [FILEPARSER]   → Total: 3 surse încărcate.(Report) [FisaBugetara1] :    → Total: 3 surse încărcate.
[14:31:05] [FILEPARSER]=== Parse Form/Report Headers ===(Report) [FisaBugetara1] : === Parse Form/Report Headers ===
[14:34:33] === Running VBA Analyzer ===
[14:34:33] ⚠️ No ACCESS database provided! Trying local files (C:\ExportVBA)...
[14:34:33] [FILEPARSER]Started parsing.(Module) [mdl_Autoexec] : Started parsing.
[14:34:33] [FILEPARSER]Parsed successfully.(Module) [mdl_Autoexec] : Parsed successfully.
[14:34:33] [FILEPARSER]Started parsing.(Form) [Avacont] : Started parsing.
[14:34:33] [FILEPARSER]Parsed successfully.(Form) [Avacont] : Parsed successfully.
[14:34:33] [FILEPARSER]Started parsing.(Report) [FisaBugetara1] : Started parsing.
[14:34:33] [FILEPARSER]Parsed successfully.(Report) [FisaBugetara1] : Parsed successfully.
[14:34:33] [FILEPARSER]   → Total: 3 surse încărcate.(Report) [FisaBugetara1] :    → Total: 3 surse încărcate.
[14:34:33] [FILEPARSER]=== Parse Form/Report Headers ===(Report) [FisaBugetara1] : === Parse Form/Report Headers ===
[14:36:00] === Running VBA Analyzer ===
[14:36:01] ⚠️ No ACCESS database provided! Trying local files (C:\ExportVBA)...
[14:36:01] [FILEPARSER]Started parsing.(Module) [mdl_Autoexec] : Started parsing.
[14:36:01] [FILEPARSER]Parsed successfully.(Module) [mdl_Autoexec] : Parsed successfully.
[14:36:01] [FILEPARSER]Started parsing.(Form) [Avacont] : Started parsing.
[14:36:01] [FILEPARSER]Parsed successfully.(Form) [Avacont] : Parsed successfully.
[14:36:01] [FILEPARSER]Started parsing.(Report) [FisaBugetara1] : Started parsing.
[14:36:01] [FILEPARSER]Parsed successfully.(Report) [FisaBugetara1] : Parsed successfully.
[14:36:01] [FILEPARSER]   → Total: 3 surse încărcate.(Report) [FisaBugetara1] :    → Total: 3 surse încărcate.
[14:36:01] [FILEPARSER]=== Parse Form/Report Headers ===(Report) [FisaBugetara1] : === Parse Form/Report Headers ===
[14:37:36] === Running VBA Analyzer ===
[14:37:36] ⚠️ No ACCESS database provided! Trying local files (C:\ExportVBA)...
[14:37:36] [FILEPARSER]Started parsing.(Module) [mdl_Autoexec] : Started parsing.
[14:37:36] [FILEPARSER]Parsed successfully.(Module) [mdl_Autoexec] : Parsed successfully.
[14:37:36] [FILEPARSER]Started parsing.(Form) [Avacont] : Started parsing.
[14:37:36] [FILEPARSER]Parsed successfully.(Form) [Avacont] : Parsed successfully.
[14:37:36] [FILEPARSER]Started parsing.(Report) [FisaBugetara1] : Started parsing.
[14:37:36] [FILEPARSER]Parsed successfully.(Report) [FisaBugetara1] : Parsed successfully.
[14:37:36] [FILEPARSER]   → Total: 3 surse încărcate.(Report) [FisaBugetara1] :    → Total: 3 surse încărcate.
[14:37:36] [FILEPARSER]=== Parse Form/Report Headers ===(Report) [FisaBugetara1] : === Parse Form/Report Headers ===
[11:41:10] === Running VBA Analyzer ===
[11:41:10] ⚠️ No ACCESS database provided! Trying local files (C:\ExportVBA)...
[11:41:10] [FILEPARSER]Started parsing.(Module) [mdl_Autoexec] : Started parsing.
[11:41:10] [FILEPARSER]Parsed successfully.(Module) [mdl_Autoexec] : Parsed successfully.
[11:41:10] [FILEPARSER]Started parsing.(Form) [Avacont] : Started parsing.
[11:41:10] [FILEPARSER]Parsed successfully.(Form) [Avacont] : Parsed successfully.
[11:41:10] [FILEPARSER]Started parsing.(Report) [FisaBugetara1] : Started parsing.
[11:41:10] [FILEPARSER]Parsed successfully.(Report) [FisaBugetara1] : Parsed successfully.
[11:41:10] [FILEPARSER]   → Total: 3 surse încărcate.(Report) [FisaBugetara1] :    → Total: 3 surse încărcate.
[11:41:10] [FILEPARSER]=== Parse Form/Report Headers ===(Report) [FisaBugetara1] : === Parse Form/Report Headers ===
[12:15:52] === Running VBA Analyzer ===
[12:15:52] ⚠️ No ACCESS database provided! Trying local files (C:\ExportVBA)...
[12:15:52] [FILEPARSER]Started parsing.(Module) [mdl_Autoexec] : Started parsing.
[12:15:52] [FILEPARSER]Parsed successfully.(Module) [mdl_Autoexec] : Parsed successfully.
[12:15:52] [FILEPARSER]Started parsing.(Form) [Avacont] : Started parsing.
[12:15:52] [FILEPARSER]Parsed successfully.(Form) [Avacont] : Parsed successfully.
[12:15:52] [FILEPARSER]Started parsing.(Report) [FisaBugetara1] : Started parsing.
[12:15:52] [FILEPARSER]Parsed successfully.(Report) [FisaBugetara1] : Parsed successfully.
[12:15:52] [FILEPARSER]   → Total: 3 surse încărcate.(Report) [FisaBugetara1] :    → Total: 3 surse încărcate.
[12:15:52] [FILEPARSER]=== Parse Form/Report Headers ===(Report) [FisaBugetara1] : === Parse Form/Report Headers ===
[12:26:57] === Running VBA Analyzer ===
[12:26:57] ⚠️ No ACCESS database provided! Trying local files (C:\ExportVBA)...
[12:26:57] [FILEPARSER]Started parsing.(Module) [mdl_Autoexec] : Started parsing.
[12:26:57] [FILEPARSER]Parsed successfully.(Module) [mdl_Autoexec] : Parsed successfully.
[12:26:57] [FILEPARSER]Started parsing.(Form) [Avacont] : Started parsing.
[12:26:57] [FILEPARSER]Parsed successfully.(Form) [Avacont] : Parsed successfully.
[12:26:57] [FILEPARSER]Started parsing.(Report) [FisaBugetara1] : Started parsing.
[12:26:57] [FILEPARSER]Parsed successfully.(Report) [FisaBugetara1] : Parsed successfully.
[12:26:57] [FILEPARSER]   → Total: 3 surse încărcate.(Report) [FisaBugetara1] :    → Total: 3 surse încărcate.
[12:26:57] [FILEPARSER]=== Parse Form/Report Headers ===(Report) [FisaBugetara1] : === Parse Form/Report Headers ===
[12:26:57] [FILEPARSER]Parsed report header: Avacont(Report) [FisaBugetara1] : Parsed report header: Avacont
[12:26:57] [FILEPARSER]Parsed report header: FisaBugetara1(Report) [FisaBugetara1] : Parsed report header: FisaBugetara1
[12:26:58] [FILEPARSER] parsed sucessfully.(Report) [FisaBugetara1] :  parsed sucessfully.
[12:26:58] [CODEPARSER]Methods: 3; Declares: ; Variables: 1; Constants: 0; (Report) [FisaBugetara1].[Report_Open] : Methods: 3; Declares: ; Variables: 1; Constants: 0; 
[12:26:58] [CODEPARSER]Methods: 10; Declares: ; Variables: 5; Constants: 0; (Form) [Avacont].[Terminare_Click] : Methods: 10; Declares: ; Variables: 5; Constants: 0; 
[12:26:58] [CODEPARSER]Methods: 21; Declares: 3; Variables: 21; Constants: 1; (Module) [mdl_Autoexec].[Check_Avazip] : Methods: 21; Declares: 3; Variables: 21; Constants: 1; 
[12:26:58] [TOKENIZER]Tokenizing module: FisaBugetara1 (Report)(Report) [FisaBugetara1] : Tokenizing module: FisaBugetara1 (Report)
[12:26:58] [TOKENIZER]Tokenizing module: Avacont (Form)(Form) [Avacont].[Report_Open] : Tokenizing module: Avacont (Form)
[12:26:58] [TOKENIZER]Tokenizing module: mdl_Autoexec (Module)(Module) [mdl_Autoexec].[Terminare_Click] : Tokenizing module: mdl_Autoexec (Module)
[2025-11-10 12:26:58] ❌ TokenizeModule: InvalidCastException - Unable to cast object of type 'ModuleContainer' to type 'FormReportContainer'.
   at TokenizeModule (modTokenization.vb:79)
[12:26:58] ✅ Time taken to complete: 1,5s
[12:26:59] ✅ BuildTreeAsync completed.
[12:27:13] === Running VBA Analyzer ===
[12:27:13] ⚠️ No ACCESS database provided! Trying local files (C:\ExportVBA)...
[12:27:13] [FILEPARSER]Started parsing.(Module) [mdl_Autoexec] : Started parsing.
[12:27:13] [FILEPARSER]Parsed successfully.(Module) [mdl_Autoexec] : Parsed successfully.
[12:27:13] [FILEPARSER]Started parsing.(Form) [Avacont] : Started parsing.
[12:27:13] [FILEPARSER]Parsed successfully.(Form) [Avacont] : Parsed successfully.
[12:27:13] [FILEPARSER]Started parsing.(Report) [FisaBugetara1] : Started parsing.
[12:27:13] [FILEPARSER]Parsed successfully.(Report) [FisaBugetara1] : Parsed successfully.
[12:30:48] === Running VBA Analyzer ===
[12:30:48] ⚠️ No ACCESS database provided! Trying local files (C:\ExportVBA)...
[12:30:48] [FILEPARSER]Started parsing.(Module) [mdl_Autoexec] : Started parsing.
[12:30:49] [FILEPARSER]Parsed successfully.(Module) [mdl_Autoexec] : Parsed successfully.
[12:30:49] [FILEPARSER]Started parsing.(Form) [Avacont] : Started parsing.
[12:30:49] [FILEPARSER]Parsed successfully.(Form) [Avacont] : Parsed successfully.
[12:30:49] [FILEPARSER]Started parsing.(Report) [FisaBugetara1] : Started parsing.
[12:30:49] [FILEPARSER]Parsed successfully.(Report) [FisaBugetara1] : Parsed successfully.
[12:30:49] [FILEPARSER]   → Total: 3 surse încărcate.(Report) [FisaBugetara1] :    → Total: 3 surse încărcate.
[12:30:49] [FILEPARSER]=== Parse Form/Report Headers ===(Report) [FisaBugetara1] : === Parse Form/Report Headers ===
[20:07:33] === Running VBA Analyzer ===
[20:07:33] 📂 Openin ACCESS database: C:\Users\Adelina Trandafir\Downloads\AVACONT (35)\Avacont.accdb
[20:07:33] === Export Access VBA ===
[20:07:39] Access database opened...
[20:07:40]    [1] Modules\_SC_Constants
[20:07:40]    [2] Modules\clsRegExp
[20:07:40]    [3] Modules\basGDIPlus
[20:07:40]    [4] Modules\mdl_TimeFunction
[20:07:40]    [5] Modules\clsEF_element
[20:07:40]    [6] Modules\mdl_Salarii2015_deSters
[20:07:40]    [7] Modules\clsDatabaseErrors
[20:07:40]    [8] Modules\API_Functions
[20:07:40]    [9] Modules\mdl_Functii2023
[20:07:40]    [10] Modules\cTimerRouter
[20:07:40]    [11] Modules\clsWORKER
[20:07:40]    [12] Modules\clsDatabaseUtilities
[20:07:40]    [13] Modules\mdl_Popup_2
[20:07:40]    [14] Modules\cDirList
[20:07:40]    [15] Modules\API_VALUES
[20:07:40]    [16] Modules\mdl_TRECERE_AN
[20:07:40]    [17] Modules\clsFilePicker
[20:07:40]    [18] Modules\cFrms
[20:07:40]    [19] Modules\basRibbonCallbacks
[20:07:40]    [20] Modules\BStorage
[20:07:40]    [21] Modules\basRibbonState
[20:07:40]    [22] Modules\mdl_ScrollBars
[20:07:40]    [23] Modules\mdl_Registru
[20:07:40]    [24] Modules\clsJobTaskVar
[20:07:40]    [25] Modules\clsFirmaSS
[20:07:40]    [26] Modules\mdl_2022
[20:07:40]    [27] Modules\basRibbonGlobals
[20:07:40]    [28] Modules\cBtnMeniu
[20:07:40]    [29] Modules\clsHTTP_Async_Element
[20:07:40]    [30] Modules\BCrypt
[20:07:41]    [31] Modules\cBtn
[20:07:41]    [32] Modules\mdl_HookAccess
[20:07:41]    [33] Modules\clsCerts
[20:07:41]    [34] Modules\cBtns
[20:07:41]    [35] Modules\clsRECT
[20:07:41]    [36] Modules\clsAnchorManager
[20:07:41]    [37] Modules\mdl_Popup
[20:07:41]    [38] Modules\cBtnsMeniu
[20:07:41]    [39] Modules\clsFirmaTVAI
[20:07:41]    [40] Modules\mdl_NumberWordsRO
[20:07:41]    [41] Modules\mdl_FTP
[20:07:41]    [42] Modules\clsDatePicker_Anul
[20:07:41]    [43] Modules\cButton
[20:07:41]    [44] Modules\clsPipeEnums
[20:07:41]    [45] Modules\cButtons
[20:07:41]    [46] Modules\clFormWindow
[20:07:41]    [47] Modules\clsDatabaseError
[20:07:41]    [48] Modules\clsAnchorControl
[20:07:41]    [49] Modules\mdl_ColorPicker
[20:07:41]    [50] Modules\cDirItem
[20:07:41]    [51] Modules\clsReg
[20:07:41]    [52] Modules\cFrm
[20:07:41]    [53] Modules\cFTP
[20:07:41]    [54] Modules\mdl_DllPath
[20:07:41]    [55] Modules\cls_DraggableControl
[20:07:41]    [56] Modules\mdl_Ordonantare2026
[20:07:41]    [57] Modules\mdl_Functii2022
[20:07:41]    [58] Modules\mdl_CheckTVW
[20:07:41]    [59] Modules\clsADLOPER
[20:07:41]    [60] Modules\clsField
[20:07:41]    [61] Modules\clsTable
[20:07:41]    [62] Modules\clsAnaf_Async
[20:07:41]    [63] Modules\mdl_Uploader_VBNET
[20:07:42]    [64] Modules\mdl_TreeControlers
[20:07:42]    [65] Modules\clsCert
[20:07:42]    [66] Modules\clsDatePicker_Luna
[20:07:42]    [67] Modules\clsControlData
[20:07:42]    [68] Modules\clsDatabase
[20:07:42]    [69] Modules\mdl_Timer
[20:07:42]    [70] Modules\clsZipManager
[20:07:42]    [71] Modules\clsDatePicker
[20:07:42]    [72] Modules\mdl_Popup2026
[20:07:42]    [73] Modules\mdl_InputboxPW
[20:07:42]    [74] Modules\clsDatePicker_Day
[20:07:42]    [75] Modules\clsReg_KVP
[20:07:42]    [76] Modules\clsError
[20:07:42]    [77] Modules\clsFirma
[20:07:42]    [78] Modules\clsFirmaDG
[20:07:42]    [79] Modules\clsFirmaInactiva
[20:07:42]    [80] Modules\clsFirmaSF
[20:07:42]    [81] Modules\mdl_FX_Receptii
[20:07:42]    [82] Modules\clsFirmaTVA
[20:07:42]    [83] Modules\clsFirmaTVAS
[20:07:42]    [84] Modules\clsFirme
[20:07:42]    [85] Modules\mdl_FX_Tasks_Send
[20:07:42]    [86] Modules\clsHTTP_Async
[20:07:42]    [87] Modules\clsTreeView
[20:07:42]    [88] Modules\clsIndex
[20:07:42]    [89] Modules\clsReg_Section
[20:07:42]    [90] Modules\clsJobTask
[20:07:42]    [91] Modules\clsMeter
[20:07:42]    [92] Modules\mdl_MsBox
[20:07:42]    [93] Modules\mdl_DebugPrint
[20:07:42]    [94] Modules\clsQuery
[20:07:42]    [95] Modules\clsRegExp_Match
[20:07:42]    [96] Modules\clsRelation
[20:07:43]    [97] Modules\mdl_Pointer
[20:07:43]    [98] Modules\clsSplitter
[20:07:43]    [99] Modules\clsTrace
[20:07:43]    [100] Modules\mdl_Import_Extrase
[20:07:43]    [101] Modules\clsTraceInfo
[20:07:43]    [102] Modules\clsTraceItem
[20:07:43]    [103] Modules\mdl_VerificaCF
[20:07:43]    [104] Modules\clsTreeNode
[20:07:43]    [105] Modules\clsTreeView_Icons
[20:07:43]    [106] Modules\Inchide fereastra
[20:07:43]    [107] Modules\clsUnitate
[20:07:43]    [108] Modules\clsUnitati
[20:07:43]    [109] Modules\mdl_FX_Extrase
[20:07:43]    [110] Modules\clsWorkflows
[20:07:43]    [111] Modules\mdl_CnnTables
[20:07:43]    [112] Modules\cSalariiBtn
[20:07:43]    [113] Modules\cSalariiBtns
[20:07:43]    [114] Modules\cTrickTimer
[20:07:43]    [115] Modules\ExportXML
[20:07:43]    [116] Modules\FIRST
[20:07:43]    [117] Modules\iTimer
[20:07:43]    [118] Modules\LargeNumbers
[20:07:43]    [119] Modules\mdl_2024
[20:07:43]    [120] Modules\mdl_2025
[20:07:44]    [121] Modules\mdl_2026
[20:07:44]    [122] Modules\mdl_ADLOPER
[20:07:44]    [123] Modules\mdl_Anexa7
[20:07:44]    [124] Modules\mdl_FOREXEDB
[20:07:44]    [125] Modules\mdl_Angajamente
[20:07:44]    [126] Modules\mdl_Autoexec
[20:07:44]    [127] Modules\mdl_Balanta2020
[20:07:44]    [128] Modules\mdl_Borderless
[20:07:44]    [129] Modules\mdl_FX_ORD_Salvare
[20:07:44]    [130] Modules\mdl_FX_DDF_Salvare
[20:07:44]    [131] Modules\mdl_Burse
[20:07:44]    [132] Modules\mdl_WasShiftPressed
[20:07:44]    [133] Modules\mdl_Clipboard
[20:07:44]    [134] Modules\mdl_Diacritice
[20:07:44]    [135] Modules\mdl_DISK_RW
[20:07:44]    [136] Modules\mdl_FX_Helpers
[20:07:44]    [137] Modules\mdl_Dispozitii
[20:07:44]    [138] Modules\mdl_EFactura
[20:07:45]    [139] Modules\mdl_EFactura_Add
[20:07:45]    [140] Modules\mdl_EnumChildWindows
[20:07:45]    [141] Modules\mdl_ExecWait
[20:07:45]    [142] Modules\mdl_Launch_ImageViewer
[20:07:45]    [143] Modules\mdl_ExportExcel
[20:07:45]    [144] Modules\mdl_FileVersion
[20:07:45]    [145] Modules\mdl_Messagebox_hook
[20:07:45]    [146] Modules\mdl_Fise_Bugetare
[20:07:45]    [147] Modules\mdl_Sendkeys
[20:07:45]    [148] Modules\mdl_FONT
[20:07:45]    [149] Modules\mdl_FontCodBare
[20:07:45]    [150] Modules\mdl_Functii_Generale
[20:07:45]    [151] Modules\mdl_Functii2024
[20:07:45]    [152] Modules\mdl_GetWindowHandle
[20:07:45]    [153] Modules\mdl_GLOBALS
[20:07:45]    [154] Modules\mdl_Hook4Trez
[20:07:46]    [155] Modules\mdl_HTML
[20:07:46]    [156] Modules\mdl_Import_EDUSAL
[20:07:46]    [157] Modules\mdl_IsProcessRunning
[20:07:46]    [158] Modules\mdl_FX_Istoric
[20:07:46]    [159] Modules\mdl_JSON
[20:07:46]    [160] Modules\mdl_LargeNumbersOperations
[20:07:46]    [161] Modules\mdl_LoggedUsers
[20:07:46]    [162] Modules\mdl_MariaDB_Sync
[20:07:46]    [163] Modules\mdl_MeasureString
[20:07:46]    [164] Modules\mdl_MouseCursor
[20:07:46]    [165] Modules\mdl_FX_Angajament
[20:07:46]    [166] Modules\mdl_MouseScroll_Treeview
[20:07:46]    [167] Modules\mdl_Ordonantare
[20:07:46]    [168] Modules\mdl_PixelsToTwips
[20:07:46]    [169] Modules\mdl_Popup2022
[20:07:46]    [170] Modules\mdl_PositionRelativeToControl
[20:07:46]    [171] Modules\mdl_Propunere
[20:07:46]    [172] Modules\mdl_Python
[20:07:46]    [173] Modules\mdl_Rapoarte
[20:07:46]    [174] Modules\mdl_RegistruCasa
[20:07:46]    [175] Modules\mdl_Retea
[20:07:46]    [176] Modules\mdl_RUNONCE
[20:07:46]    [177] Modules\mdl_Salvare_NoteContabile
[20:07:46]    [178] Modules\mdl_ShellWait
[20:07:46]    [179] Modules\mdl_Siguranta
[20:07:46]    [180] Modules\mdl_FX_PopulareTree
[20:07:46]    [181] Modules\mdl_StdPicture
[20:07:46]    [182] Modules\mdl_TrustedLocation
[20:07:46]    [183] Modules\mdl_UpdateFE
[20:07:46]    [184] Modules\mdl_URL_Download
[20:07:46]    [185] Modules\mdl_UserForm
[20:07:46]    [186] Modules\mdl_VBNET
[20:07:47]    [187] Modules\mdl_VerificaCNP
[20:07:47]    [188] Modules\mdl_Wait
[20:07:47]    [189] Modules\mdl_Windows_Version
[20:07:47]    [190] Modules\mdl_Zip_Unzip
[20:07:47]    [191] Modules\Module1
[20:07:47]    [192] Modules\modVBA
[20:07:47]    [193] Modules\msl_Export_TSV
[20:07:47]    [194] Modules\tmp_CreateForm
[20:07:47]    [195] Modules\mdl_Export_DAO
[20:07:47]    [196] Modules\mdl_FX_Plati
[20:07:47]    [197] Modules\mdl_FX_Tasks_Receive_UPL
[20:07:47]    [198] Modules\mdl_FX_Rezervari
[20:07:47]    [199] Modules\mdl_FX_Tasks_Receive_DWN
[20:07:47]    [200] Modules\mdl_Export_MD
[20:07:47]    [201] Modules\mdl_FX_ORD_Salvare_Local
[20:07:47]    [202] Modules\mdl_FX_DDF_Salvare_Local
[20:07:47]    [203] Modules\mdl_FX_ORD
[20:07:47]    [204] Modules\mdl_FX_DDF
[20:07:47]    [205] Modules\mdl_FX_DDF_PDF
[20:07:47]    [206] Modules\mdl_FX_ORD_PDF
[20:07:47]    [1] Forms\_frm_dialog_Available_Connections
[20:07:47]    [2] Forms\EFACTURA_TMP
[20:07:47] (i) Mesaj_ANAF.txt no code module.
[20:07:47]    [3] Forms\Mesaj_ANAF
[20:07:47]    [4] Forms\OPME_A
[20:07:47]    [5] Forms\frmFX_MAIN_DDF_REV_A
[20:07:47]    [6] Forms\AdaugaTabelInTBLS_Field
[20:07:47]    [7] Forms\F1133_D
[20:07:47]    [8] Forms\MF2019_Asoc_EF
[20:07:47]    [9] Forms\frmFX_MAIN_ASOC_CLSF
[20:07:47]    [10] Forms\_MF2019_Asoc_EF
[20:07:47]    [11] Forms\AdaugCont_sub
[20:07:48]    [12] Forms\frmFX_MAIN_ASOC_PART
[20:07:48]    [13] Forms\_NU_frmFX_MAIN_ASOC_PART
[20:07:48]    [14] Forms\frmDatePicker
[20:07:48]    [15] Forms\DefaClsfF subform
[20:07:48]    [16] Forms\Burse_Plati
[20:07:48]    [17] Forms\Actiuni
[20:07:48]    [18] Forms\Note_PDF_EF
[20:07:48]    [19] Forms\~MESAJE
[20:07:48]    [20] Forms\DefaNote
[20:07:48]    [21] Forms\_x_
[20:07:48]    [22] Forms\Actiuni_sub
[20:07:48]    [23] Forms\AdaugaTabelInTBLS
[20:07:48]    [24] Forms\AddUnit2022S
[20:07:48]    [25] Forms\AdaugaTabelInTBLS_Index
[20:07:48]    [26] Forms\Cont8067
[20:07:48]    [27] Forms\tmp_CSAV_Sal
[20:07:48]    [28] Forms\frmZoom
[20:07:48]    [29] Forms\AdaugaTabelInTBLS_Relation
[20:07:48]    [30] Forms\frmFX_DDF_INFO
[20:07:48]    [31] Forms\CorelatiiPlan
[20:07:48]    [32] Forms\AdaugCont
[20:07:48]    [33] Forms\MF2019_Fact
[20:07:48]    [34] Forms\Burse_Fact
[20:07:48]    [35] Forms\tmpSalariiS0
[20:07:48]    [36] Forms\tmp_CSAV_Sal_nou
[20:07:48]    [37] Forms\MF2019_3
[20:07:48]    [38] Forms\Cont8067_2
[20:07:49]    [39] Forms\AddClsf
[20:07:49]    [40] Forms\OPuri2017_FactE
[20:07:49]    [41] Forms\BurseFoi
[20:07:49]    [42] Forms\AddClsf_S1
[20:07:49]    [43] Forms\UNIT subform
[20:07:49]    [44] Forms\tmpLNC subform
[20:07:49]    [45] Forms\DefaSursa subform
[20:07:49] (i) DefaSector subform.txt no code module.
[20:07:49]    [46] Forms\DefaSector subform
[20:07:49]    [47] Forms\DefaCont subform
[20:07:49]    [48] Forms\AddClsf_Venituri
[20:07:49]    [49] Forms\OPuri_PickIBAN
[20:07:49]    [50] Forms\Burse_PickIBAN
[20:07:49]    [51] Forms\MF2019_6
[20:07:49]    [52] Forms\AddUnit2022
[20:07:49]    [53] Forms\Avacont
[20:07:49]    [54] Forms\Balanta
[20:07:49]    [55] Forms\ClasificatiiBugetare_Credite
[20:07:49]    [56] Forms\Balanta2021
[20:07:49] (i) IstoricOP9.txt no code module.
[20:07:49]    [57] Forms\IstoricOP9
[20:07:49]    [58] Forms\frmFX_REZ
[20:07:49] (i) Balanta2021_T.txt no code module.
[20:07:49]    [59] Forms\Balanta2021_T
[20:07:49]    [60] Forms\frmFX_MAIN_REZ_TREE_NEFOLOSIT
[20:07:49]    [61] Forms\ClasificatiiBugetareV
[20:07:49]    [62] Forms\EFACTURA_PickIBAN
[20:07:49]    [63] Forms\BalantaConturi
[20:07:49]    [64] Forms\MF2019_Burse
[20:07:49]    [65] Forms\BalantaXML
[20:07:49]    [66] Forms\Operatii2020_S_Preluare
[20:07:49]    [67] Forms\Operatii2020_Preluare
[20:07:50]    [68] Forms\Burse
[20:07:50]    [69] Forms\Buget_AlegeUnitate
[20:07:50]    [70] Forms\Buget_Individual
[20:07:50]    [71] Forms\Buget1103
[20:07:50]    [72] Forms\F1133
[20:07:50]    [73] Forms\frmFX_MAIN_Sumar
[20:07:50]    [74] Forms\Burse_sub
[20:07:50]    [75] Forms\frmFX_MAIN_REC
[20:07:50]    [76] Forms\DefaNoteA
[20:07:50]    [77] Forms\CorelatiiJurnale
[20:07:50]    [78] Forms\BurseColoane
[20:07:50]    [79] Forms\LOG
[20:07:50]    [80] Forms\Operatii2020_Preluare_E
[20:07:50]    [81] Forms\CorelatiiClasificatii
[20:07:50]    [82] Forms\Clienti
[20:07:50]    [83] Forms\CAI
[20:07:50]    [84] Forms\BURSECONFIG
[20:07:50]    [85] Forms\frmFX_ISTORIC
[20:07:50]    [86] Forms\frmFX_ORD_DOC
[20:07:50]    [87] Forms\CC
[20:07:50]    [88] Forms\frmFX_MAIN_ASOC
[20:07:50]    [89] Forms\Note_FactNeAsocAA
[20:07:50]    [90] Forms\CERC
[20:07:50]    [91] Forms\CheckList
[20:07:50]    [92] Forms\ppMsBox
[20:07:50]    [93] Forms\CorelatiiParteneri
[20:07:50]    [94] Forms\ClasificatiiBugetare
[20:07:51]    [95] Forms\EFACTURA_ADD_FACTURI
[20:07:51]    [96] Forms\CorelatiiMateriale
[20:07:51]    [97] Forms\Jurnale
[20:07:51]    [98] Forms\ClasificatiiBugetare_Buget
[20:07:51]    [99] Forms\EFACTURA_2025
[20:07:51]    [100] Forms\Salarii2019
[20:07:51]    [101] Forms\ClasificatiiBugetare_Rectificari
[20:07:51]    [102] Forms\ClasificatiiV
[20:07:51]    [103] Forms\Cont8067_S
[20:07:51]    [104] Forms\LA_STAT
[20:07:51]    [105] Forms\tmpSalariiS1
[20:07:51]    [106] Forms\Contracte
[20:07:51]    [107] Forms\frmFX_ORD
[20:07:51]    [108] Forms\CT_EXTRA
[20:07:51]    [109] Forms\Contracte_a
[20:07:51]    [110] Forms\CT8030
[20:07:51]    [111] Forms\subCT8030
[20:07:51]    [112] Forms\tmpSalariiS2
[20:07:51]    [113] Forms\DefaClsfE subform
[20:07:51]    [114] Forms\DefaNoteB
[20:07:51] (i) frmWB.txt no code module.
[20:07:51]    [115] Forms\frmWB
[20:07:51]    [116] Forms\DefaNumerar
[20:07:51]    [117] Forms\OCS
[20:07:51]    [118] Forms\DefaSalariiAN
[20:07:51]    [119] Forms\frmCollectionViewer
[20:07:51]    [120] Forms\DefaSalariiPC
[20:07:51]    [121] Forms\frmFX_DDF_STATE
[20:07:51]    [122] Forms\DefaSalariiPN
[20:07:51]    [123] Forms\frmMeter
[20:07:52]    [124] Forms\DefaSalariiVA
[20:07:52]    [125] Forms\Disp2020_sub
[20:07:52]    [126] Forms\DefaTitlu subform
[20:07:52]    [127] Forms\TIMG subform
[20:07:52]    [128] Forms\tmpDefaNote subform
[20:07:52]    [129] Forms\Descarcare_fisier
[20:07:52]    [130] Forms\Disp2020
[20:07:52]    [131] Forms\frmRibbon2025
[20:07:52]    [132] Forms\Disp2020_S
[20:07:52]    [133] Forms\Disp2020_T
[20:07:52]    [134] Forms\DocFundSalarii
[20:07:52]    [135] Forms\DocFundSalarii_Salarii
[20:07:52]    [136] Forms\DocFundSalarii_Salarii_Select
[20:07:52]    [137] Forms\frmFX_MAIN_DDF_Salarii_Select
[20:07:52]    [138] Forms\EF_F
[20:07:52]    [139] Forms\EF_F_inlucru
[20:07:52]    [140] Forms\EF_P
[20:07:52]    [141] Forms\EFACTURA_AA
[20:07:52]    [142] Forms\frmSync
[20:07:52]    [143] Forms\EFACTURA_ADD
[20:07:52]    [144] Forms\EFACTURA_ADD_SUB
[20:07:52]    [145] Forms\EFACTURA_CLIENTI
[20:07:52]    [146] Forms\EFACTURA_MSG
[20:07:52]    [147] Forms\Parteneri
[20:07:52]    [148] Forms\EFACTURA_PDF
[20:07:52]    [149] Forms\SituatieBazaDate
[20:07:52]    [150] Forms\EFACTURA_UM
[20:07:52]    [151] Forms\EFACTURA_VANZATOR
[20:07:53]    [152] Forms\LOR
[20:07:53]    [153] Forms\Expl_Salarii
[20:07:53]    [154] Forms\tmpSalarii
[20:07:53]    [155] Forms\F1133_F
[20:07:53]    [156] Forms\ParteneriAng
[20:07:53]    [157] Forms\frmFX_MAIN_Receptii_OLD
[20:07:53]    [158] Forms\FisaCont_sub_bal
[20:07:53]    [159] Forms\FisaCont8
[20:07:53]    [160] Forms\FisaCont8_Sal
[20:07:53]    [161] Forms\frmEF
[20:07:53]    [162] Forms\frmTrace
[20:07:53]    [163] Forms\Form1
[20:07:53]    [164] Forms\frmAlegeClsf
[20:07:53]    [165] Forms\Note_PickClsf
[20:07:53] (i) frmAutoexec.txt no code module.
[20:07:53]    [166] Forms\frmAutoexec
[20:07:53]    [167] Forms\frmCbx
[20:07:53]    [168] Forms\frmCert
[20:07:53]    [169] Forms\frmDatePicker_2025
[20:07:53]    [170] Forms\frmDatePicker_Anul
[20:07:53]    [171] Forms\frmDatePicker_Luna
[20:07:53]    [172] Forms\frmFiles
[20:07:53]    [173] Forms\frmFiltru
[20:07:53]    [174] Forms\frmFX_DDF
[20:07:53]    [175] Forms\frmFX_DDF_REV_SECT_B
[20:07:53]    [176] Forms\Note
[20:07:54]    [177] Forms\frmFX_DDF_ATT
[20:07:54] (i) frmFX_Main_DDF_REV_PRT.txt no code module.
[20:07:54]    [178] Forms\frmFX_Main_DDF_REV_PRT
[20:07:54]    [179] Forms\frmFX_DDF_CLSF
[20:07:54]    [180] Forms\Salarii2026_PC
[20:07:54]    [181] Forms\frmFX_DDF_PRTSCR
[20:07:54]    [182] Forms\frmFX_DDF_REV
[20:07:54]    [183] Forms\frmFX_MAIN_DDF_REV
[20:07:54]    [184] Forms\frmFX_DDF_REV_SECT_A
[20:07:54]    [185] Forms\tmpLEGUNIT
[20:07:54]    [186] Forms\frmFX_MAIN
[20:07:54]    [187] Forms\MNotaC1
[20:07:54]    [188] Forms\frmFX_MAIN_ASOC_IND
[20:07:54]    [189] Forms\Operatii2020
[20:07:54]    [190] Forms\frmFX_MAIN_ASOC_SAL_ANG
[20:07:54]    [191] Forms\frmFX_MAIN_ASOC_SAL_STAT
[20:07:54]    [192] Forms\frmFX_MAIN_DDF
[20:07:54]    [193] Forms\frmFX_MAIN_Plati
[20:07:54]    [194] Forms\LuniBlocate
[20:07:54]    [195] Forms\frmFX_MAIN_DDF_REV_B
[20:07:54]    [196] Forms\frmFX_MAIN_DDF_REVS
[20:07:55]    [197] Forms\frmFX_MAIN_DDF_Salarii
[20:07:55]    [198] Forms\frmMail
[20:07:55]    [199] Forms\frmFX_MAIN_ORD
[20:07:55]    [200] Forms\frmFX_MAIN_Plati_Detalii
[20:07:55]    [201] Forms\frmFX_REZ_DETALII
[20:07:55]    [202] Forms\frmFX_MAIN_REZ
[20:07:55]    [203] Forms\frmFX_MAIN_REC_LISTA
[20:07:55]    [204] Forms\frmFX_MAIN_REZ_LISTA
[20:07:55]    [205] Forms\MF_PDF_EF
[20:07:55]    [206] Forms\frmListaAngajamente
[20:07:55]    [207] Forms\OPuri_sub
[20:07:55] (i) POPUP_MSG_Sub.txt no code module.
[20:07:55]    [208] Forms\POPUP_MSG_Sub
[20:07:55]    [209] Forms\frmRibbon
[20:07:55]    [210] Forms\frmTrace_sub
[20:07:55]    [211] Forms\LFB
[20:07:55]    [212] Forms\IMG
[20:07:55]    [213] Forms\OPME
[20:07:55]    [214] Forms\IMG_
[20:07:55]    [215] Forms\Inchidere_ContChelt
[20:07:55]    [216] Forms\OP_TREZO
[20:07:55]    [217] Forms\Inchidere_ContVenit
[20:07:55]    [218] Forms\Inchidere2014
[20:07:55]    [219] Forms\LEGUNIT_2025
[20:07:55]    [220] Forms\LFC
[20:07:55]    [221] Forms\LNC
[20:07:55]    [222] Forms\Loading
[20:07:55]    [223] Forms\LRJ
[20:07:56]    [224] Forms\Meniu
[20:07:56]    [225] Forms\MF2019
[20:07:56]    [226] Forms\MF2019_0
[20:07:56] (i) frmFX_DDF_PRTSCR_S.txt no code module.
[20:07:56]    [227] Forms\frmFX_DDF_PRTSCR_S
[20:07:56]    [228] Forms\MF2019_2
[20:07:56] (i) frmFX_ORD_PRTSCR_S.txt no code module.
[20:07:56]    [229] Forms\frmFX_ORD_PRTSCR_S
[20:07:56]    [230] Forms\MF2019_FactAsoc
[20:07:56]    [231] Forms\Note_FactAsoc
[20:07:56]    [232] Forms\MNotaC11
[20:07:56]    [233] Forms\Salarii2026_PN
[20:07:56]    [234] Forms\ModificareNC1280
[20:07:56]    [235] Forms\MODNRNC
[20:07:56]    [236] Forms\MonthPicker
[20:07:56]    [237] Forms\Note_Credit
[20:07:56]    [238] Forms\Note_Debit
[20:07:56]    [239] Forms\Note_EFactura
[20:07:56]    [240] Forms\Note_FactNeAsoc
[20:07:56]    [241] Forms\Note_OPuri
[20:07:56]    [242] Forms\OPuri
[20:07:56]    [243] Forms\Note_PlatiAsoc
[20:07:56]    [244] Forms\Note_Trezo
[20:07:56]    [245] Forms\OP_TREZO_SUB
[20:07:56]    [246] Forms\OP9
[20:07:56] (i) Operatii2020_Preluare_E_S.txt no code module.
[20:07:56]    [247] Forms\Operatii2020_Preluare_E_S
[20:07:56]    [248] Forms\TV01
[20:07:56]    [249] Forms\Operatii2020_S
[20:07:56]    [250] Forms\OPME_S
[20:07:57]    [251] Forms\OPuri_Rapoarte
[20:07:57]    [252] Forms\OPuri2017
[20:07:57]    [253] Forms\OPuri2017_Fact
[20:07:57]    [254] Forms\OPuri2017_Plati
[20:07:57]    [255] Forms\OPuri2017_Salvare
[20:07:57]    [256] Forms\ParteneriSI
[20:07:57]    [257] Forms\POPUP_MSG
[20:07:57]    [258] Forms\ppInputBox
[20:07:57]    [259] Forms\ppOKOnly
[20:07:57]    [260] Forms\RectificariV
[20:07:57]    [261] Forms\Salarii2015
[20:07:57]    [262] Forms\Salarii2026
[20:07:57]    [263] Forms\Salarii2026_VA
[20:07:57]    [264] Forms\SalariiSavDoc2019
[20:07:57]    [265] Forms\Sch
[20:07:57]    [266] Forms\ScurtIstoric
[20:07:57]    [267] Forms\frmFX_MAIN_PLATI_LISTA
[20:07:57]    [268] Forms\Setari implicite
[20:07:57]    [269] Forms\SQL
[20:07:57]    [270] Forms\SQL_8XXX
[20:07:57]    [271] Forms\subClasificatii
[20:07:57]    [272] Forms\subCT_EXTRA
[20:07:57]    [273] Forms\subFormVBNET
[20:07:57]    [274] Forms\subMeniu
[20:07:57] (i) subMeniu_Act.txt no code module.
[20:07:57]    [275] Forms\subMeniu_Act
[20:07:57] (i) subOP.txt no code module.
[20:07:57]    [276] Forms\subOP
[20:07:57]    [277] Forms\SUBUNITATI
[20:07:57]    [278] Forms\tblMsBox_Module
[20:07:58]    [279] Forms\tmpFactOP
[20:07:58]    [280] Forms\tmpPlatiOP
[20:07:58]    [281] Forms\TrecereAN
[20:07:58]    [282] Forms\TV00
[20:07:58]    [283] Forms\TV02
[20:07:58]    [284] Forms\Wait
[20:07:58]    [285] Forms\XMLPath
[20:07:58]    [286] Forms\XMLPath_sub
[20:07:58]    [287] Forms\Form2
[20:07:58]    [288] Forms\FX_POPUPS
[20:07:58]    [289] Forms\Btns_old
[20:07:58]    [290] Forms\Btns
[20:07:58]    [291] Forms\frmFX_INFORMATII
[20:07:58]    [292] Forms\Copy Of Btns
[20:07:58]    [293] Forms\frmFX_MAIN_Plati_Detalii_OLD
[20:07:58]    [294] Forms\MF2019_1
[20:07:58]    [295] Forms\frmFX_ORD_TBL
[20:07:59]    [296] Forms\frmFX_ORD_PART
[20:07:59]    [297] Forms\frmFX_ORD_DOC_TXT
[20:07:59]    [298] Forms\frmFX_ORD_DOC_ATT
[20:07:59]    [299] Forms\frmFX_ORD_PRTSCR
[20:07:59]    [1] Reports\Balanta_2021_TG
[20:07:59]    [2] Reports\2013 Angajament individual
[20:07:59]    [3] Reports\2016 Angajament individual
[20:07:59]    [4] Reports\2020 Angajament individual
[20:07:59]    [5] Reports\2021 Angajament individual
[20:07:59]    [6] Reports\2025 Angajament individual
[20:08:00]    [7] Reports\2013 Angajament individual MNC
[20:08:00]    [8] Reports\2013 Angajament Legal
[20:08:00] (i) rptCheckList.txt no code module.
[20:08:00]    [9] Reports\rptCheckList
[20:08:00]    [10] Reports\Anexa 7
[20:08:00]    [11] Reports\rptOP4
[20:08:00]    [12] Reports\OrdonantarePlataOPuri2017
[20:08:00]    [13] Reports\AngajamentLegal_OPuri2017
[20:08:00]    [14] Reports\FC8067
[20:08:00] (i) Balanta2020.txt no code module.
[20:08:00]    [15] Reports\Balanta2020
[20:08:00]    [16] Reports\Anexa 7 Total
[20:08:00]    [17] Reports\BalantaExtraTotal
[20:08:00]    [18] Reports\FisaBugetara2
[20:08:01]    [19] Reports\Anexa 9
[20:08:01]    [20] Reports\Balanta 4 Egalitati FP XXX
[20:08:01]    [21] Reports\OrdonantarePlataBurse
[20:08:01]    [22] Reports\Angajament_individual_Burse
[20:08:01]    [23] Reports\AngajamentFG_Burse
[20:08:01]    [24] Reports\AngajamentLegal_Burse
[20:08:01]    [25] Reports\AngajamentFG
[20:08:01]    [26] Reports\AngajamentFG_2019
[20:08:01]    [27] Reports\AngajamentLegal_Burse_Grp
[20:08:01]    [28] Reports\AngajamentLegal_OPuri2017_Grp
[20:08:01]    [29] Reports\AngajamentP
[20:08:01]    [30] Reports\Balanta 5 Egalitati
[20:08:01]    [31] Reports\OrdonantarePlataOP9
[20:08:01]    [32] Reports\AngajamentLegal_OP9
[20:08:01]    [33] Reports\Buget Anual TOTAL cu rectificari
[20:08:02]    [34] Reports\FisaContSinteticC
[20:08:02]    [35] Reports\AngajamentMNC
[20:08:02] (i) FacturaC.txt no code module.
[20:08:02]    [36] Reports\FacturaC
[20:08:02]    [37] Reports\Balanta 4 Egalitati 8xxx
[20:08:02]    [38] Reports\NIR
[20:08:02]    [39] Reports\Balanta 4 Egalitati FP
[20:08:02]    [40] Reports\EF_ERR
[20:08:02]    [41] Reports\Balanta 4 egalitati RX
[20:08:02]    [42] Reports\Balanta_2021_T
[20:08:02]    [43] Reports\rptOP3
[20:08:02]    [44] Reports\Balanta 4 Egalitati Sgr3
[20:08:02]    [45] Reports\FC8066
[20:08:03]    [46] Reports\Fisa_CT8062
[20:08:03]    [47] Reports\Balanta 4 egalitati sintetic
[20:08:03]    [48] Reports\Balanta 5 egalitati sintetic
[20:08:03]    [49] Reports\Balanta_2021
[20:08:03] (i) Disp202_R.txt no code module.
[20:08:03]    [50] Reports\Disp202_R
[20:08:03]    [51] Reports\rptOP2_prost
[20:08:03]    [52] Reports\Balanta_2021_5
[20:08:03]    [53] Reports\Balanta_2021_T8
[20:08:03]    [54] Reports\Buget2018
[20:08:03]    [55] Reports\Balanta2020_0
[20:08:03]    [56] Reports\CentrProp
[20:08:03]    [57] Reports\Balanta2020_1
[20:08:03]    [58] Reports\BalantaExtra
[20:08:04]    [59] Reports\Buget anual cu rectificari
[20:08:04]    [60] Reports\Buget Anual TOTAL fara rectificari
[20:08:04]    [61] Reports\Buget anual fara rectificari
[20:08:04]    [62] Reports\CentrOrd
[20:08:04]    [63] Reports\PropunereC
[20:08:04]    [64] Reports\DispozitiiBugetare
[20:08:04]    [65] Reports\DispozitiiBugetare_numar
[20:08:04]    [66] Reports\EFACTURA_T
[20:08:04]    [67] Reports\Factura
[20:08:04]    [68] Reports\Factura_sub
[20:08:04]    [69] Reports\FacturaV
[20:08:04]    [70] Reports\FacturaV_sub
[20:08:04]    [71] Reports\FC8067_CLSF
[20:08:04]    [72] Reports\FC8067_PART
[20:08:04]    [73] Reports\FisaBugetara1
[20:08:05]    [74] Reports\FisaBugetara3
[20:08:05]    [75] Reports\FisaBugetara4
[20:08:05]    [76] Reports\FisaBugetara4 TOTAL
[20:08:05]    [77] Reports\FisaBugetara5
[20:08:05]    [78] Reports\FisaBugetaraAnalitica
[20:08:05]    [79] Reports\FisaContAnalitic
[20:08:05]    [80] Reports\FisaContAnalitic_Bilant
[20:08:05]    [81] Reports\FisaContAnaliticC
[20:08:05]    [82] Reports\FisaContPartener
[20:08:05]    [83] Reports\FisaContPartener2015
[20:08:05]    [84] Reports\Jurnale_Registru
[20:08:05]    [85] Reports\FisaContPartenerC
[20:08:05]    [86] Reports\Registru Casa
[20:08:05]    [87] Reports\FisaContSintetic
[20:08:06]    [88] Reports\FisaContSintetic2
[20:08:06]    [89] Reports\FisaContSintetic3
[20:08:06]    [90] Reports\FisaCT8030
[20:08:06]    [91] Reports\Fise_Dispozitii
[20:08:06]    [92] Reports\Fise_Dispozitii_2019
[20:08:06]    [93] Reports\Jurnale
[20:08:06]    [94] Reports\Jurnale Separat
[20:08:06]    [95] Reports\Jurnale_Centralizator
[20:08:06]    [96] Reports\MF2019_6R
[20:08:06]    [97] Reports\Monitorizare
[20:08:06] (i) rptFNC.txt no code module.
[20:08:06]    [98] Reports\rptFNC
[20:08:06]    [99] Reports\MonitorizareTOTAL
[20:08:06]    [100] Reports\NotaContabila2016_2Randuri
[20:08:06]    [101] Reports\NotaContabila1
[20:08:07]    [102] Reports\NotaContabila2
[20:08:07]    [103] Reports\Propunere 2016
[20:08:07]    [104] Reports\NotaContabila2016_1Rand
[20:08:07]    [105] Reports\NotaContabila2016_3Randuri
[20:08:07]    [106] Reports\NotaContabilaC
[20:08:07]    [107] Reports\NotaContabilaNC
[20:08:07]    [108] Reports\OPuri_Anexa
[20:08:07]    [109] Reports\OrdonantareGrupareCLSF
[20:08:07]    [110] Reports\OrdonantareGrupareCLSF1
[20:08:07]    [111] Reports\OrdonantarePlata1280
[20:08:07]    [112] Reports\OrdonantarePlataC
[20:08:07]    [113] Reports\OrdonantarePlataD
[20:08:08]    [114] Reports\OrdonantarePlataM
[20:08:08]    [115] Reports\Propunere 1PP
[20:08:08]    [116] Reports\Propunere_OPuri2017
[20:08:08]    [117] Reports\Propunere_OPuri2017_grp
[20:08:08]    [118] Reports\PropunereFG
[20:08:08]    [119] Reports\PropunereFG_OP9
[20:08:08]    [120] Reports\PropunereP
[20:08:08]    [121] Reports\Registru CFPP
[20:08:08]    [122] Reports\RegistruInventar
[20:08:08]    [123] Reports\RegistruOrd
[20:08:08]    [124] Reports\rFNC
[20:08:08]    [125] Reports\rptOP
[20:08:09]    [126] Reports\rptOP1
[20:08:09]    [127] Reports\rptOP2
[20:08:09]    [128] Reports\rptOP5
[20:08:09]    [1] Macros\Autoexec
[20:08:09]    [2] Macros\mcr_GolesteTabeleTMP
[20:08:09]    [3] Macros\AutoKeys
[20:08:09]    [4] Macros\EDITD
[20:08:09]    [5] Macros\Autoexec_vechi
[20:08:09]    [6] Macros\frm_Bilant_03_Coloane
[20:08:09]    [7] Macros\mcr_Balanta_SchimbaOptiune
[20:08:09]    [8] Macros\Macro_PP
[20:08:09]    [9] Macros\mcrOpenForm
[20:08:09]    [10] Macros\mcr_Bilant_03_Rand
[20:08:09]    [11] Macros\mcr_SetDefPrt
[20:08:10]    [12] Macros\mcrCloseForm
[20:08:10]    [13] Macros\mcrDateSelect
[20:08:10]    [14] Macros\MeniuRap
[20:08:10]    [15] Macros\MeniuCLSF
[20:08:10]    [16] Macros\Nota9
[20:08:10]    [17] Macros\PorAv
[20:08:10]    [18] Macros\SBP
[20:08:10]    [19] Macros\Siguranta
[20:08:10]    [20] Macros\StoAv
[20:08:10]    [21] Macros\subMeniu
[20:08:10]    [22] Macros\subMeniuClsf
[20:08:11] Export finalized in 37,2s
[20:08:11] [FILEPARSER]Started parsing.(Module) [clsFilePicker] : Started parsing.
[20:08:11] [FILEPARSER]Started parsing.(Module) [API_Functions] : Started parsing.
[20:08:11] [FILEPARSER]Started parsing.(Module) [cls_DraggableControl] : Started parsing.
[20:08:11] [FILEPARSER]Started parsing.(Module) [mdl_LargeNumbersOperations] : Started parsing.
[20:08:11] [FILEPARSER]Started parsing.(Module) [mdl_Fise_Bugetare] : Started parsing.
[20:08:11] [FILEPARSER]Started parsing.(Module) [mdl_UpdateFE] : Started parsing.
[20:08:11] [FILEPARSER]Started parsing.(Form) [DefaNote] : Started parsing.
[20:08:11] [FILEPARSER]Started parsing.(Form) [Buget_Individual] : Started parsing.
[20:08:11] [FILEPARSER]Started parsing.(Form) [Form1] : Started parsing.
[20:08:11] [FILEPARSER]Started parsing.(Form) [LEGUNIT_2025] : Started parsing.
[20:08:11] [FILEPARSER]Started parsing.(Form) [OCS] : Started parsing.
[20:08:11] [FILEPARSER]Started parsing.(Form) [Setari implicite] : Started parsing.
[20:08:11] [FILEPARSER]Started parsing.(Report) [2013 Angajament Legal] : Started parsing.
[20:08:11] [FILEPARSER]Started parsing.(Report) [Buget Anual TOTAL cu rectificari] : Started parsing.
[20:08:11] [FILEPARSER]Started parsing.(Form) [frmFX_MAIN_ORD] : Started parsing.
[20:08:11] [FILEPARSER]Started parsing.(Report) [Jurnale Separat] : Started parsing.
[20:08:12] [FILEPARSER]Parsed successfully.(Module) [cls_DraggableControl] : Parsed successfully.
[20:08:12] [FILEPARSER]Parsed successfully.(Report) [Jurnale Separat] : Parsed successfully.
[20:08:12] [FILEPARSER]Parsed successfully.(Module) [mdl_UpdateFE] : Parsed successfully.
[20:08:12] [FILEPARSER]Parsed successfully.(Form) [Setari implicite] : Parsed successfully.
[20:08:12] [FILEPARSER]Parsed successfully.(Report) [Buget Anual TOTAL cu rectificari] : Parsed successfully.
[20:08:12] [FILEPARSER]Parsed successfully.(Form) [OCS] : Parsed successfully.
[20:08:12] [FILEPARSER]Parsed successfully.(Form) [LEGUNIT_2025] : Parsed successfully.
[20:08:12] [FILEPARSER]Parsed successfully.(Module) [clsFilePicker] : Parsed successfully.
[20:08:12] [FILEPARSER]Parsed successfully.(Form) [DefaNote] : Parsed successfully.
[20:08:12] [FILEPARSER]Parsed successfully.(Module) [API_Functions] : Parsed successfully.
[20:08:12] [FILEPARSER]Parsed successfully.(Module) [mdl_Fise_Bugetare] : Parsed successfully.
[20:08:12] [FILEPARSER]Parsed successfully.(Form) [frmFX_MAIN_ORD] : Parsed successfully.
[20:08:12] [FILEPARSER]Parsed successfully.(Report) [2013 Angajament Legal] : Parsed successfully.
[20:08:12] [FILEPARSER]Parsed successfully.(Form) [Form1] : Parsed successfully.
[20:08:12] [FILEPARSER]Parsed successfully.(Module) [mdl_LargeNumbersOperations] : Parsed successfully.
[20:08:12] [FILEPARSER]Parsed successfully.(Form) [Buget_Individual] : Parsed successfully.
[20:08:13] [FILEPARSER]Started parsing.(Module) [mdl_Launch_ImageViewer] : Started parsing.
[20:08:13] [FILEPARSER]Started parsing.(Report) [2016 Angajament individual] : Started parsing.
[20:08:13] [FILEPARSER]Started parsing.(Form) [frmFX_MAIN_Plati] : Started parsing.
[20:08:13] [FILEPARSER]Started parsing.(Form) [Form2] : Started parsing.
[20:08:13] [FILEPARSER]Started parsing.(Form) [DefaNumerar] : Started parsing.
[20:08:13] [FILEPARSER]Started parsing.(Form) [BurseColoane] : Started parsing.
[20:08:13] [FILEPARSER]Started parsing.(Module) [mdl_FontCodBare] : Started parsing.
[20:08:13] [FILEPARSER]Started parsing.(Report) [Jurnale_Centralizator] : Started parsing.
[20:08:13] [FILEPARSER]Started parsing.(Module) [API_VALUES] : Started parsing.
[20:08:13] [FILEPARSER]Started parsing.(Module) [cSalariiBtns] : Started parsing.
[20:08:13] [FILEPARSER]Started parsing.(Module) [mdl_Uploader_VBNET] : Started parsing.
[20:08:13] [FILEPARSER]Started parsing.(Form) [LFB] : Started parsing.
[20:08:13] [FILEPARSER]Started parsing.(Form) [SituatieBazaDate] : Started parsing.
[20:08:13] [FILEPARSER]Started parsing.(Form) [OP9] : Started parsing.
[20:08:13] [FILEPARSER]Started parsing.(Report) [Buget Anual TOTAL fara rectificari] : Started parsing.
[20:08:13] [FILEPARSER]Started parsing.(Module) [clsFirmaDG] : Started parsing.
[20:08:14] [FILEPARSER]Parsed successfully.(Report) [Buget Anual TOTAL fara rectificari] : Parsed successfully.
[20:08:14] [FILEPARSER]Parsed successfully.(Module) [clsFirmaDG] : Parsed successfully.
[20:08:14] [FILEPARSER]Parsed successfully.(Form) [OP9] : Parsed successfully.
[20:08:14] [FILEPARSER]Parsed successfully.(Form) [SituatieBazaDate] : Parsed successfully.
[20:08:14] [FILEPARSER]Parsed successfully.(Form) [LFB] : Parsed successfully.
[20:08:14] [FILEPARSER]Parsed successfully.(Module) [mdl_Uploader_VBNET] : Parsed successfully.
[20:08:14] [FILEPARSER]Parsed successfully.(Module) [API_VALUES] : Parsed successfully.
[20:08:14] [FILEPARSER]Parsed successfully.(Report) [Jurnale_Centralizator] : Parsed successfully.
[20:08:14] [FILEPARSER]Parsed successfully.(Form) [BurseColoane] : Parsed successfully.
[20:08:14] [FILEPARSER]Parsed successfully.(Form) [frmFX_MAIN_Plati] : Parsed successfully.
[20:08:14] [FILEPARSER]Parsed successfully.(Report) [2016 Angajament individual] : Parsed successfully.
[20:08:14] [FILEPARSER]Parsed successfully.(Form) [DefaNumerar] : Parsed successfully.
[20:08:14] [FILEPARSER]Parsed successfully.(Module) [mdl_Launch_ImageViewer] : Parsed successfully.
[20:08:14] [FILEPARSER]Parsed successfully.(Form) [Form2] : Parsed successfully.
[20:08:14] [FILEPARSER]Parsed successfully.(Module) [cSalariiBtns] : Parsed successfully.
[20:08:14] [FILEPARSER]Parsed successfully.(Module) [mdl_FontCodBare] : Parsed successfully.
[20:08:16] [FILEPARSER]Started parsing.(Form) [frmFX_MAIN_Plati_Detalii] : Started parsing.
[20:08:16] [FILEPARSER]Started parsing.(Module) [cSalariiBtn] : Started parsing.
[20:08:16] [FILEPARSER]Started parsing.(Module) [mdl_LoggedUsers] : Started parsing.
[20:08:16] [FILEPARSER]Started parsing.(Form) [BURSECONFIG] : Started parsing.
[20:08:16] [FILEPARSER]Started parsing.(Form) [DefaSalariiAN] : Started parsing.
[20:08:16] [FILEPARSER]Started parsing.(Report) [2020 Angajament individual] : Started parsing.
[20:08:16] [FILEPARSER]Started parsing.(Report) [Jurnale] : Started parsing.
[20:08:16] [FILEPARSER]Started parsing.(Form) [frmAlegeClsf] : Started parsing.
[20:08:16] [FILEPARSER]Started parsing.(Module) [clsFirmaInactiva] : Started parsing.
[20:08:16] [FILEPARSER]Started parsing.(Form) [SQL_8XXX] : Started parsing.
[20:08:16] [FILEPARSER]Started parsing.(Module) [basGDIPlus] : Started parsing.
[20:08:16] [FILEPARSER]Started parsing.(Form) [Operatii2020] : Started parsing.
[20:08:16] [FILEPARSER]Started parsing.(Report) [Buget2018] : Started parsing.
[20:08:16] [FILEPARSER]Started parsing.(Module) [mdl_FONT] : Started parsing.
[20:08:16] [FILEPARSER]Started parsing.(Form) [LFC] : Started parsing.
[20:08:16] [FILEPARSER]Started parsing.(Module) [mdl_URL_Download] : Started parsing.
[20:08:17] [FILEPARSER]Parsed successfully.(Module) [mdl_URL_Download] : Parsed successfully.
[20:08:17] [FILEPARSER]Parsed successfully.(Form) [LFC] : Parsed successfully.
[20:08:17] [FILEPARSER]Parsed successfully.(Module) [mdl_FONT] : Parsed successfully.
[20:08:17] [FILEPARSER]Parsed successfully.(Report) [Buget2018] : Parsed successfully.
[20:08:17] [FILEPARSER]Parsed successfully.(Module) [basGDIPlus] : Parsed successfully.
[20:08:17] [FILEPARSER]Parsed successfully.(Form) [Operatii2020] : Parsed successfully.
[20:08:17] [FILEPARSER]Parsed successfully.(Form) [SQL_8XXX] : Parsed successfully.
[20:08:17] [FILEPARSER]Parsed successfully.(Module) [clsFirmaInactiva] : Parsed successfully.
[20:08:17] [FILEPARSER]Parsed successfully.(Form) [frmAlegeClsf] : Parsed successfully.
[20:08:17] [FILEPARSER]Parsed successfully.(Form) [frmFX_MAIN_Plati_Detalii] : Parsed successfully.
[20:08:17] [FILEPARSER]Parsed successfully.(Form) [BURSECONFIG] : Parsed successfully.
[20:08:17] [FILEPARSER]Parsed successfully.(Module) [mdl_LoggedUsers] : Parsed successfully.
[20:08:17] [FILEPARSER]Parsed successfully.(Module) [cSalariiBtn] : Parsed successfully.
[20:08:17] [FILEPARSER]Parsed successfully.(Form) [DefaSalariiAN] : Parsed successfully.
[20:08:17] [FILEPARSER]Parsed successfully.(Report) [Jurnale] : Parsed successfully.
[20:08:17] [FILEPARSER]Parsed successfully.(Report) [2020 Angajament individual] : Parsed successfully.
[20:08:18] [FILEPARSER]Started parsing.(Report) [2021 Angajament individual] : Started parsing.
[20:08:18] [FILEPARSER]Started parsing.(Form) [frmFX_MAIN_Plati_Detalii_OLD] : Started parsing.
[20:08:18] [FILEPARSER]Started parsing.(Module) [cTimerRouter] : Started parsing.
[20:08:18] [FILEPARSER]Started parsing.(Form) [BurseFoi] : Started parsing.
[20:08:18] [FILEPARSER]Started parsing.(Form) [SQL] : Started parsing.
[20:08:18] [FILEPARSER]Started parsing.(Module) [clsFirmaSF] : Started parsing.
[20:08:18] [FILEPARSER]Started parsing.(Module) [mdl_MariaDB_Sync] : Started parsing.
[20:08:18] [FILEPARSER]Started parsing.(Report) [Jurnale_Registru] : Started parsing.
[20:08:18] [FILEPARSER]Started parsing.(Form) [LNC] : Started parsing.
[20:08:18] [FILEPARSER]Started parsing.(Report) [CentrOrd] : Started parsing.
[20:08:18] [FILEPARSER]Started parsing.(Form) [DefaSalariiPC] : Started parsing.
[20:08:18] [FILEPARSER]Started parsing.(Form) [frmCbx] : Started parsing.
[20:08:18] [FILEPARSER]Started parsing.(Module) [mdl_UserForm] : Started parsing.
[20:08:18] [FILEPARSER]Started parsing.(Form) [Operatii2020_Preluare] : Started parsing.
[20:08:18] [FILEPARSER]Started parsing.(Module) [mdl_FOREXEDB] : Started parsing.
[20:08:18] [FILEPARSER]Started parsing.(Module) [basRibbonCallbacks] : Started parsing.
[20:08:20] [FILEPARSER]Parsed successfully.(Module) [mdl_UserForm] : Parsed successfully.
[20:08:20] [FILEPARSER]Parsed successfully.(Module) [mdl_FOREXEDB] : Parsed successfully.
[20:08:20] [FILEPARSER]Parsed successfully.(Form) [Operatii2020_Preluare] : Parsed successfully.
[20:08:20] [FILEPARSER]Parsed successfully.(Form) [frmCbx] : Parsed successfully.
[20:08:20] [FILEPARSER]Parsed successfully.(Form) [DefaSalariiPC] : Parsed successfully.
[20:08:20] [FILEPARSER]Parsed successfully.(Form) [LNC] : Parsed successfully.
[20:08:20] [FILEPARSER]Parsed successfully.(Report) [CentrOrd] : Parsed successfully.
[20:08:20] [FILEPARSER]Parsed successfully.(Module) [basRibbonCallbacks] : Parsed successfully.
[20:08:20] [FILEPARSER]Parsed successfully.(Report) [Jurnale_Registru] : Parsed successfully.
[20:08:20] [FILEPARSER]Parsed successfully.(Module) [mdl_MariaDB_Sync] : Parsed successfully.
[20:08:20] [FILEPARSER]Parsed successfully.(Form) [BurseFoi] : Parsed successfully.
[20:08:20] [FILEPARSER]Parsed successfully.(Module) [clsFirmaSF] : Parsed successfully.
[20:08:20] [FILEPARSER]Parsed successfully.(Module) [cTimerRouter] : Parsed successfully.
[20:08:20] [FILEPARSER]Parsed successfully.(Form) [frmFX_MAIN_Plati_Detalii_OLD] : Parsed successfully.
[20:08:20] [FILEPARSER]Parsed successfully.(Report) [2021 Angajament individual] : Parsed successfully.
[20:08:20] [FILEPARSER]Parsed successfully.(Form) [SQL] : Parsed successfully.
[20:08:21] [FILEPARSER]Started parsing.(Form) [subClasificatii] : Started parsing.
[20:08:21] [FILEPARSER]Started parsing.(Report) [MF2019_6R] : Started parsing.
[20:08:21] [FILEPARSER]Started parsing.(Module) [clsFirmaSS] : Started parsing.
[20:08:21] [FILEPARSER]Started parsing.(Report) [2025 Angajament individual] : Started parsing.
[20:08:21] [FILEPARSER]Started parsing.(Form) [frmFX_MAIN_PLATI_LISTA] : Started parsing.
[20:08:21] [FILEPARSER]Started parsing.(Report) [CentrProp] : Started parsing.
[20:08:21] [FILEPARSER]Started parsing.(Module) [mdl_MeasureString] : Started parsing.
[20:08:21] [FILEPARSER]Started parsing.(Module) [basRibbonGlobals] : Started parsing.
[20:08:21] [FILEPARSER]Started parsing.(Form) [DefaSalariiPN] : Started parsing.
[20:08:21] [FILEPARSER]Started parsing.(Form) [Loading] : Started parsing.
[20:08:21] [FILEPARSER]Started parsing.(Form) [Operatii2020_Preluare_E] : Started parsing.
[20:08:21] [FILEPARSER]Started parsing.(Form) [frmCert] : Started parsing.
[20:08:21] [FILEPARSER]Started parsing.(Module) [mdl_VBNET] : Started parsing.
[20:08:21] [FILEPARSER]Started parsing.(Form) [Burse] : Started parsing.
[20:08:21] [FILEPARSER]Started parsing.(Module) [cTrickTimer] : Started parsing.
[20:08:21] [FILEPARSER]Started parsing.(Module) [mdl_FTP] : Started parsing.
[20:08:22] [FILEPARSER]Parsed successfully.(Module) [mdl_FTP] : Parsed successfully.
[20:08:22] [FILEPARSER]Parsed successfully.(Module) [cTrickTimer] : Parsed successfully.
[20:08:22] [FILEPARSER]Parsed successfully.(Form) [Burse] : Parsed successfully.
[20:08:22] [FILEPARSER]Parsed successfully.(Module) [mdl_VBNET] : Parsed successfully.
[20:08:22] [FILEPARSER]Parsed successfully.(Form) [Operatii2020_Preluare_E] : Parsed successfully.
[20:08:22] [FILEPARSER]Parsed successfully.(Form) [frmCert] : Parsed successfully.
[20:08:22] [FILEPARSER]Parsed successfully.(Form) [DefaSalariiPN] : Parsed successfully.
[20:08:22] [FILEPARSER]Parsed successfully.(Module) [basRibbonGlobals] : Parsed successfully.
[20:08:22] [FILEPARSER]Parsed successfully.(Report) [2025 Angajament individual] : Parsed successfully.
[20:08:22] [FILEPARSER]Parsed successfully.(Report) [MF2019_6R] : Parsed successfully.
[20:08:22] [FILEPARSER]Parsed successfully.(Form) [Loading] : Parsed successfully.
[20:08:22] [FILEPARSER]Parsed successfully.(Report) [CentrProp] : Parsed successfully.
[20:08:22] [FILEPARSER]Parsed successfully.(Module) [clsFirmaSS] : Parsed successfully.
[20:08:22] [FILEPARSER]Parsed successfully.(Module) [mdl_MeasureString] : Parsed successfully.
[20:08:22] [FILEPARSER]Parsed successfully.(Form) [frmFX_MAIN_PLATI_LISTA] : Parsed successfully.
[20:08:22] [FILEPARSER]Parsed successfully.(Form) [subClasificatii] : Parsed successfully.
[20:08:24] [FILEPARSER]Started parsing.(Form) [subCT8030] : Started parsing.
[20:08:24] [FILEPARSER]Started parsing.(Form) [frmCollectionViewer] : Started parsing.
[20:08:24] [FILEPARSER]Started parsing.(Form) [frmFX_MAIN_Receptii_OLD] : Started parsing.
[20:08:24] [FILEPARSER]Started parsing.(Report) [MonitorizareTOTAL] : Started parsing.
[20:08:24] [FILEPARSER]Started parsing.(Module) [clsFirmaTVAI] : Started parsing.
[20:08:24] [FILEPARSER]Started parsing.(Report) [DispozitiiBugetare] : Started parsing.
[20:08:24] [FILEPARSER]Started parsing.(Module) [mdl_Messagebox_hook] : Started parsing.
[20:08:24] [FILEPARSER]Started parsing.(Form) [LOG] : Started parsing.
[20:08:24] [FILEPARSER]Started parsing.(Report) [Anexa 7 Total] : Started parsing.
[20:08:24] [FILEPARSER]Started parsing.(Module) [basRibbonState] : Started parsing.
[20:08:24] [FILEPARSER]Started parsing.(Module) [mdl_VerificaCF] : Started parsing.
[20:08:24] [FILEPARSER]Started parsing.(Form) [Operatii2020_S] : Started parsing.
[20:08:24] [FILEPARSER]Started parsing.(Form) [DefaSalariiVA] : Started parsing.
[20:08:24] [FILEPARSER]Started parsing.(Form) [Burse_Fact] : Started parsing.
[20:08:24] [FILEPARSER]Started parsing.(Module) [mdl_Functii2022] : Started parsing.
[20:08:24] [FILEPARSER]Started parsing.(Module) [ExportXML] : Started parsing.
[20:08:25] [FILEPARSER]Parsed successfully.(Module) [ExportXML] : Parsed successfully.
[20:08:25] [FILEPARSER]Parsed successfully.(Report) [MonitorizareTOTAL] : Parsed successfully.
[20:08:25] [FILEPARSER]Parsed successfully.(Form) [frmCollectionViewer] : Parsed successfully.
[20:08:25] [FILEPARSER]Parsed successfully.(Form) [LOG] : Parsed successfully.
[20:08:25] [FILEPARSER]Parsed successfully.(Report) [Anexa 7 Total] : Parsed successfully.
[20:08:25] [FILEPARSER]Parsed successfully.(Form) [subCT8030] : Parsed successfully.
[20:08:25] [FILEPARSER]Parsed successfully.(Form) [frmFX_MAIN_Receptii_OLD] : Parsed successfully.
[20:08:25] [FILEPARSER]Parsed successfully.(Module) [mdl_VerificaCF] : Parsed successfully.
[20:08:25] [FILEPARSER]Parsed successfully.(Module) [basRibbonState] : Parsed successfully.
[20:08:25] [FILEPARSER]Parsed successfully.(Module) [mdl_Functii2022] : Parsed successfully.
[20:08:25] [FILEPARSER]Parsed successfully.(Form) [Operatii2020_S] : Parsed successfully.
[20:08:25] [FILEPARSER]Parsed successfully.(Form) [Burse_Fact] : Parsed successfully.
[20:08:25] [FILEPARSER]Parsed successfully.(Form) [DefaSalariiVA] : Parsed successfully.
[20:08:25] [FILEPARSER]Parsed successfully.(Module) [mdl_Messagebox_hook] : Parsed successfully.
[20:08:25] [FILEPARSER]Parsed successfully.(Module) [clsFirmaTVAI] : Parsed successfully.
[20:08:25] [FILEPARSER]Parsed successfully.(Report) [DispozitiiBugetare] : Parsed successfully.
[20:08:26] [FILEPARSER]Started parsing.(Form) [Operatii2020_S_Preluare] : Started parsing.
[20:08:26] [FILEPARSER]Started parsing.(Module) [mdl_VerificaCNP] : Started parsing.
[20:08:26] [FILEPARSER]Started parsing.(Module) [clsFirmaTVAS] : Started parsing.
[20:08:26] [FILEPARSER]Started parsing.(Form) [DefaSursa subform] : Started parsing.
[20:08:26] [FILEPARSER]Started parsing.(Form) [Burse_PickIBAN] : Started parsing.
[20:08:26] [FILEPARSER]Started parsing.(Report) [Anexa 7] : Started parsing.
[20:08:26] [FILEPARSER]Started parsing.(Module) [mdl_MouseCursor] : Started parsing.
[20:08:26] [FILEPARSER]Started parsing.(Form) [subCT_EXTRA] : Started parsing.
[20:08:26] [FILEPARSER]Started parsing.(Report) [DispozitiiBugetare_numar] : Started parsing.
[20:08:26] [FILEPARSER]Started parsing.(Report) [Monitorizare] : Started parsing.
[20:08:26] [FILEPARSER]Started parsing.(Form) [frmFX_MAIN_REC] : Started parsing.
[20:08:26] [FILEPARSER]Started parsing.(Form) [frmDatePicker_2025] : Started parsing.
[20:08:26] [FILEPARSER]Started parsing.(Form) [LOR] : Started parsing.
[20:08:26] [FILEPARSER]Started parsing.(Module) [FIRST] : Started parsing.
[20:08:26] [FILEPARSER]Started parsing.(Module) [mdl_Functii2023] : Started parsing.
[20:08:26] [FILEPARSER]Started parsing.(Module) [BCrypt] : Started parsing.
[20:08:28] [FILEPARSER]Parsed successfully.(Module) [BCrypt] : Parsed successfully.
[20:08:28] [FILEPARSER]Parsed successfully.(Module) [mdl_Functii2023] : Parsed successfully.
[20:08:28] [FILEPARSER]Parsed successfully.(Module) [FIRST] : Parsed successfully.
[20:08:28] [FILEPARSER]Parsed successfully.(Form) [LOR] : Parsed successfully.
[20:08:28] [FILEPARSER]Parsed successfully.(Form) [frmDatePicker_2025] : Parsed successfully.
[20:08:28] [FILEPARSER]Parsed successfully.(Report) [DispozitiiBugetare_numar] : Parsed successfully.
[20:08:28] [FILEPARSER]Parsed successfully.(Module) [mdl_MouseCursor] : Parsed successfully.
[20:08:28] [FILEPARSER]Parsed successfully.(Report) [Monitorizare] : Parsed successfully.
[20:08:28] [FILEPARSER]Parsed successfully.(Form) [Burse_PickIBAN] : Parsed successfully.
[20:08:28] [FILEPARSER]Parsed successfully.(Form) [frmFX_MAIN_REC] : Parsed successfully.
[20:08:28] [FILEPARSER]Parsed successfully.(Report) [Anexa 7] : Parsed successfully.
[20:08:28] [FILEPARSER]Parsed successfully.(Module) [mdl_VerificaCNP] : Parsed successfully.
[20:08:28] [FILEPARSER]Parsed successfully.(Form) [DefaSursa subform] : Parsed successfully.
[20:08:28] [FILEPARSER]Parsed successfully.(Form) [subCT_EXTRA] : Parsed successfully.
[20:08:28] [FILEPARSER]Parsed successfully.(Module) [clsFirmaTVAS] : Parsed successfully.
[20:08:28] [FILEPARSER]Parsed successfully.(Form) [Operatii2020_S_Preluare] : Parsed successfully.
[20:08:29] [FILEPARSER]Started parsing.(Report) [Anexa 9] : Started parsing.
[20:08:29] [FILEPARSER]Started parsing.(Module) [clsFirmaTVA] : Started parsing.
[20:08:29] [FILEPARSER]Started parsing.(Form) [frmFX_MAIN_REC_LISTA] : Started parsing.
[20:08:29] [FILEPARSER]Started parsing.(Form) [DefaTitlu subform] : Started parsing.
[20:08:29] [FILEPARSER]Started parsing.(Module) [mdl_Wait] : Started parsing.
[20:08:29] [FILEPARSER]Started parsing.(Form) [OPME_A] : Started parsing.
[20:08:29] [FILEPARSER]Started parsing.(Report) [EFACTURA_T] : Started parsing.
[20:08:29] [FILEPARSER]Started parsing.(Form) [subFormVBNET] : Started parsing.
[20:08:29] [FILEPARSER]Started parsing.(Module) [mdl_Functii2024] : Started parsing.
[20:08:29] [FILEPARSER]Started parsing.(Form) [LRJ] : Started parsing.
[20:08:29] [FILEPARSER]Started parsing.(Module) [Inchide fereastra] : Started parsing.
[20:08:29] [FILEPARSER]Started parsing.(Module) [BStorage] : Started parsing.
[20:08:29] [FILEPARSER]Started parsing.(Form) [frmDatePicker_Anul] : Started parsing.
[20:08:29] [FILEPARSER]Started parsing.(Form) [Burse_Plati] : Started parsing.
[20:08:29] [FILEPARSER]Started parsing.(Module) [mdl_MouseScroll_Treeview] : Started parsing.
[20:08:29] [FILEPARSER]Started parsing.(Report) [NIR] : Started parsing.
[20:08:30] [FILEPARSER]Parsed successfully.(Report) [NIR] : Parsed successfully.
[20:08:30] [FILEPARSER]Parsed successfully.(Module) [mdl_MouseScroll_Treeview] : Parsed successfully.
[20:08:30] [FILEPARSER]Parsed successfully.(Form) [frmDatePicker_Anul] : Parsed successfully.
[20:08:30] [FILEPARSER]Parsed successfully.(Form) [Burse_Plati] : Parsed successfully.
[20:08:30] [FILEPARSER]Parsed successfully.(Module) [BStorage] : Parsed successfully.
[20:08:30] [FILEPARSER]Parsed successfully.(Module) [Inchide fereastra] : Parsed successfully.
[20:08:30] [FILEPARSER]Parsed successfully.(Form) [subFormVBNET] : Parsed successfully.
[20:08:30] [FILEPARSER]Parsed successfully.(Form) [OPME_A] : Parsed successfully.
[20:08:30] [FILEPARSER]Parsed successfully.(Form) [LRJ] : Parsed successfully.
[20:08:30] [FILEPARSER]Parsed successfully.(Module) [mdl_Wait] : Parsed successfully.
[20:08:30] [FILEPARSER]Parsed successfully.(Module) [mdl_Functii2024] : Parsed successfully.
[20:08:30] [FILEPARSER]Parsed successfully.(Report) [EFACTURA_T] : Parsed successfully.
[20:08:30] [FILEPARSER]Parsed successfully.(Form) [DefaTitlu subform] : Parsed successfully.
[20:08:30] [FILEPARSER]Parsed successfully.(Form) [frmFX_MAIN_REC_LISTA] : Parsed successfully.
[20:08:30] [FILEPARSER]Parsed successfully.(Report) [Anexa 9] : Parsed successfully.
[20:08:30] [FILEPARSER]Parsed successfully.(Module) [clsFirmaTVA] : Parsed successfully.
[20:08:32] [FILEPARSER]Started parsing.(Report) [EF_ERR] : Started parsing.
[20:08:32] [FILEPARSER]Started parsing.(Report) [AngajamentFG_2019] : Started parsing.
[20:08:32] [FILEPARSER]Started parsing.(Form) [frmFX_MAIN_REZ] : Started parsing.
[20:08:32] [FILEPARSER]Started parsing.(Module) [clsFirma] : Started parsing.
[20:08:32] [FILEPARSER]Started parsing.(Form) [Descarcare_fisier] : Started parsing.
[20:08:32] [FILEPARSER]Started parsing.(Module) [iTimer] : Started parsing.
[20:08:32] [FILEPARSER]Started parsing.(Form) [LuniBlocate] : Started parsing.
[20:08:32] [FILEPARSER]Started parsing.(Form) [Burse_sub] : Started parsing.
[20:08:32] [FILEPARSER]Started parsing.(Form) [OPME] : Started parsing.
[20:08:32] [FILEPARSER]Started parsing.(Report) [NotaContabila1] : Started parsing.
[20:08:32] [FILEPARSER]Started parsing.(Module) [mdl_WasShiftPressed] : Started parsing.
[20:08:32] [FILEPARSER]Started parsing.(Module) [cBtnMeniu] : Started parsing.
[20:08:32] [FILEPARSER]Started parsing.(Form) [frmDatePicker] : Started parsing.
[20:08:32] [FILEPARSER]Started parsing.(Form) [subMeniu] : Started parsing.
[20:08:32] [FILEPARSER]Started parsing.(Module) [mdl_MsBox] : Started parsing.
[20:08:32] [FILEPARSER]Started parsing.(Module) [mdl_Functii_Generale] : Started parsing.
[20:08:33] [FILEPARSER]Parsed successfully.(Module) [mdl_MsBox] : Parsed successfully.
[20:08:33] [FILEPARSER]Parsed successfully.(Module) [mdl_Functii_Generale] : Parsed successfully.
[20:08:33] [FILEPARSER]Parsed successfully.(Report) [AngajamentFG_2019] : Parsed successfully.
[20:08:33] [FILEPARSER]Parsed successfully.(Module) [cBtnMeniu] : Parsed successfully.
[20:08:33] [FILEPARSER]Parsed successfully.(Form) [frmDatePicker] : Parsed successfully.
[20:08:33] [FILEPARSER]Parsed successfully.(Form) [subMeniu] : Parsed successfully.
[20:08:33] [FILEPARSER]Parsed successfully.(Module) [mdl_WasShiftPressed] : Parsed successfully.
[20:08:33] [FILEPARSER]Parsed successfully.(Report) [NotaContabila1] : Parsed successfully.
[20:08:33] [FILEPARSER]Parsed successfully.(Form) [OPME] : Parsed successfully.
[20:08:33] [FILEPARSER]Parsed successfully.(Form) [Burse_sub] : Parsed successfully.
[20:08:33] [FILEPARSER]Parsed successfully.(Form) [LuniBlocate] : Parsed successfully.
[20:08:33] [FILEPARSER]Parsed successfully.(Module) [iTimer] : Parsed successfully.
[20:08:33] [FILEPARSER]Parsed successfully.(Form) [Descarcare_fisier] : Parsed successfully.
[20:08:33] [FILEPARSER]Parsed successfully.(Module) [clsFirma] : Parsed successfully.
[20:08:33] [FILEPARSER]Parsed successfully.(Form) [frmFX_MAIN_REZ] : Parsed successfully.
[20:08:33] [FILEPARSER]Parsed successfully.(Report) [EF_ERR] : Parsed successfully.
[20:08:34] [FILEPARSER]Started parsing.(Report) [FacturaV] : Started parsing.
[20:08:34] [FILEPARSER]Started parsing.(Form) [frmFX_MAIN_REZ_LISTA] : Started parsing.
[20:08:34] [FILEPARSER]Started parsing.(Module) [LargeNumbers] : Started parsing.
[20:08:34] [FILEPARSER]Started parsing.(Module) [clsFirme] : Started parsing.
[20:08:34] [FILEPARSER]Started parsing.(Form) [CAI] : Started parsing.
[20:08:34] [FILEPARSER]Started parsing.(Report) [NotaContabila2016_1Rand] : Started parsing.
[20:08:34] [FILEPARSER]Started parsing.(Form) [Disp2020] : Started parsing.
[20:08:34] [FILEPARSER]Started parsing.(Module) [mdl_Windows_Version] : Started parsing.
[20:08:34] [FILEPARSER]Started parsing.(Module) [mdl_FX_Angajament] : Started parsing.
[20:08:34] [FILEPARSER]Started parsing.(Form) [Meniu] : Started parsing.
[20:08:34] [FILEPARSER]Started parsing.(Module) [mdl_NumberWordsRO] : Started parsing.
[20:08:34] [FILEPARSER]Started parsing.(Report) [AngajamentFG_Burse] : Started parsing.
[20:08:34] [FILEPARSER]Started parsing.(Form) [SUBUNITATI] : Started parsing.
[20:08:34] [FILEPARSER]Started parsing.(Form) [frmDatePicker_Luna] : Started parsing.
[20:08:34] [FILEPARSER]Started parsing.(Form) [OPME_S] : Started parsing.
[20:08:34] [FILEPARSER]Started parsing.(Module) [cBtnsMeniu] : Started parsing.
[20:08:34] [FILEPARSER]Parsed successfully.(Form) [SUBUNITATI] : Parsed successfully.
[20:08:34] [FILEPARSER]Parsed successfully.(Module) [cBtnsMeniu] : Parsed successfully.
[20:08:34] [FILEPARSER]Parsed successfully.(Form) [OPME_S] : Parsed successfully.
[20:08:34] [FILEPARSER]Parsed successfully.(Form) [frmDatePicker_Luna] : Parsed successfully.
[20:08:34] [FILEPARSER]Parsed successfully.(Report) [AngajamentFG_Burse] : Parsed successfully.
[20:08:34] [FILEPARSER]Parsed successfully.(Module) [mdl_NumberWordsRO] : Parsed successfully.
[20:08:34] [FILEPARSER]Parsed successfully.(Module) [mdl_FX_Angajament] : Parsed successfully.
[20:08:34] [FILEPARSER]Parsed successfully.(Form) [Disp2020] : Parsed successfully.
[20:08:34] [FILEPARSER]Parsed successfully.(Report) [NotaContabila2016_1Rand] : Parsed successfully.
[20:08:34] [FILEPARSER]Parsed successfully.(Form) [CAI] : Parsed successfully.
[20:08:34] [FILEPARSER]Parsed successfully.(Module) [clsFirme] : Parsed successfully.
[20:08:34] [FILEPARSER]Parsed successfully.(Module) [mdl_Windows_Version] : Parsed successfully.
[20:08:34] [FILEPARSER]Parsed successfully.(Form) [frmFX_MAIN_REZ_LISTA] : Parsed successfully.
[20:08:34] [FILEPARSER]Parsed successfully.(Report) [FacturaV] : Parsed successfully.
[20:08:34] [FILEPARSER]Parsed successfully.(Module) [LargeNumbers] : Parsed successfully.
[20:08:34] [FILEPARSER]Parsed successfully.(Form) [Meniu] : Parsed successfully.
[20:08:34] [FILEPARSER]Started parsing.(Report) [FacturaV_sub] : Started parsing.
[20:08:34] [FILEPARSER]Started parsing.(Form) [MF2019_0] : Started parsing.
[20:08:34] [FILEPARSER]Started parsing.(Report) [AngajamentFG] : Started parsing.
[20:08:34] [FILEPARSER]Started parsing.(Form) [Disp2020_sub] : Started parsing.
[20:08:34] [FILEPARSER]Started parsing.(Form) [CC] : Started parsing.
[20:08:34] [FILEPARSER]Started parsing.(Module) [mdl_Zip_Unzip] : Started parsing.
[20:08:34] [FILEPARSER]Started parsing.(Form) [tblMsBox_Module] : Started parsing.
[20:08:34] [FILEPARSER]Started parsing.(Report) [NotaContabila2016_2Randuri] : Started parsing.
[20:08:34] [FILEPARSER]Started parsing.(Module) [clsHTTP_Async] : Started parsing.
[20:08:34] [FILEPARSER]Started parsing.(Form) [frmFX_MAIN_REZ_TREE_NEFOLOSIT] : Started parsing.
[20:08:34] [FILEPARSER]Started parsing.(Module) [mdl_FX_DDF] : Started parsing.
[20:08:34] [FILEPARSER]Started parsing.(Form) [OPuri2017] : Started parsing.
[20:08:34] [FILEPARSER]Started parsing.(Module) [cBtns] : Started parsing.
[20:08:34] [FILEPARSER]Started parsing.(Module) [mdl_2022] : Started parsing.
[20:08:34] [FILEPARSER]Started parsing.(Module) [mdl_Ordonantare2026] : Started parsing.
[20:08:34] [FILEPARSER]Started parsing.(Form) [frmEF] : Started parsing.
[20:08:34] [FILEPARSER]Parsed successfully.(Module) [cBtns] : Parsed successfully.
[20:08:34] [FILEPARSER]Parsed successfully.(Module) [mdl_Ordonantare2026] : Parsed successfully.
[20:08:34] [FILEPARSER]Parsed successfully.(Module) [mdl_2022] : Parsed successfully.
[20:08:34] [FILEPARSER]Parsed successfully.(Module) [mdl_FX_DDF] : Parsed successfully.
[20:08:34] [FILEPARSER]Parsed successfully.(Module) [mdl_Zip_Unzip] : Parsed successfully.
[20:08:34] [FILEPARSER]Parsed successfully.(Form) [frmFX_MAIN_REZ_TREE_NEFOLOSIT] : Parsed successfully.
[20:08:34] [FILEPARSER]Parsed successfully.(Form) [CC] : Parsed successfully.
[20:08:34] [FILEPARSER]Parsed successfully.(Report) [NotaContabila2016_2Randuri] : Parsed successfully.
[20:08:34] [FILEPARSER]Parsed successfully.(Form) [tblMsBox_Module] : Parsed successfully.
[20:08:34] [FILEPARSER]Parsed successfully.(Form) [MF2019_0] : Parsed successfully.
[20:08:34] [FILEPARSER]Parsed successfully.(Report) [AngajamentFG] : Parsed successfully.
[20:08:34] [FILEPARSER]Parsed successfully.(Form) [OPuri2017] : Parsed successfully.
[20:08:34] [FILEPARSER]Parsed successfully.(Report) [FacturaV_sub] : Parsed successfully.
[20:08:34] [FILEPARSER]Parsed successfully.(Module) [clsHTTP_Async] : Parsed successfully.
[20:08:34] [FILEPARSER]Parsed successfully.(Form) [Disp2020_sub] : Parsed successfully.
[20:08:34] [FILEPARSER]Parsed successfully.(Form) [frmEF] : Parsed successfully.
[20:08:34] [FILEPARSER]Started parsing.(Form) [frmFiles] : Started parsing.
[20:08:34] [FILEPARSER]Started parsing.(Form) [Disp2020_S] : Started parsing.
[20:08:34] [FILEPARSER]Started parsing.(Module) [clsHTTP_Async_Element] : Started parsing.
[20:08:34] [FILEPARSER]Started parsing.(Report) [NotaContabila2016_3Randuri] : Started parsing.
[20:08:34] [FILEPARSER]Started parsing.(Report) [Factura] : Started parsing.
[20:08:34] [FILEPARSER]Started parsing.(Form) [OPuri2017_FactE] : Started parsing.
[20:08:34] [FILEPARSER]Started parsing.(Form) [frmFX_MAIN_Sumar] : Started parsing.
[20:08:34] [FILEPARSER]Started parsing.(Form) [TIMG subform] : Started parsing.
[20:08:34] [FILEPARSER]Started parsing.(Report) [AngajamentLegal_Burse] : Started parsing.
[20:08:34] [FILEPARSER]Started parsing.(Form) [CERC] : Started parsing.
[20:08:34] [FILEPARSER]Started parsing.(Form) [MF2019_1] : Started parsing.
[20:08:34] [FILEPARSER]Started parsing.(Module) [mdl_2024] : Started parsing.
[20:08:34] [FILEPARSER]Started parsing.(Module) [Module1] : Started parsing.
[20:08:34] [FILEPARSER]Started parsing.(Module) [cBtn] : Started parsing.
[20:08:34] [FILEPARSER]Started parsing.(Module) [mdl_Ordonantare] : Started parsing.
[20:08:34] [FILEPARSER]Started parsing.(Module) [mdl_FX_DDF_PDF] : Started parsing.
[20:08:34] [FILEPARSER]Parsed successfully.(Module) [mdl_Ordonantare] : Parsed successfully.
[20:08:34] [FILEPARSER]Parsed successfully.(Module) [mdl_FX_DDF_PDF] : Parsed successfully.
[20:08:34] [FILEPARSER]Parsed successfully.(Module) [Module1] : Parsed successfully.
[20:08:34] [FILEPARSER]Parsed successfully.(Module) [cBtn] : Parsed successfully.
[20:08:34] [FILEPARSER]Parsed successfully.(Form) [MF2019_1] : Parsed successfully.
[20:08:34] [FILEPARSER]Parsed successfully.(Module) [mdl_2024] : Parsed successfully.
[20:08:34] [FILEPARSER]Parsed successfully.(Form) [CERC] : Parsed successfully.
[20:08:34] [FILEPARSER]Parsed successfully.(Report) [AngajamentLegal_Burse] : Parsed successfully.
[20:08:34] [FILEPARSER]Parsed successfully.(Form) [TIMG subform] : Parsed successfully.
[20:08:34] [FILEPARSER]Parsed successfully.(Form) [frmFX_MAIN_Sumar] : Parsed successfully.
[20:08:34] [FILEPARSER]Parsed successfully.(Report) [Factura] : Parsed successfully.
[20:08:34] [FILEPARSER]Parsed successfully.(Report) [NotaContabila2016_3Randuri] : Parsed successfully.
[20:08:34] [FILEPARSER]Parsed successfully.(Form) [OPuri2017_FactE] : Parsed successfully.
[20:08:34] [FILEPARSER]Parsed successfully.(Module) [clsHTTP_Async_Element] : Parsed successfully.
[20:08:34] [FILEPARSER]Parsed successfully.(Form) [Disp2020_S] : Parsed successfully.
[20:08:34] [FILEPARSER]Parsed successfully.(Form) [frmFiles] : Parsed successfully.
[20:08:34] [FILEPARSER]Started parsing.(Report) [NotaContabila2] : Started parsing.
[20:08:34] [FILEPARSER]Started parsing.(Form) [Disp2020_T] : Started parsing.
[20:08:34] [FILEPARSER]Started parsing.(Report) [Factura_sub] : Started parsing.
[20:08:34] [FILEPARSER]Started parsing.(Form) [frmFiltru] : Started parsing.
[20:08:34] [FILEPARSER]Started parsing.(Report) [AngajamentLegal_Burse_Grp] : Started parsing.
[20:08:34] [FILEPARSER]Started parsing.(Form) [tmpDefaNote subform] : Started parsing.
[20:08:34] [FILEPARSER]Started parsing.(Form) [frmFX_ORD] : Started parsing.
[20:08:34] [FILEPARSER]Started parsing.(Form) [CheckList] : Started parsing.
[20:08:34] [FILEPARSER]Started parsing.(Module) [clsIndex] : Started parsing.
[20:08:34] [FILEPARSER]Started parsing.(Form) [MF2019_2] : Started parsing.
[20:08:34] [FILEPARSER]Started parsing.(Module) [mdl_FX_DDF_Salvare] : Started parsing.
[20:08:34] [FILEPARSER]Started parsing.(Module) [cButtons] : Started parsing.
[20:08:34] [FILEPARSER]Started parsing.(Form) [OPuri2017_Fact] : Started parsing.
[20:08:34] [FILEPARSER]Started parsing.(Module) [mdl_2025] : Started parsing.
[20:08:34] [FILEPARSER]Started parsing.(Module) [mdl_PixelsToTwips] : Started parsing.
[20:08:34] [FILEPARSER]Started parsing.(Module) [modVBA] : Started parsing.
[20:08:34] [FILEPARSER]Parsed successfully.(Module) [modVBA] : Parsed successfully.
[20:08:34] [FILEPARSER]Parsed successfully.(Form) [tmpDefaNote subform] : Parsed successfully.
[20:08:34] [FILEPARSER]Parsed successfully.(Report) [AngajamentLegal_Burse_Grp] : Parsed successfully.
[20:08:34] [FILEPARSER]Parsed successfully.(Form) [MF2019_2] : Parsed successfully.
[20:08:34] [FILEPARSER]Parsed successfully.(Module) [mdl_2025] : Parsed successfully.
[20:08:34] [FILEPARSER]Parsed successfully.(Module) [mdl_PixelsToTwips] : Parsed successfully.
[20:08:34] [FILEPARSER]Parsed successfully.(Form) [OPuri2017_Fact] : Parsed successfully.
[20:08:34] [FILEPARSER]Parsed successfully.(Module) [cButtons] : Parsed successfully.
[20:08:34] [FILEPARSER]Parsed successfully.(Form) [frmFX_ORD] : Parsed successfully.
[20:08:34] [FILEPARSER]Parsed successfully.(Report) [NotaContabila2] : Parsed successfully.
[20:08:34] [FILEPARSER]Parsed successfully.(Form) [frmFiltru] : Parsed successfully.
[20:08:34] [FILEPARSER]Parsed successfully.(Form) [CheckList] : Parsed successfully.
[20:08:34] [FILEPARSER]Parsed successfully.(Module) [clsIndex] : Parsed successfully.
[20:08:34] [FILEPARSER]Parsed successfully.(Module) [mdl_FX_DDF_Salvare] : Parsed successfully.
[20:08:34] [FILEPARSER]Parsed successfully.(Form) [Disp2020_T] : Parsed successfully.
[20:08:34] [FILEPARSER]Parsed successfully.(Report) [Factura_sub] : Parsed successfully.
[20:08:34] [FILEPARSER]Started parsing.(Report) [NotaContabilaC] : Started parsing.
[20:08:34] [FILEPARSER]Started parsing.(Module) [clsJobTaskVar] : Started parsing.
[20:08:34] [FILEPARSER]Started parsing.(Report) [FC8066] : Started parsing.
[20:08:34] [FILEPARSER]Started parsing.(Form) [frmFX_DDF_ATT] : Started parsing.
[20:08:34] [FILEPARSER]Started parsing.(Form) [frmFX_ORD_DOC_ATT] : Started parsing.
[20:08:34] [FILEPARSER]Started parsing.(Form) [ClasificatiiBugetareV] : Started parsing.
[20:08:34] [FILEPARSER]Started parsing.(Module) [cButton] : Started parsing.
[20:08:34] [FILEPARSER]Started parsing.(Form) [OPuri2017_Plati] : Started parsing.
[20:08:34] [FILEPARSER]Started parsing.(Module) [mdl_Pointer] : Started parsing.
[20:08:34] [FILEPARSER]Started parsing.(Form) [MF2019_3] : Started parsing.
[20:08:34] [FILEPARSER]Started parsing.(Form) [DocFundSalarii] : Started parsing.
[20:08:34] [FILEPARSER]Started parsing.(Module) [msl_Export_TSV] : Started parsing.
[20:08:34] [FILEPARSER]Started parsing.(Report) [AngajamentLegal_OP9] : Started parsing.
[20:08:34] [FILEPARSER]Started parsing.(Module) [mdl_FX_DDF_Salvare_Local] : Started parsing.
[20:08:34] [FILEPARSER]Started parsing.(Form) [tmpFactOP] : Started parsing.
[20:08:34] [FILEPARSER]Started parsing.(Module) [mdl_2026] : Started parsing.
[20:08:34] [FILEPARSER]Parsed successfully.(Module) [mdl_2026] : Parsed successfully.
[20:08:34] [FILEPARSER]Parsed successfully.(Form) [tmpFactOP] : Parsed successfully.
[20:08:34] [FILEPARSER]Parsed successfully.(Form) [MF2019_3] : Parsed successfully.
[20:08:34] [FILEPARSER]Parsed successfully.(Module) [mdl_FX_DDF_Salvare_Local] : Parsed successfully.
[20:08:34] [FILEPARSER]Parsed successfully.(Module) [mdl_Pointer] : Parsed successfully.
[20:08:34] [FILEPARSER]Parsed successfully.(Form) [OPuri2017_Plati] : Parsed successfully.
[20:08:34] [FILEPARSER]Parsed successfully.(Form) [DocFundSalarii] : Parsed successfully.
[20:08:34] [FILEPARSER]Parsed successfully.(Form) [ClasificatiiBugetareV] : Parsed successfully.
[20:08:34] [FILEPARSER]Parsed successfully.(Report) [AngajamentLegal_OP9] : Parsed successfully.
[20:08:34] [FILEPARSER]Parsed successfully.(Form) [frmFX_DDF_ATT] : Parsed successfully.
[20:08:34] [FILEPARSER]Parsed successfully.(Module) [cButton] : Parsed successfully.
[20:08:34] [FILEPARSER]Parsed successfully.(Module) [msl_Export_TSV] : Parsed successfully.
[20:08:34] [FILEPARSER]Parsed successfully.(Form) [frmFX_ORD_DOC_ATT] : Parsed successfully.
[20:08:34] [FILEPARSER]Parsed successfully.(Module) [clsJobTaskVar] : Parsed successfully.
[20:08:34] [FILEPARSER]Parsed successfully.(Report) [FC8066] : Parsed successfully.
[20:08:34] [FILEPARSER]Parsed successfully.(Report) [NotaContabilaC] : Parsed successfully.
[20:08:34] [FILEPARSER]Started parsing.(Report) [FC8067_CLSF] : Started parsing.
[20:08:34] [FILEPARSER]Started parsing.(Form) [DocFundSalarii_Salarii] : Started parsing.
[20:08:34] [FILEPARSER]Started parsing.(Report) [NotaContabilaNC] : Started parsing.
[20:08:34] [FILEPARSER]Started parsing.(Module) [cDirItem] : Started parsing.
[20:08:34] [FILEPARSER]Started parsing.(Report) [AngajamentLegal_OPuri2017] : Started parsing.
[20:08:34] [FILEPARSER]Started parsing.(Form) [tmpLEGUNIT] : Started parsing.
[20:08:34] [FILEPARSER]Started parsing.(Form) [frmFX_ORD_DOC] : Started parsing.
[20:08:34] [FILEPARSER]Started parsing.(Module) [clsJobTask] : Started parsing.
[20:08:34] [FILEPARSER]Started parsing.(Module) [mdl_ADLOPER] : Started parsing.
[20:08:34] [FILEPARSER]Started parsing.(Form) [ClasificatiiBugetare_Buget] : Started parsing.
[20:08:34] [FILEPARSER]Started parsing.(Form) [MF2019_6] : Started parsing.
[20:08:34] [FILEPARSER]Started parsing.(Form) [frmFX_DDF_CLSF] : Started parsing.
[20:08:34] [FILEPARSER]Started parsing.(Module) [mdl_FX_Extrase] : Started parsing.
[20:08:34] [FILEPARSER]Started parsing.(Module) [tmp_CreateForm] : Started parsing.
[20:08:34] [FILEPARSER]Started parsing.(Form) [OPuri2017_Salvare] : Started parsing.
[20:08:34] [FILEPARSER]Started parsing.(Module) [mdl_Popup2022] : Started parsing.
[20:08:34] [FILEPARSER]Parsed successfully.(Module) [mdl_Popup2022] : Parsed successfully.
[20:08:34] [FILEPARSER]Parsed successfully.(Form) [OPuri2017_Salvare] : Parsed successfully.
[20:08:34] [FILEPARSER]Parsed successfully.(Form) [frmFX_DDF_CLSF] : Parsed successfully.
[20:08:34] [FILEPARSER]Parsed successfully.(Module) [mdl_ADLOPER] : Parsed successfully.
[20:08:34] [FILEPARSER]Parsed successfully.(Form) [frmFX_ORD_DOC] : Parsed successfully.
[20:08:34] [FILEPARSER]Parsed successfully.(Form) [tmpLEGUNIT] : Parsed successfully.
[20:08:34] [FILEPARSER]Parsed successfully.(Form) [ClasificatiiBugetare_Buget] : Parsed successfully.
[20:08:34] [FILEPARSER]Parsed successfully.(Module) [cDirItem] : Parsed successfully.
[20:08:34] [FILEPARSER]Parsed successfully.(Report) [NotaContabilaNC] : Parsed successfully.
[20:08:34] [FILEPARSER]Parsed successfully.(Form) [DocFundSalarii_Salarii] : Parsed successfully.
[20:08:34] [FILEPARSER]Parsed successfully.(Report) [FC8067_CLSF] : Parsed successfully.
[20:08:34] [FILEPARSER]Parsed successfully.(Form) [MF2019_6] : Parsed successfully.
[20:08:34] [FILEPARSER]Parsed successfully.(Report) [AngajamentLegal_OPuri2017] : Parsed successfully.
[20:08:34] [FILEPARSER]Parsed successfully.(Module) [mdl_FX_Extrase] : Parsed successfully.
[20:08:34] [FILEPARSER]Parsed successfully.(Module) [clsJobTask] : Parsed successfully.
[20:08:34] [FILEPARSER]Parsed successfully.(Module) [tmp_CreateForm] : Parsed successfully.
[20:08:34] [FILEPARSER]Started parsing.(Module) [_SC_Constants] : Started parsing.
[20:08:34] [FILEPARSER]Started parsing.(Form) [DocFundSalarii_Salarii_Select] : Started parsing.
[20:08:34] [FILEPARSER]Started parsing.(Form) [frmFX_ORD_DOC_TXT] : Started parsing.
[20:08:34] [FILEPARSER]Started parsing.(Module) [mdl_Anexa7] : Started parsing.
[20:08:34] [FILEPARSER]Started parsing.(Report) [AngajamentLegal_OPuri2017_Grp] : Started parsing.
[20:08:34] [FILEPARSER]Started parsing.(Module) [cDirList] : Started parsing.
[20:08:34] [FILEPARSER]Started parsing.(Form) [tmpLNC subform] : Started parsing.
[20:08:34] [FILEPARSER]Started parsing.(Module) [mdl_FX_Helpers] : Started parsing.
[20:08:34] [FILEPARSER]Started parsing.(Report) [FC8067] : Started parsing.
[20:08:34] [FILEPARSER]Started parsing.(Module) [mdl_Popup2026] : Started parsing.
[20:08:34] [FILEPARSER]Started parsing.(Report) [OPuri_Anexa] : Started parsing.
[20:08:34] [FILEPARSER]Started parsing.(Form) [MF2019_Asoc_EF] : Started parsing.
[20:08:34] [FILEPARSER]Started parsing.(Form) [ClasificatiiBugetare] : Started parsing.
[20:08:34] [FILEPARSER]Started parsing.(Module) [clsMeter] : Started parsing.
[20:08:34] [FILEPARSER]Started parsing.(Form) [frmFX_DDF] : Started parsing.
[20:08:34] [FILEPARSER]Started parsing.(Form) [OPuri] : Started parsing.
[20:08:34] [FILEPARSER]Parsed successfully.(Form) [OPuri] : Parsed successfully.
[20:08:34] [FILEPARSER]Parsed successfully.(Module) [_SC_Constants] : Parsed successfully.
[20:08:34] [FILEPARSER]Parsed successfully.(Form) [frmFX_DDF] : Parsed successfully.
[20:08:34] [FILEPARSER]Parsed successfully.(Form) [DocFundSalarii_Salarii_Select] : Parsed successfully.
[20:08:34] [FILEPARSER]Parsed successfully.(Form) [MF2019_Asoc_EF] : Parsed successfully.
[20:08:34] [FILEPARSER]Parsed successfully.(Report) [FC8067] : Parsed successfully.
[20:08:34] [FILEPARSER]Parsed successfully.(Module) [clsMeter] : Parsed successfully.
[20:08:34] [FILEPARSER]Parsed successfully.(Form) [ClasificatiiBugetare] : Parsed successfully.
[20:08:34] [FILEPARSER]Parsed successfully.(Module) [cDirList] : Parsed successfully.
[20:08:34] [FILEPARSER]Parsed successfully.(Module) [mdl_Popup2026] : Parsed successfully.
[20:08:34] [FILEPARSER]Parsed successfully.(Module) [mdl_Anexa7] : Parsed successfully.
[20:08:34] [FILEPARSER]Parsed successfully.(Report) [AngajamentLegal_OPuri2017_Grp] : Parsed successfully.
[20:08:34] [FILEPARSER]Parsed successfully.(Report) [OPuri_Anexa] : Parsed successfully.
[20:08:34] [FILEPARSER]Parsed successfully.(Module) [mdl_FX_Helpers] : Parsed successfully.
[20:08:34] [FILEPARSER]Parsed successfully.(Form) [tmpLNC subform] : Parsed successfully.
[20:08:34] [FILEPARSER]Parsed successfully.(Form) [frmFX_ORD_DOC_TXT] : Parsed successfully.
[20:08:34] [FILEPARSER]Started parsing.(Form) [tmpPlatiOP] : Started parsing.
[20:08:34] [FILEPARSER]Started parsing.(Report) [FC8067_PART] : Started parsing.
[20:08:34] [FILEPARSER]Started parsing.(Form) [OPuri_PickIBAN] : Started parsing.
[20:08:34] [FILEPARSER]Started parsing.(Form) [frmFX_ORD_PART] : Started parsing.
[20:08:34] [FILEPARSER]Started parsing.(Report) [AngajamentMNC] : Started parsing.
[20:08:34] [FILEPARSER]Started parsing.(Module) [mdl_Angajamente] : Started parsing.
[20:08:34] [FILEPARSER]Started parsing.(Module) [mdl_Popup_2] : Started parsing.
[20:08:34] [FILEPARSER]Started parsing.(Form) [MF2019_Burse] : Started parsing.
[20:08:34] [FILEPARSER]Started parsing.(Module) [mdl_FX_Istoric] : Started parsing.
[20:08:34] [FILEPARSER]Started parsing.(Form) [ClasificatiiBugetare_Credite] : Started parsing.
[20:08:34] [FILEPARSER]Started parsing.(Module) [clsPipeEnums] : Started parsing.
[20:08:34] [FILEPARSER]Started parsing.(Report) [OrdonantareGrupareCLSF1] : Started parsing.
[20:08:34] [FILEPARSER]Started parsing.(Form) [Actiuni] : Started parsing.
[20:08:34] [FILEPARSER]Started parsing.(Form) [frmFX_DDF_INFO] : Started parsing.
[20:08:34] [FILEPARSER]Started parsing.(Module) [cFrms] : Started parsing.
[20:08:34] [FILEPARSER]Started parsing.(Form) [EFACTURA_2025] : Started parsing.
[20:08:34] [FILEPARSER]Parsed successfully.(Form) [EFACTURA_2025] : Parsed successfully.
[20:08:34] [FILEPARSER]Parsed successfully.(Form) [Actiuni] : Parsed successfully.
[20:08:34] [FILEPARSER]Parsed successfully.(Module) [cFrms] : Parsed successfully.
[20:08:34] [FILEPARSER]Parsed successfully.(Report) [OrdonantareGrupareCLSF1] : Parsed successfully.
[20:08:34] [FILEPARSER]Parsed successfully.(Module) [clsPipeEnums] : Parsed successfully.
[20:08:34] [FILEPARSER]Parsed successfully.(Form) [ClasificatiiBugetare_Credite] : Parsed successfully.
[20:08:34] [FILEPARSER]Parsed successfully.(Form) [MF2019_Burse] : Parsed successfully.
[20:08:34] [FILEPARSER]Parsed successfully.(Module) [mdl_FX_Istoric] : Parsed successfully.
[20:08:34] [FILEPARSER]Parsed successfully.(Module) [mdl_Popup_2] : Parsed successfully.
[20:08:34] [FILEPARSER]Parsed successfully.(Module) [mdl_Angajamente] : Parsed successfully.
[20:08:34] [FILEPARSER]Parsed successfully.(Report) [AngajamentMNC] : Parsed successfully.
[20:08:34] [FILEPARSER]Parsed successfully.(Form) [frmFX_ORD_PART] : Parsed successfully.
[20:08:34] [FILEPARSER]Parsed successfully.(Form) [OPuri_PickIBAN] : Parsed successfully.
[20:08:34] [FILEPARSER]Parsed successfully.(Report) [FC8067_PART] : Parsed successfully.
[20:08:34] [FILEPARSER]Parsed successfully.(Form) [tmpPlatiOP] : Parsed successfully.
[20:08:34] [FILEPARSER]Parsed successfully.(Form) [frmFX_DDF_INFO] : Parsed successfully.
[20:08:34] [FILEPARSER]Started parsing.(Module) [clsQuery] : Started parsing.
[20:08:34] [FILEPARSER]Started parsing.(Form) [ClasificatiiBugetare_Rectificari] : Started parsing.
[20:08:34] [FILEPARSER]Started parsing.(Form) [frmFX_ORD_PRTSCR] : Started parsing.
[20:08:34] [FILEPARSER]Started parsing.(Report) [AngajamentP] : Started parsing.
[20:08:34] [FILEPARSER]Started parsing.(Form) [EFACTURA_AA] : Started parsing.
[20:08:34] [FILEPARSER]Started parsing.(Module) [mdl_Autoexec] : Started parsing.
[20:08:34] [FILEPARSER]Started parsing.(Module) [cFrm] : Started parsing.
[20:08:34] [FILEPARSER]Started parsing.(Form) [frmFX_DDF_PRTSCR] : Started parsing.
[20:08:34] [FILEPARSER]Started parsing.(Form) [tmpSalariiS0] : Started parsing.
[20:08:34] [FILEPARSER]Started parsing.(Form) [MF2019] : Started parsing.
[20:08:34] [FILEPARSER]Started parsing.(Form) [Actiuni_sub] : Started parsing.
[20:08:34] [FILEPARSER]Started parsing.(Module) [mdl_FX_ORD] : Started parsing.
[20:08:34] [FILEPARSER]Started parsing.(Form) [OPuri_Rapoarte] : Started parsing.
[20:08:34] [FILEPARSER]Started parsing.(Report) [FisaBugetara1] : Started parsing.
[20:08:34] [FILEPARSER]Started parsing.(Report) [OrdonantareGrupareCLSF] : Started parsing.
[20:08:34] [FILEPARSER]Started parsing.(Module) [mdl_Popup] : Started parsing.
[20:08:34] [FILEPARSER]Parsed successfully.(Module) [mdl_Popup] : Parsed successfully.
[20:08:34] [FILEPARSER]Parsed successfully.(Report) [OrdonantareGrupareCLSF] : Parsed successfully.
[20:08:34] [FILEPARSER]Parsed successfully.(Report) [FisaBugetara1] : Parsed successfully.
[20:08:34] [FILEPARSER]Parsed successfully.(Module) [mdl_FX_ORD] : Parsed successfully.
[20:08:34] [FILEPARSER]Parsed successfully.(Form) [OPuri_Rapoarte] : Parsed successfully.
[20:08:34] [FILEPARSER]Parsed successfully.(Form) [Actiuni_sub] : Parsed successfully.
[20:08:34] [FILEPARSER]Parsed successfully.(Form) [MF2019] : Parsed successfully.
[20:08:34] [FILEPARSER]Parsed successfully.(Form) [tmpSalariiS0] : Parsed successfully.
[20:08:34] [FILEPARSER]Parsed successfully.(Form) [frmFX_DDF_PRTSCR] : Parsed successfully.
[20:08:34] [FILEPARSER]Parsed successfully.(Module) [cFrm] : Parsed successfully.
[20:08:34] [FILEPARSER]Parsed successfully.(Module) [mdl_Autoexec] : Parsed successfully.
[20:08:34] [FILEPARSER]Parsed successfully.(Form) [EFACTURA_AA] : Parsed successfully.
[20:08:34] [FILEPARSER]Parsed successfully.(Report) [AngajamentP] : Parsed successfully.
[20:08:34] [FILEPARSER]Parsed successfully.(Form) [ClasificatiiBugetare_Rectificari] : Parsed successfully.
[20:08:34] [FILEPARSER]Parsed successfully.(Form) [frmFX_ORD_PRTSCR] : Parsed successfully.
[20:08:34] [FILEPARSER]Parsed successfully.(Module) [clsQuery] : Parsed successfully.
[20:08:34] [FILEPARSER]Started parsing.(Module) [clsRECT] : Started parsing.
[20:08:34] [FILEPARSER]Started parsing.(Report) [Angajament_individual_Burse] : Started parsing.
[20:08:34] [FILEPARSER]Started parsing.(Form) [frmFX_ORD_TBL] : Started parsing.
[20:08:34] [FILEPARSER]Started parsing.(Report) [FisaBugetara2] : Started parsing.
[20:08:34] [FILEPARSER]Started parsing.(Form) [OPuri_sub] : Started parsing.
[20:08:34] [FILEPARSER]Started parsing.(Form) [ClasificatiiV] : Started parsing.
[20:08:34] [FILEPARSER]Started parsing.(Form) [MF2019_FactAsoc] : Started parsing.
[20:08:34] [FILEPARSER]Started parsing.(Form) [frmFX_DDF_REV] : Started parsing.
[20:08:34] [FILEPARSER]Started parsing.(Form) [tmpSalariiS1] : Started parsing.
[20:08:34] [FILEPARSER]Started parsing.(Report) [OrdonantarePlata1280] : Started parsing.
[20:08:34] [FILEPARSER]Started parsing.(Module) [mdl_Balanta2020] : Started parsing.
[20:08:34] [FILEPARSER]Started parsing.(Module) [cFTP] : Started parsing.
[20:08:34] [FILEPARSER]Started parsing.(Module) [mdl_FX_ORD_PDF] : Started parsing.
[20:08:34] [FILEPARSER]Started parsing.(Form) [EFACTURA_ADD] : Started parsing.
[20:08:34] [FILEPARSER]Started parsing.(Module) [mdl_PositionRelativeToControl] : Started parsing.
[20:08:34] [FILEPARSER]Started parsing.(Form) [AdaugaTabelInTBLS] : Started parsing.
[20:08:34] [FILEPARSER]Parsed successfully.(Form) [AdaugaTabelInTBLS] : Parsed successfully.
[20:08:34] [FILEPARSER]Parsed successfully.(Module) [mdl_PositionRelativeToControl] : Parsed successfully.
[20:08:34] [FILEPARSER]Parsed successfully.(Form) [EFACTURA_ADD] : Parsed successfully.
[20:08:34] [FILEPARSER]Parsed successfully.(Module) [cFTP] : Parsed successfully.
[20:08:34] [FILEPARSER]Parsed successfully.(Module) [mdl_FX_ORD_PDF] : Parsed successfully.
[20:08:34] [FILEPARSER]Parsed successfully.(Module) [mdl_Balanta2020] : Parsed successfully.
[20:08:34] [FILEPARSER]Parsed successfully.(Form) [OPuri_sub] : Parsed successfully.
[20:08:34] [FILEPARSER]Parsed successfully.(Report) [OrdonantarePlata1280] : Parsed successfully.
[20:08:34] [FILEPARSER]Parsed successfully.(Form) [tmpSalariiS1] : Parsed successfully.
[20:08:34] [FILEPARSER]Parsed successfully.(Form) [MF2019_FactAsoc] : Parsed successfully.
[20:08:34] [FILEPARSER]Parsed successfully.(Form) [frmFX_DDF_REV] : Parsed successfully.
[20:08:34] [FILEPARSER]Parsed successfully.(Report) [FisaBugetara2] : Parsed successfully.
[20:08:34] [FILEPARSER]Parsed successfully.(Form) [ClasificatiiV] : Parsed successfully.
[20:08:34] [FILEPARSER]Parsed successfully.(Report) [Angajament_individual_Burse] : Parsed successfully.
[20:08:34] [FILEPARSER]Parsed successfully.(Form) [frmFX_ORD_TBL] : Parsed successfully.
[20:08:34] [FILEPARSER]Parsed successfully.(Module) [clsRECT] : Parsed successfully.
[20:08:34] [FILEPARSER]Started parsing.(Form) [frmFX_REZ] : Started parsing.
[20:08:34] [FILEPARSER]Started parsing.(Report) [FisaBugetara3] : Started parsing.
[20:08:34] [FILEPARSER]Started parsing.(Report) [OrdonantarePlataBurse] : Started parsing.
[20:08:34] [FILEPARSER]Started parsing.(Module) [mdl_Propunere] : Started parsing.
[20:08:34] [FILEPARSER]Started parsing.(Module) [clFormWindow] : Started parsing.
[20:08:34] [FILEPARSER]Started parsing.(Form) [AdaugaTabelInTBLS_Field] : Started parsing.
[20:08:34] [FILEPARSER]Started parsing.(Form) [Clienti] : Started parsing.
[20:08:34] [FILEPARSER]Started parsing.(Form) [OP_TREZO] : Started parsing.
[20:08:34] [FILEPARSER]Started parsing.(Form) [frmFX_DDF_REV_SECT_A] : Started parsing.
[20:08:34] [FILEPARSER]Started parsing.(Module) [mdl_FX_ORD_Salvare] : Started parsing.
[20:08:34] [FILEPARSER]Started parsing.(Report) [Balanta 4 Egalitati 8xxx] : Started parsing.
[20:08:34] [FILEPARSER]Started parsing.(Module) [clsRegExp] : Started parsing.
[20:08:34] [FILEPARSER]Started parsing.(Form) [EFACTURA_ADD_FACTURI] : Started parsing.
[20:08:34] [FILEPARSER]Started parsing.(Form) [tmpSalariiS2] : Started parsing.
[20:08:34] [FILEPARSER]Started parsing.(Module) [mdl_Borderless] : Started parsing.
[20:08:34] [FILEPARSER]Started parsing.(Form) [MF2019_Fact] : Started parsing.
[20:08:34] [FILEPARSER]Parsed successfully.(Module) [mdl_Borderless] : Parsed successfully.
[20:08:34] [FILEPARSER]Parsed successfully.(Form) [MF2019_Fact] : Parsed successfully.
[20:08:34] [FILEPARSER]Parsed successfully.(Module) [clsRegExp] : Parsed successfully.
[20:08:34] [FILEPARSER]Parsed successfully.(Module) [mdl_FX_ORD_Salvare] : Parsed successfully.
[20:08:34] [FILEPARSER]Parsed successfully.(Form) [OP_TREZO] : Parsed successfully.
[20:08:34] [FILEPARSER]Parsed successfully.(Form) [tmpSalariiS2] : Parsed successfully.
[20:08:34] [FILEPARSER]Parsed successfully.(Form) [Clienti] : Parsed successfully.
[20:08:34] [FILEPARSER]Parsed successfully.(Report) [Balanta 4 Egalitati 8xxx] : Parsed successfully.
[20:08:34] [FILEPARSER]Parsed successfully.(Form) [EFACTURA_ADD_FACTURI] : Parsed successfully.
[20:08:34] [FILEPARSER]Parsed successfully.(Form) [AdaugaTabelInTBLS_Field] : Parsed successfully.
[20:08:34] [FILEPARSER]Parsed successfully.(Form) [frmFX_DDF_REV_SECT_A] : Parsed successfully.
[20:08:34] [FILEPARSER]Parsed successfully.(Module) [clFormWindow] : Parsed successfully.
[20:08:34] [FILEPARSER]Parsed successfully.(Module) [mdl_Propunere] : Parsed successfully.
[20:08:34] [FILEPARSER]Parsed successfully.(Report) [FisaBugetara3] : Parsed successfully.
[20:08:34] [FILEPARSER]Parsed successfully.(Report) [OrdonantarePlataBurse] : Parsed successfully.
[20:08:34] [FILEPARSER]Parsed successfully.(Form) [frmFX_REZ] : Parsed successfully.
[20:08:34] [FILEPARSER]Started parsing.(Form) [frmFX_REZ_DETALII] : Started parsing.
[20:08:34] [FILEPARSER]Started parsing.(Report) [FisaBugetara4 TOTAL] : Started parsing.
[20:08:34] [FILEPARSER]Started parsing.(Report) [OrdonantarePlataC] : Started parsing.
[20:08:34] [FILEPARSER]Started parsing.(Form) [AdaugaTabelInTBLS_Index] : Started parsing.
[20:08:34] [FILEPARSER]Started parsing.(Form) [frmFX_DDF_REV_SECT_B] : Started parsing.
[20:08:34] [FILEPARSER]Started parsing.(Form) [EFACTURA_ADD_SUB] : Started parsing.
[20:08:34] [FILEPARSER]Started parsing.(Module) [clsADLOPER] : Started parsing.
[20:08:34] [FILEPARSER]Started parsing.(Module) [mdl_Burse] : Started parsing.
[20:08:34] [FILEPARSER]Started parsing.(Module) [mdl_Python] : Started parsing.
[20:08:34] [FILEPARSER]Started parsing.(Form) [tmpSalarii] : Started parsing.
[20:08:34] [FILEPARSER]Started parsing.(Form) [OP_TREZO_SUB] : Started parsing.
[20:08:34] [FILEPARSER]Started parsing.(Report) [Balanta 4 Egalitati FP XXX] : Started parsing.
[20:08:34] [FILEPARSER]Started parsing.(Form) [MF_PDF_EF] : Started parsing.
[20:08:34] [FILEPARSER]Started parsing.(Module) [clsRegExp_Match] : Started parsing.
[20:08:34] [FILEPARSER]Started parsing.(Form) [Cont8067_2] : Started parsing.
[20:08:34] [FILEPARSER]Started parsing.(Module) [mdl_FX_ORD_Salvare_Local] : Started parsing.
[20:08:34] [FILEPARSER]Parsed successfully.(Module) [mdl_FX_ORD_Salvare_Local] : Parsed successfully.
[20:08:34] [FILEPARSER]Parsed successfully.(Form) [Cont8067_2] : Parsed successfully.
[20:08:34] [FILEPARSER]Parsed successfully.(Module) [clsRegExp_Match] : Parsed successfully.
[20:08:34] [FILEPARSER]Parsed successfully.(Module) [clsADLOPER] : Parsed successfully.
[20:08:34] [FILEPARSER]Parsed successfully.(Form) [frmFX_REZ_DETALII] : Parsed successfully.
[20:08:34] [FILEPARSER]Parsed successfully.(Module) [mdl_Burse] : Parsed successfully.
[20:08:34] [FILEPARSER]Parsed successfully.(Form) [MF_PDF_EF] : Parsed successfully.
[20:08:34] [FILEPARSER]Parsed successfully.(Form) [OP_TREZO_SUB] : Parsed successfully.
[20:08:34] [FILEPARSER]Parsed successfully.(Report) [Balanta 4 Egalitati FP XXX] : Parsed successfully.
[20:08:34] [FILEPARSER]Parsed successfully.(Module) [mdl_Python] : Parsed successfully.
[20:08:34] [FILEPARSER]Parsed successfully.(Form) [EFACTURA_ADD_SUB] : Parsed successfully.
[20:08:34] [FILEPARSER]Parsed successfully.(Form) [frmFX_DDF_REV_SECT_B] : Parsed successfully.
[20:08:34] [FILEPARSER]Parsed successfully.(Report) [FisaBugetara4 TOTAL] : Parsed successfully.
[20:08:34] [FILEPARSER]Parsed successfully.(Report) [OrdonantarePlataC] : Parsed successfully.
[20:08:34] [FILEPARSER]Parsed successfully.(Form) [AdaugaTabelInTBLS_Index] : Parsed successfully.
[20:08:34] [FILEPARSER]Parsed successfully.(Form) [tmpSalarii] : Parsed successfully.
[20:08:34] [FILEPARSER]Started parsing.(Form) [tmp_CSAV_Sal] : Started parsing.
[20:08:34] [FILEPARSER]Started parsing.(Report) [FisaBugetara4] : Started parsing.
[20:08:34] [FILEPARSER]Started parsing.(Form) [frmFX_DDF_STATE] : Started parsing.
[20:08:34] [FILEPARSER]Started parsing.(Report) [OrdonantarePlataD] : Started parsing.
[20:08:34] [FILEPARSER]Started parsing.(Form) [MNotaC11] : Started parsing.
[20:08:34] [FILEPARSER]Started parsing.(Module) [mdl_Rapoarte] : Started parsing.
[20:08:34] [FILEPARSER]Started parsing.(Form) [EFACTURA_CLIENTI] : Started parsing.
[20:08:34] [FILEPARSER]Started parsing.(Module) [clsAnaf_Async] : Started parsing.
[20:08:34] [FILEPARSER]Started parsing.(Report) [Balanta 4 Egalitati FP] : Started parsing.
[20:08:34] [FILEPARSER]Started parsing.(Module) [mdl_CheckTVW] : Started parsing.
[20:08:34] [FILEPARSER]Started parsing.(Form) [AdaugaTabelInTBLS_Relation] : Started parsing.
[20:08:34] [FILEPARSER]Started parsing.(Form) [ParteneriAng] : Started parsing.
[20:08:34] [FILEPARSER]Started parsing.(Module) [clsReg] : Started parsing.
[20:08:34] [FILEPARSER]Started parsing.(Form) [Cont8067] : Started parsing.
[20:08:34] [FILEPARSER]Started parsing.(Form) [frmListaAngajamente] : Started parsing.
[20:08:34] [FILEPARSER]Started parsing.(Module) [mdl_FX_Plati] : Started parsing.
[20:08:34] [FILEPARSER]Parsed successfully.(Form) [frmFX_DDF_STATE] : Parsed successfully.
[20:08:34] [FILEPARSER]Parsed successfully.(Form) [EFACTURA_CLIENTI] : Parsed successfully.
[20:08:34] [FILEPARSER]Parsed successfully.(Form) [frmListaAngajamente] : Parsed successfully.
[20:08:34] [FILEPARSER]Parsed successfully.(Form) [Cont8067] : Parsed successfully.
[20:08:34] [FILEPARSER]Parsed successfully.(Module) [clsReg] : Parsed successfully.
[20:08:34] [FILEPARSER]Parsed successfully.(Form) [ParteneriAng] : Parsed successfully.
[20:08:34] [FILEPARSER]Parsed successfully.(Report) [Balanta 4 Egalitati FP] : Parsed successfully.
[20:08:34] [FILEPARSER]Parsed successfully.(Form) [AdaugaTabelInTBLS_Relation] : Parsed successfully.
[20:08:34] [FILEPARSER]Parsed successfully.(Module) [mdl_Rapoarte] : Parsed successfully.
[20:08:34] [FILEPARSER]Parsed successfully.(Form) [tmp_CSAV_Sal] : Parsed successfully.
[20:08:34] [FILEPARSER]Parsed successfully.(Report) [OrdonantarePlataD] : Parsed successfully.
[20:08:34] [FILEPARSER]Parsed successfully.(Module) [mdl_CheckTVW] : Parsed successfully.
[20:08:34] [FILEPARSER]Parsed successfully.(Module) [clsAnaf_Async] : Parsed successfully.
[20:08:34] [FILEPARSER]Parsed successfully.(Module) [mdl_FX_Plati] : Parsed successfully.
[20:08:34] [FILEPARSER]Parsed successfully.(Report) [FisaBugetara4] : Parsed successfully.
[20:08:34] [FILEPARSER]Parsed successfully.(Form) [MNotaC11] : Parsed successfully.
[20:08:34] [FILEPARSER]Started parsing.(Report) [OrdonantarePlataM] : Started parsing.
[20:08:34] [FILEPARSER]Started parsing.(Report) [Balanta 4 egalitati RX] : Started parsing.
[20:08:34] [FILEPARSER]Started parsing.(Report) [FisaBugetara5] : Started parsing.
[20:08:34] [FILEPARSER]Started parsing.(Form) [Cont8067_S] : Started parsing.
[20:08:34] [FILEPARSER]Started parsing.(Form) [MNotaC1] : Started parsing.
[20:08:34] [FILEPARSER]Started parsing.(Module) [mdl_RegistruCasa] : Started parsing.
[20:08:34] [FILEPARSER]Started parsing.(Form) [ParteneriSI] : Started parsing.
[20:08:34] [FILEPARSER]Started parsing.(Form) [frmMail] : Started parsing.
[20:08:34] [FILEPARSER]Started parsing.(Form) [tmp_CSAV_Sal_nou] : Started parsing.
[20:08:34] [FILEPARSER]Started parsing.(Module) [clsReg_KVP] : Started parsing.
[20:08:34] [FILEPARSER]Started parsing.(Form) [AdaugCont] : Started parsing.
[20:08:34] [FILEPARSER]Started parsing.(Form) [EFACTURA_MSG] : Started parsing.
[20:08:34] [FILEPARSER]Started parsing.(Module) [clsAnchorControl] : Started parsing.
[20:08:34] [FILEPARSER]Started parsing.(Form) [frmFX_INFORMATII] : Started parsing.
[20:08:34] [FILEPARSER]Started parsing.(Module) [mdl_Clipboard] : Started parsing.
[20:08:34] [FILEPARSER]Started parsing.(Module) [mdl_FX_PopulareTree] : Started parsing.
[20:08:35] [FILEPARSER]Parsed successfully.(Module) [mdl_FX_PopulareTree] : Parsed successfully.
[20:08:35] [FILEPARSER]Parsed successfully.(Module) [mdl_Clipboard] : Parsed successfully.
[20:08:35] [FILEPARSER]Parsed successfully.(Form) [frmFX_INFORMATII] : Parsed successfully.
[20:08:35] [FILEPARSER]Parsed successfully.(Module) [clsAnchorControl] : Parsed successfully.
[20:08:35] [FILEPARSER]Parsed successfully.(Form) [EFACTURA_MSG] : Parsed successfully.
[20:08:35] [FILEPARSER]Parsed successfully.(Form) [AdaugCont] : Parsed successfully.
[20:08:35] [FILEPARSER]Parsed successfully.(Form) [tmp_CSAV_Sal_nou] : Parsed successfully.
[20:08:35] [FILEPARSER]Parsed successfully.(Module) [clsReg_KVP] : Parsed successfully.
[20:08:35] [FILEPARSER]Parsed successfully.(Form) [frmMail] : Parsed successfully.
[20:08:35] [FILEPARSER]Parsed successfully.(Form) [ParteneriSI] : Parsed successfully.
[20:08:35] [FILEPARSER]Parsed successfully.(Module) [mdl_RegistruCasa] : Parsed successfully.
[20:08:35] [FILEPARSER]Parsed successfully.(Form) [MNotaC1] : Parsed successfully.
[20:08:35] [FILEPARSER]Parsed successfully.(Form) [Cont8067_S] : Parsed successfully.
[20:08:35] [FILEPARSER]Parsed successfully.(Report) [FisaBugetara5] : Parsed successfully.
[20:08:35] [FILEPARSER]Parsed successfully.(Report) [Balanta 4 egalitati RX] : Parsed successfully.
[20:08:35] [FILEPARSER]Parsed successfully.(Report) [OrdonantarePlataM] : Parsed successfully.
[20:08:35] [FILEPARSER]Started parsing.(Form) [AdaugCont_sub] : Started parsing.
[20:08:35] [FILEPARSER]Started parsing.(Report) [FisaBugetaraAnalitica] : Started parsing.
[20:08:35] [FILEPARSER]Started parsing.(Report) [OrdonantarePlataOP9] : Started parsing.
[20:08:35] [FILEPARSER]Started parsing.(Form) [frmMeter] : Started parsing.
[20:08:35] [FILEPARSER]Started parsing.(Report) [Balanta 4 Egalitati Sgr3] : Started parsing.
[20:08:35] [FILEPARSER]Started parsing.(Module) [mdl_Registru] : Started parsing.
[20:08:35] [FILEPARSER]Started parsing.(Form) [EFACTURA_PDF] : Started parsing.
[20:08:35] [FILEPARSER]Started parsing.(Form) [frmFX_ISTORIC] : Started parsing.
[20:08:35] [FILEPARSER]Started parsing.(Form) [ModificareNC1280] : Started parsing.
[20:08:35] [FILEPARSER]Started parsing.(Module) [mdl_CnnTables] : Started parsing.
[20:08:35] [FILEPARSER]Started parsing.(Form) [Contracte_a] : Started parsing.
[20:08:35] [FILEPARSER]Started parsing.(Module) [clsReg_Section] : Started parsing.
[20:08:35] [FILEPARSER]Started parsing.(Form) [TrecereAN] : Started parsing.
[20:08:35] [FILEPARSER]Started parsing.(Form) [Parteneri] : Started parsing.
[20:08:35] [FILEPARSER]Started parsing.(Module) [mdl_FX_Receptii] : Started parsing.
[20:08:35] [FILEPARSER]Started parsing.(Module) [clsAnchorManager] : Started parsing.
[20:08:35] [FILEPARSER]Parsed successfully.(Module) [clsAnchorManager] : Parsed successfully.
[20:08:35] [FILEPARSER]Parsed successfully.(Module) [mdl_FX_Receptii] : Parsed successfully.
[20:08:35] [FILEPARSER]Parsed successfully.(Form) [TrecereAN] : Parsed successfully.
[20:08:35] [FILEPARSER]Parsed successfully.(Module) [clsReg_Section] : Parsed successfully.
[20:08:35] [FILEPARSER]Parsed successfully.(Form) [Contracte_a] : Parsed successfully.
[20:08:35] [FILEPARSER]Parsed successfully.(Module) [mdl_CnnTables] : Parsed successfully.
[20:08:35] [FILEPARSER]Parsed successfully.(Form) [frmFX_ISTORIC] : Parsed successfully.
[20:08:35] [FILEPARSER]Parsed successfully.(Form) [EFACTURA_PDF] : Parsed successfully.
[20:08:35] [FILEPARSER]Parsed successfully.(Module) [mdl_Registru] : Parsed successfully.
[20:08:35] [FILEPARSER]Parsed successfully.(Form) [ModificareNC1280] : Parsed successfully.
[20:08:35] [FILEPARSER]Parsed successfully.(Report) [OrdonantarePlataOP9] : Parsed successfully.
[20:08:35] [FILEPARSER]Parsed successfully.(Form) [AdaugCont_sub] : Parsed successfully.
[20:08:35] [FILEPARSER]Parsed successfully.(Report) [Balanta 4 Egalitati Sgr3] : Parsed successfully.
[20:08:35] [FILEPARSER]Parsed successfully.(Report) [FisaBugetaraAnalitica] : Parsed successfully.
[20:08:35] [FILEPARSER]Parsed successfully.(Form) [Parteneri] : Parsed successfully.
[20:08:35] [FILEPARSER]Parsed successfully.(Form) [frmMeter] : Parsed successfully.
[20:08:35] [FILEPARSER]Started parsing.(Form) [TV00] : Started parsing.
[20:08:35] [FILEPARSER]Started parsing.(Form) [frmRibbon2025] : Started parsing.
[20:08:35] [FILEPARSER]Started parsing.(Form) [POPUP_MSG] : Started parsing.
[20:08:35] [FILEPARSER]Started parsing.(Report) [FisaContAnaliticC] : Started parsing.
[20:08:35] [FILEPARSER]Started parsing.(Form) [AddClsf] : Started parsing.
[20:08:35] [FILEPARSER]Started parsing.(Report) [OrdonantarePlataOPuri2017] : Started parsing.
[20:08:35] [FILEPARSER]Started parsing.(Module) [mdl_ColorPicker] : Started parsing.
[20:08:35] [FILEPARSER]Started parsing.(Module) [mdl_FX_Rezervari] : Started parsing.
[20:08:35] [FILEPARSER]Started parsing.(Form) [EFACTURA_PickIBAN] : Started parsing.
[20:08:35] [FILEPARSER]Started parsing.(Module) [mdl_Retea] : Started parsing.
[20:08:35] [FILEPARSER]Started parsing.(Form) [MODNRNC] : Started parsing.
[20:08:35] [FILEPARSER]Started parsing.(Module) [clsCerts] : Started parsing.
[20:08:35] [FILEPARSER]Started parsing.(Form) [frmFX_MAIN_ASOC_CLSF] : Started parsing.
[20:08:35] [FILEPARSER]Started parsing.(Module) [clsRelation] : Started parsing.
[20:08:35] [FILEPARSER]Started parsing.(Report) [Balanta 4 egalitati sintetic] : Started parsing.
[20:08:35] [FILEPARSER]Started parsing.(Form) [Contracte] : Started parsing.
[20:08:35] [FILEPARSER]Parsed successfully.(Form) [Contracte] : Parsed successfully.
[20:08:35] [FILEPARSER]Parsed successfully.(Report) [Balanta 4 egalitati sintetic] : Parsed successfully.
[20:08:35] [FILEPARSER]Parsed successfully.(Form) [frmFX_MAIN_ASOC_CLSF] : Parsed successfully.
[20:08:35] [FILEPARSER]Parsed successfully.(Module) [clsRelation] : Parsed successfully.
[20:08:35] [FILEPARSER]Parsed successfully.(Module) [mdl_Retea] : Parsed successfully.
[20:08:35] [FILEPARSER]Parsed successfully.(Module) [clsCerts] : Parsed successfully.
[20:08:35] [FILEPARSER]Parsed successfully.(Form) [EFACTURA_PickIBAN] : Parsed successfully.
[20:08:35] [FILEPARSER]Parsed successfully.(Module) [mdl_FX_Rezervari] : Parsed successfully.
[20:08:35] [FILEPARSER]Parsed successfully.(Report) [OrdonantarePlataOPuri2017] : Parsed successfully.
[20:08:35] [FILEPARSER]Parsed successfully.(Report) [FisaContAnaliticC] : Parsed successfully.
[20:08:35] [FILEPARSER]Parsed successfully.(Form) [POPUP_MSG] : Parsed successfully.
[20:08:35] [FILEPARSER]Parsed successfully.(Form) [AddClsf] : Parsed successfully.
[20:08:35] [FILEPARSER]Parsed successfully.(Form) [frmRibbon2025] : Parsed successfully.
[20:08:35] [FILEPARSER]Parsed successfully.(Form) [MODNRNC] : Parsed successfully.
[20:08:35] [FILEPARSER]Parsed successfully.(Form) [TV00] : Parsed successfully.
[20:08:35] [FILEPARSER]Parsed successfully.(Module) [mdl_ColorPicker] : Parsed successfully.
[20:08:35] [FILEPARSER]Started parsing.(Form) [TV01] : Started parsing.
[20:08:35] [FILEPARSER]Started parsing.(Module) [clsCert] : Started parsing.
[20:08:35] [FILEPARSER]Started parsing.(Report) [FisaContAnalitic_Bilant] : Started parsing.
[20:08:35] [FILEPARSER]Started parsing.(Form) [AddClsf_S1] : Started parsing.
[20:08:35] [FILEPARSER]Started parsing.(Form) [Copy Of Btns] : Started parsing.
[20:08:35] [FILEPARSER]Started parsing.(Module) [mdl_DebugPrint] : Started parsing.
[20:08:35] [FILEPARSER]Started parsing.(Form) [MonthPicker] : Started parsing.
[20:08:35] [FILEPARSER]Started parsing.(Form) [EFACTURA_TMP] : Started parsing.
[20:08:35] [FILEPARSER]Started parsing.(Report) [Balanta 5 egalitati sintetic] : Started parsing.
[20:08:35] [FILEPARSER]Started parsing.(Form) [ppInputBox] : Started parsing.
[20:08:35] [FILEPARSER]Started parsing.(Module) [mdl_RUNONCE] : Started parsing.
[20:08:35] [FILEPARSER]Started parsing.(Form) [frmRibbon] : Started parsing.
[20:08:35] [FILEPARSER]Started parsing.(Report) [Propunere 1PP] : Started parsing.
[20:08:35] [FILEPARSER]Started parsing.(Module) [clsSplitter] : Started parsing.
[20:08:35] [FILEPARSER]Started parsing.(Module) [mdl_FX_Tasks_Receive_DWN] : Started parsing.
[20:08:35] [FILEPARSER]Started parsing.(Form) [frmFX_MAIN_ASOC] : Started parsing.
[20:08:35] [FILEPARSER]Parsed successfully.(Form) [Copy Of Btns] : Parsed successfully.
[20:08:35] [FILEPARSER]Parsed successfully.(Form) [frmFX_MAIN_ASOC] : Parsed successfully.
[20:08:35] [FILEPARSER]Parsed successfully.(Module) [clsSplitter] : Parsed successfully.
[20:08:35] [FILEPARSER]Parsed successfully.(Report) [Propunere 1PP] : Parsed successfully.
[20:08:35] [FILEPARSER]Parsed successfully.(Form) [frmRibbon] : Parsed successfully.
[20:08:35] [FILEPARSER]Parsed successfully.(Module) [mdl_RUNONCE] : Parsed successfully.
[20:08:35] [FILEPARSER]Parsed successfully.(Form) [ppInputBox] : Parsed successfully.
[20:08:35] [FILEPARSER]Parsed successfully.(Report) [Balanta 5 egalitati sintetic] : Parsed successfully.
[20:08:35] [FILEPARSER]Parsed successfully.(Form) [EFACTURA_TMP] : Parsed successfully.
[20:08:35] [FILEPARSER]Parsed successfully.(Form) [MonthPicker] : Parsed successfully.
[20:08:35] [FILEPARSER]Parsed successfully.(Module) [mdl_DebugPrint] : Parsed successfully.
[20:08:35] [FILEPARSER]Parsed successfully.(Form) [AddClsf_S1] : Parsed successfully.
[20:08:35] [FILEPARSER]Parsed successfully.(Module) [clsCert] : Parsed successfully.
[20:08:35] [FILEPARSER]Parsed successfully.(Report) [FisaContAnalitic_Bilant] : Parsed successfully.
[20:08:35] [FILEPARSER]Parsed successfully.(Form) [TV01] : Parsed successfully.
[20:08:35] [FILEPARSER]Parsed successfully.(Module) [mdl_FX_Tasks_Receive_DWN] : Parsed successfully.
[20:08:35] [FILEPARSER]Started parsing.(Form) [TV02] : Started parsing.
[20:08:35] [FILEPARSER]Started parsing.(Form) [AddClsf_Venituri] : Started parsing.
[20:08:35] [FILEPARSER]Started parsing.(Module) [mdl_Diacritice] : Started parsing.
[20:08:35] [FILEPARSER]Started parsing.(Report) [Balanta 5 Egalitati] : Started parsing.
[20:08:35] [FILEPARSER]Started parsing.(Module) [mdl_FX_Tasks_Receive_UPL] : Started parsing.
[20:08:35] [FILEPARSER]Started parsing.(Form) [frmSync] : Started parsing.
[20:08:35] [FILEPARSER]Started parsing.(Module) [clsControlData] : Started parsing.
[20:08:35] [FILEPARSER]Started parsing.(Form) [EFACTURA_UM] : Started parsing.
[20:08:35] [FILEPARSER]Started parsing.(Report) [Propunere 2016] : Started parsing.
[20:08:35] [FILEPARSER]Started parsing.(Form) [ppMsBox] : Started parsing.
[20:08:35] [FILEPARSER]Started parsing.(Report) [FisaContAnalitic] : Started parsing.
[20:08:35] [FILEPARSER]Started parsing.(Module) [clsTable] : Started parsing.
[20:08:35] [FILEPARSER]Started parsing.(Form) [CorelatiiClasificatii] : Started parsing.
[20:08:35] [FILEPARSER]Started parsing.(Form) [frmFX_MAIN_ASOC_IND] : Started parsing.
[20:08:35] [FILEPARSER]Started parsing.(Module) [mdl_Salarii2015_deSters] : Started parsing.
[20:08:35] [FILEPARSER]Started parsing.(Form) [Note] : Started parsing.
[20:08:35] [FILEPARSER]Parsed successfully.(Form) [Note] : Parsed successfully.
[20:08:35] [FILEPARSER]Parsed successfully.(Module) [mdl_Salarii2015_deSters] : Parsed successfully.
[20:08:35] [FILEPARSER]Parsed successfully.(Form) [frmFX_MAIN_ASOC_IND] : Parsed successfully.
[20:08:35] [FILEPARSER]Parsed successfully.(Form) [CorelatiiClasificatii] : Parsed successfully.
[20:08:35] [FILEPARSER]Parsed successfully.(Module) [clsTable] : Parsed successfully.
[20:08:35] [FILEPARSER]Parsed successfully.(Form) [ppMsBox] : Parsed successfully.
[20:08:35] [FILEPARSER]Parsed successfully.(Report) [FisaContAnalitic] : Parsed successfully.
[20:08:35] [FILEPARSER]Parsed successfully.(Report) [Propunere 2016] : Parsed successfully.
[20:08:35] [FILEPARSER]Parsed successfully.(Form) [EFACTURA_UM] : Parsed successfully.
[20:08:35] [FILEPARSER]Parsed successfully.(Module) [clsControlData] : Parsed successfully.
[20:08:35] [FILEPARSER]Parsed successfully.(Form) [frmSync] : Parsed successfully.
[20:08:35] [FILEPARSER]Parsed successfully.(Report) [Balanta 5 Egalitati] : Parsed successfully.
[20:08:35] [FILEPARSER]Parsed successfully.(Module) [mdl_Diacritice] : Parsed successfully.
[20:08:35] [FILEPARSER]Parsed successfully.(Form) [AddClsf_Venituri] : Parsed successfully.
[20:08:35] [FILEPARSER]Parsed successfully.(Form) [TV02] : Parsed successfully.
[20:08:35] [FILEPARSER]Parsed successfully.(Module) [mdl_FX_Tasks_Receive_UPL] : Parsed successfully.
[20:08:35] [FILEPARSER]Started parsing.(Form) [UNIT subform] : Started parsing.
[20:08:35] [FILEPARSER]Started parsing.(Form) [frmTrace] : Started parsing.
[20:08:35] [FILEPARSER]Started parsing.(Module) [mdl_DISK_RW] : Started parsing.
[20:08:35] [FILEPARSER]Started parsing.(Form) [AddUnit2022S] : Started parsing.
[20:08:35] [FILEPARSER]Started parsing.(Report) [PropunereC] : Started parsing.
[20:08:35] [FILEPARSER]Started parsing.(Form) [EFACTURA_VANZATOR] : Started parsing.
[20:08:35] [FILEPARSER]Started parsing.(Module) [mdl_FX_Tasks_Send] : Started parsing.
[20:08:35] [FILEPARSER]Started parsing.(Report) [FisaContPartener2015] : Started parsing.
[20:08:35] [FILEPARSER]Started parsing.(Report) [Balanta2020_0] : Started parsing.
[20:08:35] [FILEPARSER]Started parsing.(Module) [clsDatabaseErrors] : Started parsing.
[20:08:35] [FILEPARSER]Started parsing.(Form) [Note_Credit] : Started parsing.
[20:08:35] [FILEPARSER]Started parsing.(Form) [frmFX_MAIN_ASOC_PART] : Started parsing.
[20:08:35] [FILEPARSER]Started parsing.(Form) [CorelatiiJurnale] : Started parsing.
[20:08:35] [FILEPARSER]Started parsing.(Module) [clsTraceInfo] : Started parsing.
[20:08:35] [FILEPARSER]Started parsing.(Form) [ppOKOnly] : Started parsing.
[20:08:35] [FILEPARSER]Started parsing.(Module) [mdl_Salvare_NoteContabile] : Started parsing.
[20:08:35] [FILEPARSER]Parsed successfully.(Module) [mdl_Salvare_NoteContabile] : Parsed successfully.
[20:08:35] [FILEPARSER]Parsed successfully.(Form) [ppOKOnly] : Parsed successfully.
[20:08:35] [FILEPARSER]Parsed successfully.(Module) [clsTraceInfo] : Parsed successfully.
[20:08:35] [FILEPARSER]Parsed successfully.(Form) [frmFX_MAIN_ASOC_PART] : Parsed successfully.
[20:08:35] [FILEPARSER]Parsed successfully.(Form) [CorelatiiJurnale] : Parsed successfully.
[20:08:35] [FILEPARSER]Parsed successfully.(Module) [clsDatabaseErrors] : Parsed successfully.
[20:08:35] [FILEPARSER]Parsed successfully.(Report) [Balanta2020_0] : Parsed successfully.
[20:08:35] [FILEPARSER]Parsed successfully.(Report) [FisaContPartener2015] : Parsed successfully.
[20:08:35] [FILEPARSER]Parsed successfully.(Module) [mdl_FX_Tasks_Send] : Parsed successfully.
[20:08:35] [FILEPARSER]Parsed successfully.(Report) [PropunereC] : Parsed successfully.
[20:08:35] [FILEPARSER]Parsed successfully.(Form) [AddUnit2022S] : Parsed successfully.
[20:08:35] [FILEPARSER]Parsed successfully.(Form) [Note_Credit] : Parsed successfully.
[20:08:35] [FILEPARSER]Parsed successfully.(Module) [mdl_DISK_RW] : Parsed successfully.
[20:08:35] [FILEPARSER]Parsed successfully.(Form) [frmTrace] : Parsed successfully.
[20:08:35] [FILEPARSER]Parsed successfully.(Form) [UNIT subform] : Parsed successfully.
[20:08:35] [FILEPARSER]Parsed successfully.(Form) [EFACTURA_VANZATOR] : Parsed successfully.
[20:08:35] [FILEPARSER]Started parsing.(Report) [PropunereFG] : Started parsing.
[20:08:35] [FILEPARSER]Started parsing.(Form) [Wait] : Started parsing.
[20:08:35] [FILEPARSER]Started parsing.(Form) [EF_F] : Started parsing.
[20:08:35] [FILEPARSER]Started parsing.(Form) [Note_Debit] : Started parsing.
[20:08:35] [FILEPARSER]Started parsing.(Module) [mdl_GetWindowHandle] : Started parsing.
[20:08:35] [FILEPARSER]Started parsing.(Module) [mdl_Dispozitii] : Started parsing.
[20:08:35] [FILEPARSER]Started parsing.(Form) [frmTrace_sub] : Started parsing.
[20:08:35] [FILEPARSER]Started parsing.(Report) [FisaContPartenerC] : Started parsing.
[20:08:35] [FILEPARSER]Started parsing.(Form) [frmFX_MAIN_ASOC_SAL_ANG] : Started parsing.
[20:08:35] [FILEPARSER]Started parsing.(Module) [clsDatabaseError] : Started parsing.
[20:08:35] [FILEPARSER]Started parsing.(Form) [CorelatiiMateriale] : Started parsing.
[20:08:35] [FILEPARSER]Started parsing.(Report) [Balanta2020_1] : Started parsing.
[20:08:35] [FILEPARSER]Started parsing.(Form) [RectificariV] : Started parsing.
[20:08:35] [FILEPARSER]Started parsing.(Module) [mdl_ScrollBars] : Started parsing.
[20:08:35] [FILEPARSER]Started parsing.(Module) [clsTraceItem] : Started parsing.
[20:08:35] [FILEPARSER]Started parsing.(Form) [AddUnit2022] : Started parsing.
[20:08:35] [FILEPARSER]Parsed successfully.(Module) [mdl_ScrollBars] : Parsed successfully.
[20:08:35] [FILEPARSER]Parsed successfully.(Module) [clsTraceItem] : Parsed successfully.
[20:08:35] [FILEPARSER]Parsed successfully.(Form) [AddUnit2022] : Parsed successfully.
[20:08:35] [FILEPARSER]Parsed successfully.(Form) [RectificariV] : Parsed successfully.
[20:08:35] [FILEPARSER]Parsed successfully.(Report) [Balanta2020_1] : Parsed successfully.
[20:08:35] [FILEPARSER]Parsed successfully.(Form) [CorelatiiMateriale] : Parsed successfully.
[20:08:35] [FILEPARSER]Parsed successfully.(Module) [clsDatabaseError] : Parsed successfully.
[20:08:35] [FILEPARSER]Parsed successfully.(Form) [frmFX_MAIN_ASOC_SAL_ANG] : Parsed successfully.
[20:08:35] [FILEPARSER]Parsed successfully.(Report) [FisaContPartenerC] : Parsed successfully.
[20:08:35] [FILEPARSER]Parsed successfully.(Module) [mdl_Dispozitii] : Parsed successfully.
[20:08:35] [FILEPARSER]Parsed successfully.(Form) [frmTrace_sub] : Parsed successfully.
[20:08:35] [FILEPARSER]Parsed successfully.(Module) [mdl_GetWindowHandle] : Parsed successfully.
[20:08:35] [FILEPARSER]Parsed successfully.(Form) [Note_Debit] : Parsed successfully.
[20:08:35] [FILEPARSER]Parsed successfully.(Form) [EF_F] : Parsed successfully.
[20:08:35] [FILEPARSER]Parsed successfully.(Form) [Wait] : Parsed successfully.
[20:08:35] [FILEPARSER]Parsed successfully.(Report) [PropunereFG] : Parsed successfully.
[20:08:35] [FILEPARSER]Started parsing.(Form) [XMLPath] : Started parsing.
[20:08:35] [FILEPARSER]Started parsing.(Report) [PropunereFG_OP9] : Started parsing.
[20:08:35] [FILEPARSER]Started parsing.(Form) [frmZoom] : Started parsing.
[20:08:35] [FILEPARSER]Started parsing.(Form) [frmFX_MAIN_ASOC_SAL_STAT] : Started parsing.
[20:08:35] [FILEPARSER]Started parsing.(Form) [EF_F_inlucru] : Started parsing.
[20:08:35] [FILEPARSER]Started parsing.(Form) [CorelatiiParteneri] : Started parsing.
[20:08:35] [FILEPARSER]Started parsing.(Report) [BalantaExtraTotal] : Started parsing.
[20:08:35] [FILEPARSER]Started parsing.(Form) [Note_EFactura] : Started parsing.
[20:08:35] [FILEPARSER]Started parsing.(Module) [mdl_DllPath] : Started parsing.
[20:08:35] [FILEPARSER]Started parsing.(Module) [clsTrace] : Started parsing.
[20:08:35] [FILEPARSER]Started parsing.(Report) [FisaContPartener] : Started parsing.
[20:08:35] [FILEPARSER]Started parsing.(Module) [mdl_Sendkeys] : Started parsing.
[20:08:35] [FILEPARSER]Started parsing.(Module) [clsDatabaseUtilities] : Started parsing.
[20:08:35] [FILEPARSER]Started parsing.(Form) [Avacont] : Started parsing.
[20:08:35] [FILEPARSER]Started parsing.(Module) [mdl_GLOBALS] : Started parsing.
[20:08:35] [FILEPARSER]Started parsing.(Form) [Salarii2015] : Started parsing.
[20:08:35] [FILEPARSER]Parsed successfully.(Form) [Salarii2015] : Parsed successfully.
[20:08:35] [FILEPARSER]Parsed successfully.(Module) [mdl_GLOBALS] : Parsed successfully.
[20:08:35] [FILEPARSER]Parsed successfully.(Form) [Avacont] : Parsed successfully.
[20:08:35] [FILEPARSER]Parsed successfully.(Module) [clsDatabaseUtilities] : Parsed successfully.
[20:08:35] [FILEPARSER]Parsed successfully.(Module) [mdl_Sendkeys] : Parsed successfully.
[20:08:35] [FILEPARSER]Parsed successfully.(Module) [clsTrace] : Parsed successfully.
[20:08:35] [FILEPARSER]Parsed successfully.(Report) [FisaContPartener] : Parsed successfully.
[20:08:35] [FILEPARSER]Parsed successfully.(Form) [Note_EFactura] : Parsed successfully.
[20:08:35] [FILEPARSER]Parsed successfully.(Module) [mdl_DllPath] : Parsed successfully.
[20:08:35] [FILEPARSER]Parsed successfully.(Report) [BalantaExtraTotal] : Parsed successfully.
[20:08:35] [FILEPARSER]Parsed successfully.(Form) [CorelatiiParteneri] : Parsed successfully.
[20:08:35] [FILEPARSER]Parsed successfully.(Form) [frmFX_MAIN_ASOC_SAL_STAT] : Parsed successfully.
[20:08:35] [FILEPARSER]Parsed successfully.(Form) [EF_F_inlucru] : Parsed successfully.
[20:08:35] [FILEPARSER]Parsed successfully.(Form) [frmZoom] : Parsed successfully.
[20:08:35] [FILEPARSER]Parsed successfully.(Report) [PropunereFG_OP9] : Parsed successfully.
[20:08:35] [FILEPARSER]Parsed successfully.(Form) [XMLPath] : Parsed successfully.
[20:08:35] [FILEPARSER]Started parsing.(Form) [XMLPath_sub] : Started parsing.
[20:08:35] [FILEPARSER]Started parsing.(Form) [FX_POPUPS] : Started parsing.
[20:08:35] [FILEPARSER]Started parsing.(Form) [CorelatiiPlan] : Started parsing.
[20:08:35] [FILEPARSER]Started parsing.(Form) [EF_P] : Started parsing.
[20:08:35] [FILEPARSER]Started parsing.(Report) [PropunereP] : Started parsing.
[20:08:35] [FILEPARSER]Started parsing.(Report) [BalantaExtra] : Started parsing.
[20:08:35] [FILEPARSER]Started parsing.(Form) [Balanta2021] : Started parsing.
[20:08:35] [FILEPARSER]Started parsing.(Form) [Note_FactAsoc] : Started parsing.
[20:08:35] [FILEPARSER]Started parsing.(Form) [frmFX_MAIN] : Started parsing.
[20:08:35] [FILEPARSER]Started parsing.(Report) [FisaContSintetic2] : Started parsing.
[20:08:35] [FILEPARSER]Started parsing.(Module) [mdl_ShellWait] : Started parsing.
[20:08:35] [FILEPARSER]Started parsing.(Module) [mdl_Hook4Trez] : Started parsing.
[20:08:35] [FILEPARSER]Started parsing.(Module) [clsTreeNode] : Started parsing.
[20:08:35] [FILEPARSER]Started parsing.(Form) [Salarii2019] : Started parsing.
[20:08:35] [FILEPARSER]Started parsing.(Module) [clsDatabase] : Started parsing.
[20:08:35] [FILEPARSER]Started parsing.(Module) [mdl_EFactura_Add] : Started parsing.
[20:08:35] [FILEPARSER]Parsed successfully.(Form) [Salarii2019] : Parsed successfully.
[20:08:35] [FILEPARSER]Parsed successfully.(Module) [mdl_EFactura_Add] : Parsed successfully.
[20:08:35] [FILEPARSER]Parsed successfully.(Module) [clsDatabase] : Parsed successfully.
[20:08:35] [FILEPARSER]Parsed successfully.(Module) [clsTreeNode] : Parsed successfully.
[20:08:35] [FILEPARSER]Parsed successfully.(Module) [mdl_Hook4Trez] : Parsed successfully.
[20:08:35] [FILEPARSER]Parsed successfully.(Module) [mdl_ShellWait] : Parsed successfully.
[20:08:35] [FILEPARSER]Parsed successfully.(Report) [FisaContSintetic2] : Parsed successfully.
[20:08:35] [FILEPARSER]Parsed successfully.(Form) [frmFX_MAIN] : Parsed successfully.
[20:08:35] [FILEPARSER]Parsed successfully.(Form) [Note_FactAsoc] : Parsed successfully.
[20:08:35] [FILEPARSER]Parsed successfully.(Form) [Balanta2021] : Parsed successfully.
[20:08:35] [FILEPARSER]Parsed successfully.(Report) [PropunereP] : Parsed successfully.
[20:08:35] [FILEPARSER]Parsed successfully.(Form) [EF_P] : Parsed successfully.
[20:08:35] [FILEPARSER]Parsed successfully.(Report) [BalantaExtra] : Parsed successfully.
[20:08:35] [FILEPARSER]Parsed successfully.(Form) [CorelatiiPlan] : Parsed successfully.
[20:08:35] [FILEPARSER]Parsed successfully.(Form) [FX_POPUPS] : Parsed successfully.
[20:08:35] [FILEPARSER]Parsed successfully.(Form) [XMLPath_sub] : Parsed successfully.
[20:08:35] [FILEPARSER]Started parsing.(Module) [clsDatePicker_Anul] : Started parsing.
[20:08:35] [FILEPARSER]Started parsing.(Form) [Expl_Salarii] : Started parsing.
[20:08:35] [FILEPARSER]Started parsing.(Report) [Propunere_OPuri2017] : Started parsing.
[20:08:35] [FILEPARSER]Started parsing.(Form) [CT8030] : Started parsing.
[20:08:35] [FILEPARSER]Started parsing.(Form) [_frm_dialog_Available_Connections] : Started parsing.
[20:08:35] [FILEPARSER]Started parsing.(Form) [IMG] : Started parsing.
[20:08:35] [FILEPARSER]Started parsing.(Form) [Note_FactNeAsocAA] : Started parsing.
[20:08:35] [FILEPARSER]Started parsing.(Form) [frmFX_MAIN_DDF] : Started parsing.
[20:08:35] [FILEPARSER]Started parsing.(Report) [FisaContSintetic3] : Started parsing.
[20:08:35] [FILEPARSER]Started parsing.(Module) [mdl_HookAccess] : Started parsing.
[20:08:35] [FILEPARSER]Started parsing.(Report) [Balanta_2021_5] : Started parsing.
[20:08:35] [FILEPARSER]Started parsing.(Module) [mdl_Siguranta] : Started parsing.
[20:08:35] [FILEPARSER]Started parsing.(Form) [BalantaConturi] : Started parsing.
[20:08:35] [FILEPARSER]Started parsing.(Form) [Salarii2026] : Started parsing.
[20:08:35] [FILEPARSER]Started parsing.(Module) [clsTreeView] : Started parsing.
[20:08:35] [FILEPARSER]Started parsing.(Module) [mdl_EFactura] : Started parsing.
[20:08:35] [FILEPARSER]Parsed successfully.(Module) [mdl_EFactura] : Parsed successfully.
[20:08:35] [FILEPARSER]Parsed successfully.(Module) [clsTreeView] : Parsed successfully.
[20:08:35] [FILEPARSER]Parsed successfully.(Form) [Salarii2026] : Parsed successfully.
[20:08:35] [FILEPARSER]Parsed successfully.(Form) [BalantaConturi] : Parsed successfully.
[20:08:35] [FILEPARSER]Parsed successfully.(Module) [mdl_Siguranta] : Parsed successfully.
[20:08:35] [FILEPARSER]Parsed successfully.(Report) [Balanta_2021_5] : Parsed successfully.
[20:08:35] [FILEPARSER]Parsed successfully.(Module) [mdl_HookAccess] : Parsed successfully.
[20:08:35] [FILEPARSER]Parsed successfully.(Report) [FisaContSintetic3] : Parsed successfully.
[20:08:35] [FILEPARSER]Parsed successfully.(Form) [frmFX_MAIN_DDF] : Parsed successfully.
[20:08:35] [FILEPARSER]Parsed successfully.(Form) [Note_FactNeAsocAA] : Parsed successfully.
[20:08:35] [FILEPARSER]Parsed successfully.(Form) [IMG] : Parsed successfully.
[20:08:35] [FILEPARSER]Parsed successfully.(Module) [clsDatePicker_Anul] : Parsed successfully.
[20:08:35] [FILEPARSER]Parsed successfully.(Form) [_frm_dialog_Available_Connections] : Parsed successfully.
[20:08:35] [FILEPARSER]Parsed successfully.(Form) [Expl_Salarii] : Parsed successfully.
[20:08:35] [FILEPARSER]Parsed successfully.(Report) [Propunere_OPuri2017] : Parsed successfully.
[20:08:35] [FILEPARSER]Parsed successfully.(Form) [CT8030] : Parsed successfully.
[20:08:35] [FILEPARSER]Started parsing.(Form) [CT_EXTRA] : Started parsing.
[20:08:35] [FILEPARSER]Started parsing.(Form) [F1133] : Started parsing.
[20:08:35] [FILEPARSER]Started parsing.(Report) [Propunere_OPuri2017_grp] : Started parsing.
[20:08:35] [FILEPARSER]Started parsing.(Form) [Note_FactNeAsoc] : Started parsing.
[20:08:35] [FILEPARSER]Started parsing.(Form) [_MESAJE] : Started parsing.
[20:08:35] [FILEPARSER]Started parsing.(Form) [frmFX_MAIN_DDF_REVS] : Started parsing.
[20:08:35] [FILEPARSER]Started parsing.(Form) [IMG_] : Started parsing.
[20:08:35] [FILEPARSER]Started parsing.(Report) [FisaContSinteticC] : Started parsing.
[20:08:35] [FILEPARSER]Started parsing.(Form) [BalantaXML] : Started parsing.
[20:08:35] [FILEPARSER]Started parsing.(Module) [mdl_StdPicture] : Started parsing.
[20:08:35] [FILEPARSER]Started parsing.(Module) [mdl_EnumChildWindows] : Started parsing.
[20:08:35] [FILEPARSER]Started parsing.(Report) [Balanta_2021] : Started parsing.
[20:08:35] [FILEPARSER]Started parsing.(Module) [clsDatePicker] : Started parsing.
[20:08:35] [FILEPARSER]Started parsing.(Module) [clsTreeView_Icons] : Started parsing.
[20:08:35] [FILEPARSER]Started parsing.(Form) [Salarii2026_PC] : Started parsing.
[20:08:35] [FILEPARSER]Started parsing.(Module) [mdl_HTML] : Started parsing.
[20:08:35] [FILEPARSER]Parsed successfully.(Form) [Salarii2026_PC] : Parsed successfully.
[20:08:35] [FILEPARSER]Parsed successfully.(Module) [mdl_HTML] : Parsed successfully.
[20:08:35] [FILEPARSER]Parsed successfully.(Module) [clsTreeView_Icons] : Parsed successfully.
[20:08:35] [FILEPARSER]Parsed successfully.(Module) [mdl_StdPicture] : Parsed successfully.
[20:08:35] [FILEPARSER]Parsed successfully.(Module) [clsDatePicker] : Parsed successfully.
[20:08:35] [FILEPARSER]Parsed successfully.(Form) [BalantaXML] : Parsed successfully.
[20:08:35] [FILEPARSER]Parsed successfully.(Form) [IMG_] : Parsed successfully.
[20:08:35] [FILEPARSER]Parsed successfully.(Form) [frmFX_MAIN_DDF_REVS] : Parsed successfully.
[20:08:35] [FILEPARSER]Parsed successfully.(Report) [FisaContSinteticC] : Parsed successfully.
[20:08:35] [FILEPARSER]Parsed successfully.(Form) [F1133] : Parsed successfully.
[20:08:35] [FILEPARSER]Parsed successfully.(Module) [mdl_EnumChildWindows] : Parsed successfully.
[20:08:35] [FILEPARSER]Parsed successfully.(Report) [Propunere_OPuri2017_grp] : Parsed successfully.
[20:08:35] [FILEPARSER]Parsed successfully.(Form) [Note_FactNeAsoc] : Parsed successfully.
[20:08:35] [FILEPARSER]Parsed successfully.(Form) [CT_EXTRA] : Parsed successfully.
[20:08:35] [FILEPARSER]Parsed successfully.(Form) [_MESAJE] : Parsed successfully.
[20:08:35] [FILEPARSER]Parsed successfully.(Report) [Balanta_2021] : Parsed successfully.
[20:08:35] [FILEPARSER]Started parsing.(Report) [Balanta_2021_T8] : Started parsing.
[20:08:35] [FILEPARSER]Started parsing.(Form) [DefaClsfE subform] : Started parsing.
[20:08:35] [FILEPARSER]Started parsing.(Report) [Registru Casa] : Started parsing.
[20:08:35] [FILEPARSER]Started parsing.(Report) [FisaContSintetic] : Started parsing.
[20:08:35] [FILEPARSER]Started parsing.(Module) [mdl_ExecWait] : Started parsing.
[20:08:35] [FILEPARSER]Started parsing.(Form) [F1133_D] : Started parsing.
[20:08:35] [FILEPARSER]Started parsing.(Form) [_MF2019_Asoc_EF] : Started parsing.
[20:08:35] [FILEPARSER]Started parsing.(Form) [Note_OPuri] : Started parsing.
[20:08:35] [FILEPARSER]Started parsing.(Form) [frmFX_MAIN_DDF_REV_A] : Started parsing.
[20:08:35] [FILEPARSER]Started parsing.(Module) [clsDatePicker_Day] : Started parsing.
[20:08:35] [FILEPARSER]Started parsing.(Form) [Inchidere2014] : Started parsing.
[20:08:35] [FILEPARSER]Started parsing.(Module) [mdl_TimeFunction] : Started parsing.
[20:08:35] [FILEPARSER]Started parsing.(Module) [clsUnitate] : Started parsing.
[20:08:35] [FILEPARSER]Started parsing.(Form) [Salarii2026_PN] : Started parsing.
[20:08:35] [FILEPARSER]Started parsing.(Module) [mdl_Import_EDUSAL] : Started parsing.
[20:08:35] [FILEPARSER]Started parsing.(Form) [Balanta] : Started parsing.
[20:08:35] [FILEPARSER]Parsed successfully.(Form) [Balanta] : Parsed successfully.
[20:08:35] [FILEPARSER]Parsed successfully.(Module) [mdl_Import_EDUSAL] : Parsed successfully.
[20:08:35] [FILEPARSER]Parsed successfully.(Module) [clsUnitate] : Parsed successfully.
[20:08:35] [FILEPARSER]Parsed successfully.(Module) [mdl_TimeFunction] : Parsed successfully.
[20:08:35] [FILEPARSER]Parsed successfully.(Form) [Salarii2026_PN] : Parsed successfully.
[20:08:35] [FILEPARSER]Parsed successfully.(Form) [Inchidere2014] : Parsed successfully.
[20:08:35] [FILEPARSER]Parsed successfully.(Module) [clsDatePicker_Day] : Parsed successfully.
[20:08:35] [FILEPARSER]Parsed successfully.(Form) [frmFX_MAIN_DDF_REV_A] : Parsed successfully.
[20:08:35] [FILEPARSER]Parsed successfully.(Form) [Note_OPuri] : Parsed successfully.
[20:08:35] [FILEPARSER]Parsed successfully.(Report) [Registru Casa] : Parsed successfully.
[20:08:35] [FILEPARSER]Parsed successfully.(Module) [mdl_ExecWait] : Parsed successfully.
[20:08:35] [FILEPARSER]Parsed successfully.(Form) [DefaClsfE subform] : Parsed successfully.
[20:08:35] [FILEPARSER]Parsed successfully.(Form) [_MF2019_Asoc_EF] : Parsed successfully.
[20:08:35] [FILEPARSER]Parsed successfully.(Report) [Balanta_2021_T8] : Parsed successfully.
[20:08:35] [FILEPARSER]Parsed successfully.(Form) [F1133_D] : Parsed successfully.
[20:08:35] [FILEPARSER]Parsed successfully.(Report) [FisaContSintetic] : Parsed successfully.
[20:08:35] [FILEPARSER]Started parsing.(Report) [FisaCT8030] : Started parsing.
[20:08:35] [FILEPARSER]Started parsing.(Form) [_NU_frmFX_MAIN_ASOC_PART] : Started parsing.
[20:08:35] [FILEPARSER]Started parsing.(Form) [frmFX_MAIN_DDF_REV_B] : Started parsing.
[20:08:35] [FILEPARSER]Started parsing.(Form) [DefaClsfF subform] : Started parsing.
[20:08:35] [FILEPARSER]Started parsing.(Report) [Balanta_2021_TG] : Started parsing.
[20:08:35] [FILEPARSER]Started parsing.(Module) [clsDatePicker_Luna] : Started parsing.
[20:08:35] [FILEPARSER]Started parsing.(Form) [Inchidere_ContChelt] : Started parsing.
[20:08:35] [FILEPARSER]Started parsing.(Report) [Registru CFPP] : Started parsing.
[20:08:35] [FILEPARSER]Started parsing.(Form) [F1133_F] : Started parsing.
[20:08:35] [FILEPARSER]Started parsing.(Form) [Note_PDF_EF] : Started parsing.
[20:08:35] [FILEPARSER]Started parsing.(Module) [mdl_Timer] : Started parsing.
[20:08:35] [FILEPARSER]Started parsing.(Form) [Salarii2026_VA] : Started parsing.
[20:08:35] [FILEPARSER]Started parsing.(Module) [clsUnitati] : Started parsing.
[20:08:35] [FILEPARSER]Started parsing.(Module) [mdl_Import_Extrase] : Started parsing.
[20:08:35] [FILEPARSER]Started parsing.(Form) [Btns] : Started parsing.
[20:08:35] [FILEPARSER]Started parsing.(Module) [mdl_ExportExcel] : Started parsing.
[20:08:35] [FILEPARSER]Parsed successfully.(Module) [mdl_ExportExcel] : Parsed successfully.
[20:08:35] [FILEPARSER]Parsed successfully.(Module) [mdl_Timer] : Parsed successfully.
[20:08:35] [FILEPARSER]Parsed successfully.(Form) [F1133_F] : Parsed successfully.
[20:08:35] [FILEPARSER]Parsed successfully.(Report) [Registru CFPP] : Parsed successfully.
[20:08:35] [FILEPARSER]Parsed successfully.(Form) [Salarii2026_VA] : Parsed successfully.
[20:08:35] [FILEPARSER]Parsed successfully.(Form) [Inchidere_ContChelt] : Parsed successfully.
[20:08:35] [FILEPARSER]Parsed successfully.(Module) [clsDatePicker_Luna] : Parsed successfully.
[20:08:35] [FILEPARSER]Parsed successfully.(Report) [Balanta_2021_TG] : Parsed successfully.
[20:08:35] [FILEPARSER]Parsed successfully.(Form) [_NU_frmFX_MAIN_ASOC_PART] : Parsed successfully.
[20:08:35] [FILEPARSER]Parsed successfully.(Form) [DefaClsfF subform] : Parsed successfully.
[20:08:35] [FILEPARSER]Parsed successfully.(Report) [FisaCT8030] : Parsed successfully.
[20:08:35] [FILEPARSER]Parsed successfully.(Form) [frmFX_MAIN_DDF_REV_B] : Parsed successfully.
[20:08:35] [FILEPARSER]Parsed successfully.(Form) [Btns] : Parsed successfully.
[20:08:35] [FILEPARSER]Parsed successfully.(Module) [clsUnitati] : Parsed successfully.
[20:08:35] [FILEPARSER]Parsed successfully.(Module) [mdl_Import_Extrase] : Parsed successfully.
[20:08:35] [FILEPARSER]Parsed successfully.(Form) [Note_PDF_EF] : Parsed successfully.
[20:08:35] [FILEPARSER]Started parsing.(Form) [Inchidere_ContVenit] : Started parsing.
[20:08:35] [FILEPARSER]Started parsing.(Module) [mdl_InputboxPW] : Started parsing.
[20:08:35] [FILEPARSER]Started parsing.(Form) [DefaCont subform] : Started parsing.
[20:08:35] [FILEPARSER]Started parsing.(Form) [frmFX_MAIN_DDF_REV] : Started parsing.
[20:08:35] [FILEPARSER]Started parsing.(Form) [Note_PickClsf] : Started parsing.
[20:08:35] [FILEPARSER]Started parsing.(Report) [Fisa_CT8062] : Started parsing.
[20:08:35] [FILEPARSER]Started parsing.(Report) [Balanta_2021_T] : Started parsing.
[20:08:35] [FILEPARSER]Started parsing.(Module) [mdl_Export_DAO] : Started parsing.
[20:08:35] [FILEPARSER]Started parsing.(Form) [_x_] : Started parsing.
[20:08:35] [FILEPARSER]Started parsing.(Form) [FisaCont8] : Started parsing.
[20:08:35] [FILEPARSER]Started parsing.(Module) [clsEF_element] : Started parsing.
[20:08:35] [FILEPARSER]Started parsing.(Module) [clsWORKER] : Started parsing.
[20:08:35] [FILEPARSER]Started parsing.(Form) [Btns_old] : Started parsing.
[20:08:35] [FILEPARSER]Started parsing.(Report) [RegistruInventar] : Started parsing.
[20:08:35] [FILEPARSER]Started parsing.(Module) [mdl_TRECERE_AN] : Started parsing.
[20:08:35] [FILEPARSER]Started parsing.(Form) [SalariiSavDoc2019] : Started parsing.
[20:08:35] [FILEPARSER]Parsed successfully.(Form) [SalariiSavDoc2019] : Parsed successfully.
[20:08:35] [FILEPARSER]Parsed successfully.(Form) [Btns_old] : Parsed successfully.
[20:08:35] [FILEPARSER]Parsed successfully.(Module) [clsEF_element] : Parsed successfully.
[20:08:35] [FILEPARSER]Parsed successfully.(Report) [Balanta_2021_T] : Parsed successfully.
[20:08:35] [FILEPARSER]Parsed successfully.(Form) [FisaCont8] : Parsed successfully.
[20:08:35] [FILEPARSER]Parsed successfully.(Form) [_x_] : Parsed successfully.
[20:08:35] [FILEPARSER]Parsed successfully.(Module) [mdl_Export_DAO] : Parsed successfully.
[20:08:35] [FILEPARSER]Parsed successfully.(Module) [clsWORKER] : Parsed successfully.
[20:08:35] [FILEPARSER]Parsed successfully.(Module) [mdl_TRECERE_AN] : Parsed successfully.
[20:08:35] [FILEPARSER]Parsed successfully.(Report) [Fisa_CT8062] : Parsed successfully.
[20:08:35] [FILEPARSER]Parsed successfully.(Form) [Note_PickClsf] : Parsed successfully.
[20:08:35] [FILEPARSER]Parsed successfully.(Form) [frmFX_MAIN_DDF_REV] : Parsed successfully.
[20:08:35] [FILEPARSER]Parsed successfully.(Form) [Inchidere_ContVenit] : Parsed successfully.
[20:08:35] [FILEPARSER]Parsed successfully.(Form) [DefaCont subform] : Parsed successfully.
[20:08:35] [FILEPARSER]Parsed successfully.(Module) [mdl_InputboxPW] : Parsed successfully.
[20:08:35] [FILEPARSER]Parsed successfully.(Report) [RegistruInventar] : Parsed successfully.
[20:08:35] [FILEPARSER]Started parsing.(Form) [DefaNoteA] : Started parsing.
[20:08:35] [FILEPARSER]Started parsing.(Form) [Jurnale] : Started parsing.
[20:08:35] [FILEPARSER]Started parsing.(Form) [Note_PlatiAsoc] : Started parsing.
[20:08:35] [FILEPARSER]Started parsing.(Report) [Fise_Dispozitii_2019] : Started parsing.
[20:08:35] [FILEPARSER]Started parsing.(Report) [2013 Angajament individual MNC] : Started parsing.
[20:08:35] [FILEPARSER]Started parsing.(Module) [clsError] : Started parsing.
[20:08:35] [FILEPARSER]Started parsing.(Form) [frmFX_MAIN_DDF_Salarii] : Started parsing.
[20:08:35] [FILEPARSER]Started parsing.(Module) [mdl_Export_MD] : Started parsing.
[20:08:35] [FILEPARSER]Started parsing.(Module) [mdl_IsProcessRunning] : Started parsing.
[20:08:35] [FILEPARSER]Started parsing.(Report) [Buget anual cu rectificari] : Started parsing.
[20:08:35] [FILEPARSER]Started parsing.(Form) [FisaCont8_Sal] : Started parsing.
[20:08:35] [FILEPARSER]Started parsing.(Form) [Buget1103] : Started parsing.
[20:08:35] [FILEPARSER]Started parsing.(Form) [Sch] : Started parsing.
[20:08:35] [FILEPARSER]Started parsing.(Report) [RegistruOrd] : Started parsing.
[20:08:35] [FILEPARSER]Started parsing.(Module) [clsWorkflows] : Started parsing.
[20:08:35] [FILEPARSER]Started parsing.(Module) [mdl_TreeControlers] : Started parsing.
[20:08:35] [FILEPARSER]Parsed successfully.(Module) [clsWorkflows] : Parsed successfully.
[20:08:35] [FILEPARSER]Parsed successfully.(Module) [mdl_TreeControlers] : Parsed successfully.
[20:08:35] [FILEPARSER]Parsed successfully.(Report) [RegistruOrd] : Parsed successfully.
[20:08:35] [FILEPARSER]Parsed successfully.(Form) [Sch] : Parsed successfully.
[20:08:35] [FILEPARSER]Parsed successfully.(Form) [Buget1103] : Parsed successfully.
[20:08:35] [FILEPARSER]Parsed successfully.(Form) [FisaCont8_Sal] : Parsed successfully.
[20:08:35] [FILEPARSER]Parsed successfully.(Report) [Buget anual cu rectificari] : Parsed successfully.
[20:08:35] [FILEPARSER]Parsed successfully.(Module) [mdl_IsProcessRunning] : Parsed successfully.
[20:08:35] [FILEPARSER]Parsed successfully.(Module) [mdl_Export_MD] : Parsed successfully.
[20:08:35] [FILEPARSER]Parsed successfully.(Form) [frmFX_MAIN_DDF_Salarii] : Parsed successfully.
[20:08:35] [FILEPARSER]Parsed successfully.(Report) [2013 Angajament individual MNC] : Parsed successfully.
[20:08:35] [FILEPARSER]Parsed successfully.(Module) [clsError] : Parsed successfully.
[20:08:35] [FILEPARSER]Parsed successfully.(Report) [Fise_Dispozitii_2019] : Parsed successfully.
[20:08:35] [FILEPARSER]Parsed successfully.(Form) [Note_PlatiAsoc] : Parsed successfully.
[20:08:35] [FILEPARSER]Parsed successfully.(Form) [Jurnale] : Parsed successfully.
[20:08:35] [FILEPARSER]Parsed successfully.(Form) [DefaNoteA] : Parsed successfully.
[20:08:35] [FILEPARSER]Started parsing.(Module) [mdl_TrustedLocation] : Started parsing.
[20:08:35] [FILEPARSER]Started parsing.(Form) [LA_STAT] : Started parsing.
[20:08:35] [FILEPARSER]Started parsing.(Form) [frmFX_MAIN_DDF_Salarii_Select] : Started parsing.
[20:08:35] [FILEPARSER]Started parsing.(Form) [FisaCont_sub_bal] : Started parsing.
[20:08:35] [FILEPARSER]Started parsing.(Form) [Note_Trezo] : Started parsing.
[20:08:35] [FILEPARSER]Started parsing.(Report) [Fise_Dispozitii] : Started parsing.
[20:08:35] [FILEPARSER]Started parsing.(Form) [DefaNoteB] : Started parsing.
[20:08:35] [FILEPARSER]Started parsing.(Report) [2013 Angajament individual] : Started parsing.
[20:08:35] [FILEPARSER]Started parsing.(Module) [mdl_FileVersion] : Started parsing.
[20:08:35] [FILEPARSER]Started parsing.(Form) [Buget_AlegeUnitate] : Started parsing.
[20:08:35] [FILEPARSER]Started parsing.(Module) [clsField] : Started parsing.
[20:08:35] [FILEPARSER]Started parsing.(Form) [ScurtIstoric] : Started parsing.
[20:08:35] [FILEPARSER]Started parsing.(Module) [mdl_JSON] : Started parsing.
[20:08:35] [FILEPARSER]Started parsing.(Report) [Buget anual fara rectificari] : Started parsing.
[20:08:35] [FILEPARSER]Started parsing.(Report) [rFNC] : Started parsing.
[20:08:35] [FILEPARSER]Started parsing.(Module) [clsZipManager] : Started parsing.
[20:08:35] [FILEPARSER]Parsed successfully.(Module) [clsField] : Parsed successfully.
[20:08:35] [FILEPARSER]Parsed successfully.(Form) [FisaCont_sub_bal] : Parsed successfully.
[20:08:35] [FILEPARSER]Parsed successfully.(Form) [Note_Trezo] : Parsed successfully.
[20:08:35] [FILEPARSER]Parsed successfully.(Form) [DefaNoteB] : Parsed successfully.
[20:08:35] [FILEPARSER]Parsed successfully.(Module) [mdl_TrustedLocation] : Parsed successfully.
[20:08:35] [FILEPARSER]Parsed successfully.(Module) [clsZipManager] : Parsed successfully.
[20:08:35] [FILEPARSER]Parsed successfully.(Report) [Buget anual fara rectificari] : Parsed successfully.
[20:08:35] [FILEPARSER]Parsed successfully.(Report) [rFNC] : Parsed successfully.
[20:08:35] [FILEPARSER]Parsed successfully.(Report) [Fise_Dispozitii] : Parsed successfully.
[20:08:35] [FILEPARSER]Parsed successfully.(Module) [mdl_JSON] : Parsed successfully.
[20:08:35] [FILEPARSER]Parsed successfully.(Form) [frmFX_MAIN_DDF_Salarii_Select] : Parsed successfully.
[20:08:35] [FILEPARSER]Parsed successfully.(Form) [LA_STAT] : Parsed successfully.
[20:08:35] [FILEPARSER]Parsed successfully.(Form) [Buget_AlegeUnitate] : Parsed successfully.
[20:08:35] [FILEPARSER]Parsed successfully.(Report) [2013 Angajament individual] : Parsed successfully.
[20:08:35] [FILEPARSER]Parsed successfully.(Form) [ScurtIstoric] : Parsed successfully.
[20:08:35] [FILEPARSER]Parsed successfully.(Module) [mdl_FileVersion] : Parsed successfully.
[20:08:35] [FILEPARSER]Started parsing.(Report) [rptOP1] : Started parsing.
[20:08:35] [FILEPARSER]Parsed successfully.(Report) [rptOP1] : Parsed successfully.
[20:08:35] [FILEPARSER]Started parsing.(Report) [rptOP2] : Started parsing.
[20:08:35] [FILEPARSER]Parsed successfully.(Report) [rptOP2] : Parsed successfully.
[20:08:35] [FILEPARSER]Started parsing.(Report) [rptOP2_prost] : Started parsing.
[20:08:35] [FILEPARSER]Parsed successfully.(Report) [rptOP2_prost] : Parsed successfully.
[20:08:35] [FILEPARSER]Started parsing.(Report) [rptOP3] : Started parsing.
[20:08:35] [FILEPARSER]Parsed successfully.(Report) [rptOP3] : Parsed successfully.
[20:08:35] [FILEPARSER]Started parsing.(Report) [rptOP4] : Started parsing.
[20:08:35] [FILEPARSER]Parsed successfully.(Report) [rptOP4] : Parsed successfully.
[20:08:35] [FILEPARSER]Started parsing.(Report) [rptOP5] : Started parsing.
[20:08:35] [FILEPARSER]Parsed successfully.(Report) [rptOP5] : Parsed successfully.
[20:08:35] [FILEPARSER]Started parsing.(Report) [rptOP] : Started parsing.
[20:08:35] [FILEPARSER]Parsed successfully.(Report) [rptOP] : Parsed successfully.
[20:08:35] [FILEPARSER]   → Total: 615 surse încărcate.(Module) [clsField] :    → Total: 615 surse încărcate.
[20:08:35] [FILEPARSER]=== Parse Form/Report Headers ===(Module) [clsField] : === Parse Form/Report Headers ===
[20:08:36] [FILEPARSER]Parsed report header: frmFX_MAIN_ASOC_CLSF(Form) [FisaCont_sub_bal] : Parsed report header: frmFX_MAIN_ASOC_CLSF
[20:08:36] [FILEPARSER]Parsed report header: Jurnale(Module) [mdl_FileVersion] : Parsed report header: Jurnale
[20:08:36] [FILEPARSER]Parsed report header: CT8030(Module) [clsZipManager] : Parsed report header: CT8030
[20:08:36] [FILEPARSER]Parsed report header: frmDatePicker_Anul(Module) [mdl_TrustedLocation] : Parsed report header: frmDatePicker_Anul
[20:08:36] [FILEPARSER]Parsed report header: subMeniu(Report) [2013 Angajament individual] : Parsed report header: subMeniu
[20:08:36] [FILEPARSER]Parsed report header: Disp2020_sub(Form) [Note_Trezo] : Parsed report header: Disp2020_sub
[20:08:36] [FILEPARSER]Parsed report header: Actiuni(Module) [clsField] : Parsed report header: Actiuni
[20:08:36] [FILEPARSER]Parsed report header: frmFX_REZ(Report) [Buget anual fara rectificari] : Parsed report header: frmFX_REZ
[20:08:36] [FILEPARSER]Parsed report header: Note_OPuri(Form) [frmFX_MAIN_DDF_Salarii_Select] : Parsed report header: Note_OPuri
[20:08:36] [FILEPARSER]Parsed report header: MF2019_Asoc_EF(Form) [LA_STAT] : Parsed report header: MF2019_Asoc_EF
[20:08:36] [FILEPARSER]Parsed report header: frmFX_MAIN_Plati(Form) [DefaNoteB] : Parsed report header: frmFX_MAIN_Plati
[20:08:36] [FILEPARSER]Parsed report header: EF_F(Module) [mdl_JSON] : Parsed report header: EF_F
[20:08:36] [FILEPARSER]Parsed report header: Salarii2015(Report) [FisaContSintetic2] : Parsed report header: Salarii2015
[20:08:36] [FILEPARSER]Parsed report header: ClasificatiiBugetareV(Form) [Balanta2021] : Parsed report header: ClasificatiiBugetareV
[20:08:36] [FILEPARSER]Parsed report header: OPuri2017(Form) [Buget_AlegeUnitate] : Parsed report header: OPuri2017
[20:08:36] [FILEPARSER]Parsed report header: Balanta(Report) [Fise_Dispozitii] : Parsed report header: Balanta
[20:08:36] [FILEPARSER]Parsed report header: Note_PDF_EF(Form) [frmFX_MAIN_DDF_Salarii_Select] : Parsed report header: Note_PDF_EF
[20:08:36] [FILEPARSER]Parsed report header: Actiuni_sub(Module) [clsField] : Parsed report header: Actiuni_sub
[20:08:36] [FILEPARSER]Parsed report header: Btns(Report) [Fise_Dispozitii] : Parsed report header: Btns
[20:08:36] [FILEPARSER]Parsed report header: CT_EXTRA(Module) [clsZipManager] : Parsed report header: CT_EXTRA
[20:08:36] [FILEPARSER]Parsed report header: Note_PickClsf(Form) [frmFX_MAIN_DDF_Salarii_Select] : Parsed report header: Note_PickClsf
[20:08:36] [FILEPARSER]Parsed report header: LA_STAT(Module) [mdl_FileVersion] : Parsed report header: LA_STAT
[20:08:36] [FILEPARSER]Parsed report header: OPuri2017_Plati(Form) [Buget_AlegeUnitate] : Parsed report header: OPuri2017_Plati
[20:08:36] [FILEPARSER]Parsed report header: frmFX_MAIN_PLATI_LISTA(Form) [DefaNoteB] : Parsed report header: frmFX_MAIN_PLATI_LISTA
[20:08:36] [FILEPARSER]Parsed report header: Disp2020_S(Form) [Note_Trezo] : Parsed report header: Disp2020_S
[20:08:36] [FILEPARSER]Parsed report header: ClasificatiiBugetare_Buget(Form) [Balanta2021] : Parsed report header: ClasificatiiBugetare_Buget
[20:08:36] [FILEPARSER]Parsed report header: frmListaAngajamente(Report) [Buget anual fara rectificari] : Parsed report header: frmListaAngajamente
[20:08:36] [FILEPARSER]Parsed report header: frmFX_MAIN_ASOC(Form) [FisaCont_sub_bal] : Parsed report header: frmFX_MAIN_ASOC
[20:08:36] [FILEPARSER]Parsed report header: EF_F_inlucru(Module) [mdl_JSON] : Parsed report header: EF_F_inlucru
[20:08:36] [FILEPARSER]Parsed report header: MF2019_Burse(Form) [LA_STAT] : Parsed report header: MF2019_Burse
[20:08:36] [FILEPARSER]Parsed report header: subOP(Report) [2013 Angajament individual] : Parsed report header: subOP
[20:08:36] [FILEPARSER]Parsed report header: Salarii2019(Report) [FisaContSintetic2] : Parsed report header: Salarii2019
[20:08:36] [FILEPARSER]Parsed report header: AdaugaTabelInTBLS_Field(Module) [clsField] : Parsed report header: AdaugaTabelInTBLS_Field
[20:08:36] [FILEPARSER]Parsed report header: frmDatePicker(Module) [mdl_TrustedLocation] : Parsed report header: frmDatePicker
[20:08:36] [FILEPARSER]Parsed report header: frmMail(Report) [Buget anual fara rectificari] : Parsed report header: frmMail
[20:08:36] [FILEPARSER]Parsed report header: frmFX_MAIN_ASOC_IND(Form) [FisaCont_sub_bal] : Parsed report header: frmFX_MAIN_ASOC_IND
[20:08:36] [FILEPARSER]Parsed report header: DefaClsfE subform(Module) [clsZipManager] : Parsed report header: DefaClsfE subform
[20:08:36] [FILEPARSER]Parsed report header: LEGUNIT_2025(Module) [mdl_FileVersion] : Parsed report header: LEGUNIT_2025
[20:08:36] [FILEPARSER]Parsed report header: EF_P(Module) [mdl_JSON] : Parsed report header: EF_P
[20:08:36] [FILEPARSER]Parsed report header: frmMeter(Report) [Buget anual fara rectificari] : Parsed report header: frmMeter
[20:08:36] [FILEPARSER]Parsed report header: frmDatePicker_Luna(Module) [mdl_TrustedLocation] : Parsed report header: frmDatePicker_Luna
[20:08:36] [FILEPARSER]Parsed report header: Note_PlatiAsoc(Form) [frmFX_MAIN_DDF_Salarii_Select] : Parsed report header: Note_PlatiAsoc
[20:08:36] [FILEPARSER]Parsed report header: Disp2020_T(Form) [Note_Trezo] : Parsed report header: Disp2020_T
[20:08:36] [FILEPARSER]Parsed report header: SUBUNITATI(Report) [2013 Angajament individual] : Parsed report header: SUBUNITATI
[20:08:36] [FILEPARSER]Parsed report header: MF2019_FactAsoc(Form) [LA_STAT] : Parsed report header: MF2019_FactAsoc
[20:08:36] [FILEPARSER]Parsed report header: frmFX_MAIN_Receptii_OLD(Form) [DefaNoteB] : Parsed report header: frmFX_MAIN_Receptii_OLD
[20:08:36] [FILEPARSER]Parsed report header: Salarii2026(Report) [FisaContSintetic2] : Parsed report header: Salarii2026
[20:08:36] [FILEPARSER]Parsed report header: frmFX_MAIN_ASOC_PART(Form) [FisaCont_sub_bal] : Parsed report header: frmFX_MAIN_ASOC_PART
[20:08:36] [FILEPARSER]Parsed report header: OPuri2017_Salvare(Form) [Buget_AlegeUnitate] : Parsed report header: OPuri2017_Salvare
[20:08:36] [FILEPARSER]Parsed report header: ClasificatiiBugetare_Credite(Form) [Balanta2021] : Parsed report header: ClasificatiiBugetare_Credite
[20:08:36] [FILEPARSER]Parsed report header: AdaugaTabelInTBLS(Module) [clsField] : Parsed report header: AdaugaTabelInTBLS
[20:08:36] [FILEPARSER]Parsed report header: Expl_Salarii(Module) [mdl_JSON] : Parsed report header: Expl_Salarii
[20:08:36] [FILEPARSER]Parsed report header: frmEF(Form) [DefaNoteB] : Parsed report header: frmEF
[20:08:36] [FILEPARSER]Parsed report header: frmFX_MAIN_REC(Form) [Balanta2021] : Parsed report header: frmFX_MAIN_REC
[20:08:36] [FILEPARSER]Parsed report header: DefaClsfF subform(Module) [mdl_TrustedLocation] : Parsed report header: DefaClsfF subform
[20:08:36] [FILEPARSER]Parsed report header: Note_Trezo(Form) [frmFX_MAIN_DDF_Salarii_Select] : Parsed report header: Note_Trezo
[20:08:36] [FILEPARSER]Parsed report header: Salarii2026_PC(Report) [FisaContSintetic2] : Parsed report header: Salarii2026_PC
[20:08:36] [FILEPARSER]Parsed report header: frmFX_MAIN_ASOC_SAL_ANG(Form) [FisaCont_sub_bal] : Parsed report header: frmFX_MAIN_ASOC_SAL_ANG
[20:08:36] [FILEPARSER]Parsed report header: frmFiles(Form) [DefaNoteB] : Parsed report header: frmFiles
[20:08:36] [FILEPARSER]Parsed report header: AdaugaTabelInTBLS_Index(Module) [clsField] : Parsed report header: AdaugaTabelInTBLS_Index
[20:08:36] [FILEPARSER]Parsed report header: tblMsBox_Module(Report) [2013 Angajament individual] : Parsed report header: tblMsBox_Module
[20:08:36] [FILEPARSER]Parsed report header: F1133_D(Module) [mdl_JSON] : Parsed report header: F1133_D
[20:08:36] [FILEPARSER]Parsed report header: frmRibbon2025(Report) [Buget anual fara rectificari] : Parsed report header: frmRibbon2025
[20:08:36] [FILEPARSER]Parsed report header: DocFundSalarii(Form) [Note_Trezo] : Parsed report header: DocFundSalarii
[20:08:36] [FILEPARSER]Parsed report header: MF2019_Fact(Form) [LA_STAT] : Parsed report header: MF2019_Fact
[20:08:36] [FILEPARSER]Parsed report header: LFB(Module) [mdl_FileVersion] : Parsed report header: LFB
[20:08:36] [FILEPARSER]Parsed report header: ClasificatiiBugetare(Report) [rFNC] : Parsed report header: ClasificatiiBugetare
[20:08:36] [FILEPARSER]Parsed report header: OPuri(Form) [Buget_AlegeUnitate] : Parsed report header: OPuri
[20:08:36] [FILEPARSER]Parsed report header: Btns_old(Report) [Fise_Dispozitii] : Parsed report header: Btns_old
[20:08:36] [FILEPARSER]Parsed report header: OPuri_PickIBAN(Form) [Buget_AlegeUnitate] : Parsed report header: OPuri_PickIBAN
[20:08:36] [FILEPARSER]Parsed report header: TIMG subform(Report) [2013 Angajament individual] : Parsed report header: TIMG subform
[20:08:36] [FILEPARSER]Parsed report header: DocFundSalarii_Salarii(Form) [Note_Trezo] : Parsed report header: DocFundSalarii_Salarii
[20:08:36] [FILEPARSER]Parsed report header: frmFX_MAIN_ASOC_SAL_STAT(Form) [FisaCont_sub_bal] : Parsed report header: frmFX_MAIN_ASOC_SAL_STAT
[20:08:36] [FILEPARSER]Parsed report header: frmRibbon(Report) [Buget anual fara rectificari] : Parsed report header: frmRibbon
[20:08:36] [FILEPARSER]Parsed report header: F1133_F(Module) [mdl_JSON] : Parsed report header: F1133_F
[20:08:36] [FILEPARSER]Parsed report header: Salarii2026_PN(Report) [FisaContSintetic2] : Parsed report header: Salarii2026_PN
[20:08:36] [FILEPARSER]Parsed report header: frmFiltru(Form) [DefaNoteB] : Parsed report header: frmFiltru
[20:08:36] [FILEPARSER]Parsed report header: OPuri_Rapoarte(Form) [Buget_AlegeUnitate] : Parsed report header: OPuri_Rapoarte
[20:08:36] [FILEPARSER]Parsed report header: AdaugaTabelInTBLS_Relation(Module) [clsField] : Parsed report header: AdaugaTabelInTBLS_Relation
[20:08:36] [FILEPARSER]Parsed report header: frmFX_MAIN_REC_LISTA(Form) [Balanta2021] : Parsed report header: frmFX_MAIN_REC_LISTA
[20:08:36] [FILEPARSER]Parsed report header: DefaCont subform(Module) [mdl_TrustedLocation] : Parsed report header: DefaCont subform
[20:08:36] [FILEPARSER]Parsed report header: MF2019(Form) [LA_STAT] : Parsed report header: MF2019
[20:08:36] [FILEPARSER]Parsed report header: ClasificatiiBugetare_Rectificari(Report) [rFNC] : Parsed report header: ClasificatiiBugetare_Rectificari
[20:08:36] [FILEPARSER]Parsed report header: LFC(Module) [mdl_FileVersion] : Parsed report header: LFC
[20:08:36] [FILEPARSER]Parsed report header: Buget1103(Report) [Fise_Dispozitii] : Parsed report header: Buget1103
[20:08:36] [FILEPARSER]Parsed report header: OCS(Form) [frmFX_MAIN_DDF_Salarii_Select] : Parsed report header: OCS
[20:08:37] [FILEPARSER]Parsed report header: frmSync(Report) [Buget anual fara rectificari] : Parsed report header: frmSync
[20:08:37] [FILEPARSER]Parsed report header: frmFX_DDF_ATT(Form) [DefaNoteB] : Parsed report header: frmFX_DDF_ATT
[20:08:37] [FILEPARSER]Parsed report header: F1133(Module) [mdl_JSON] : Parsed report header: F1133
[20:08:37] [FILEPARSER]Parsed report header: frmFX_MAIN_REZ(Form) [Balanta2021] : Parsed report header: frmFX_MAIN_REZ
[20:08:37] [FILEPARSER]Parsed report header: MF_PDF_EF(Form) [LA_STAT] : Parsed report header: MF_PDF_EF
[20:08:37] [FILEPARSER]Parsed report header: DocFundSalarii_Salarii_Select(Form) [Note_Trezo] : Parsed report header: DocFundSalarii_Salarii_Select
[20:08:37] [FILEPARSER]Parsed report header: frmFX_MAIN_DDF(Form) [FisaCont_sub_bal] : Parsed report header: frmFX_MAIN_DDF
[20:08:37] [FILEPARSER]Parsed report header: frmTrace(Module) [clsZipManager] : Parsed report header: frmTrace
[20:08:37] [FILEPARSER]Parsed report header: ClasificatiiV(Report) [rFNC] : Parsed report header: ClasificatiiV
[20:08:37] [FILEPARSER]Parsed report header: Salarii2026_VA(Report) [FisaContSintetic2] : Parsed report header: Salarii2026_VA
[20:08:37] [FILEPARSER]Parsed report header: Buget_AlegeUnitate(Report) [Fise_Dispozitii] : Parsed report header: Buget_AlegeUnitate
[20:08:37] [FILEPARSER]Parsed report header: OPuri_sub(Form) [Buget_AlegeUnitate] : Parsed report header: OPuri_sub
[20:08:37] [FILEPARSER]Parsed report header: tmpDefaNote subform(Report) [2013 Angajament individual] : Parsed report header: tmpDefaNote subform
[20:08:37] [FILEPARSER]Parsed report header: DefaNoteA(Module) [mdl_TrustedLocation] : Parsed report header: DefaNoteA
[20:08:37] [FILEPARSER]Parsed report header: LNC(Module) [mdl_FileVersion] : Parsed report header: LNC
[20:08:37] [FILEPARSER]Parsed report header: OP9(Form) [frmFX_MAIN_DDF_Salarii_Select] : Parsed report header: OP9
[20:08:37] [FILEPARSER]Parsed report header: AdaugCont(Module) [clsField] : Parsed report header: AdaugCont
[20:08:37] [FILEPARSER]Parsed report header: FisaCont8(Module) [mdl_JSON] : Parsed report header: FisaCont8
[20:08:37] [FILEPARSER]Parsed report header: Loading(Module) [mdl_FileVersion] : Parsed report header: Loading
[20:08:37] [FILEPARSER]Parsed report header: AdaugCont_sub(Module) [clsField] : Parsed report header: AdaugCont_sub
[20:08:37] [FILEPARSER]Parsed report header: FisaCont8_Sal(Module) [mdl_JSON] : Parsed report header: FisaCont8_Sal
[20:08:37] [FILEPARSER]Parsed report header: frmFX_DDF_CLSF(Form) [DefaNoteB] : Parsed report header: frmFX_DDF_CLSF
[20:08:37] [FILEPARSER]Parsed report header: frmTrace_sub(Module) [clsZipManager] : Parsed report header: frmTrace_sub
[20:08:37] [FILEPARSER]Parsed report header: frmFX_MAIN_DDF_REVS(Form) [FisaCont_sub_bal] : Parsed report header: frmFX_MAIN_DDF_REVS
[20:08:37] [FILEPARSER]Parsed report header: LOG(Module) [mdl_FileVersion] : Parsed report header: LOG
[20:08:37] [FILEPARSER]Parsed report header: tmpFactOP(Report) [2013 Angajament individual] : Parsed report header: tmpFactOP
[20:08:37] [FILEPARSER]Parsed report header: frmFX_MAIN_REZ_LISTA(Form) [Balanta2021] : Parsed report header: frmFX_MAIN_REZ_LISTA
[20:08:37] [FILEPARSER]Parsed report header: OP_TREZO(Form) [frmFX_MAIN_DDF_Salarii_Select] : Parsed report header: OP_TREZO
[20:08:37] [FILEPARSER]Parsed report header: Operatii2020(Report) [Buget anual fara rectificari] : Parsed report header: Operatii2020
[20:08:37] [FILEPARSER]Parsed report header: MNotaC11(Form) [LA_STAT] : Parsed report header: MNotaC11
[20:08:37] [FILEPARSER]Parsed report header: SalariiSavDoc2019(Report) [FisaContSintetic2] : Parsed report header: SalariiSavDoc2019
[20:08:37] [FILEPARSER]Parsed report header: DefaNoteB(Module) [mdl_TrustedLocation] : Parsed report header: DefaNoteB
[20:08:37] [FILEPARSER]Parsed report header: Buget_Individual(Report) [Fise_Dispozitii] : Parsed report header: Buget_Individual
[20:08:37] [FILEPARSER]Parsed report header: EFACTURA_2025(Form) [Note_Trezo] : Parsed report header: EFACTURA_2025
[20:08:37] [FILEPARSER]Parsed report header: frmWB(Module) [clsZipManager] : Parsed report header: frmWB
[20:08:37] [FILEPARSER]Parsed report header: Clienti(Report) [rFNC] : Parsed report header: Clienti
[20:08:37] [FILEPARSER]Parsed report header: frmFX_MAIN_REZ_TREE_NEFOLOSIT(Form) [Balanta2021] : Parsed report header: frmFX_MAIN_REZ_TREE_NEFOLOSIT
[20:08:37] [FILEPARSER]Parsed report header: BurseColoane(Report) [Fise_Dispozitii] : Parsed report header: BurseColoane
[20:08:37] [FILEPARSER]Parsed report header: EFACTURA_AA(Form) [Note_Trezo] : Parsed report header: EFACTURA_AA
[20:08:37] [FILEPARSER]Parsed report header: FisaCont_sub_bal(Module) [mdl_JSON] : Parsed report header: FisaCont_sub_bal
[20:08:37] [FILEPARSER]Parsed report header: Operatii2020_Preluare_E(Report) [Buget anual fara rectificari] : Parsed report header: Operatii2020_Preluare_E
[20:08:37] [FILEPARSER]Parsed report header: frmZoom(Module) [clsZipManager] : Parsed report header: frmZoom
[20:08:37] [FILEPARSER]Parsed report header: OP_TREZO_SUB(Form) [frmFX_MAIN_DDF_Salarii_Select] : Parsed report header: OP_TREZO_SUB
[20:08:37] [FILEPARSER]Parsed report header: tmpLEGUNIT(Report) [2013 Angajament individual] : Parsed report header: tmpLEGUNIT
[20:08:37] [FILEPARSER]Parsed report header: Sch(Form) [Buget_AlegeUnitate] : Parsed report header: Sch
[20:08:37] [FILEPARSER]Parsed report header: frmFX_MAIN_DDF_REV_A(Form) [FisaCont_sub_bal] : Parsed report header: frmFX_MAIN_DDF_REV_A
[20:08:37] [FILEPARSER]Parsed report header: LOR(Module) [mdl_FileVersion] : Parsed report header: LOR
[20:08:37] [FILEPARSER]Parsed report header: frmFX_DDF(Form) [DefaNoteB] : Parsed report header: frmFX_DDF
[20:08:37] [FILEPARSER]Parsed report header: AddClsf(Module) [clsField] : Parsed report header: AddClsf
[20:08:37] [FILEPARSER]Parsed report header: DefaNote(Module) [mdl_TrustedLocation] : Parsed report header: DefaNote
[20:08:37] [FILEPARSER]Parsed report header: MNotaC1(Report) [FisaContSintetic2] : Parsed report header: MNotaC1
[20:08:37] [FILEPARSER]Parsed report header: Form1(Module) [mdl_JSON] : Parsed report header: Form1
[20:08:37] [FILEPARSER]Parsed report header: tmpLNC subform(Report) [2013 Angajament individual] : Parsed report header: tmpLNC subform
[20:08:37] [FILEPARSER]Parsed report header: ScurtIstoric(Form) [Buget_AlegeUnitate] : Parsed report header: ScurtIstoric
[20:08:37] [FILEPARSER]Parsed report header: Operatii2020_Preluare_E_S(Report) [Buget anual fara rectificari] : Parsed report header: Operatii2020_Preluare_E_S
[20:08:37] [FILEPARSER]Parsed report header: AddClsf_S1(Module) [clsField] : Parsed report header: AddClsf_S1
[20:08:37] [FILEPARSER]Parsed report header: EFACTURA_ADD_FACTURI(Form) [Note_Trezo] : Parsed report header: EFACTURA_ADD_FACTURI
[20:08:37] [FILEPARSER]Parsed report header: frmFX_DDF_INFO(Form) [DefaNoteB] : Parsed report header: frmFX_DDF_INFO
[20:08:37] [FILEPARSER]Parsed report header: ParteneriAng(Form) [frmFX_MAIN_DDF_Salarii_Select] : Parsed report header: ParteneriAng
[20:08:37] [FILEPARSER]Parsed report header: Form2(Module) [mdl_JSON] : Parsed report header: Form2
[20:08:37] [FILEPARSER]Parsed report header: BURSECONFIG(Report) [Fise_Dispozitii] : Parsed report header: BURSECONFIG
[20:08:37] [FILEPARSER]Parsed report header: DefaNumerar(Module) [mdl_TrustedLocation] : Parsed report header: DefaNumerar
[20:08:37] [FILEPARSER]Parsed report header: Cont8067_2(Report) [rFNC] : Parsed report header: Cont8067_2
[20:08:37] [FILEPARSER]Parsed report header: frmFX_MAIN_DDF_REV_B(Form) [FisaCont_sub_bal] : Parsed report header: frmFX_MAIN_DDF_REV_B
[20:08:37] [FILEPARSER]Parsed report header: frmFX_MAIN_Sumar(Form) [Balanta2021] : Parsed report header: frmFX_MAIN_Sumar
[20:08:37] [FILEPARSER]Parsed report header: FX_POPUPS(Module) [clsZipManager] : Parsed report header: FX_POPUPS
[20:08:37] [FILEPARSER]Parsed report header: LRJ(Module) [mdl_FileVersion] : Parsed report header: LRJ
[20:08:37] [FILEPARSER]Parsed report header: ModificareNC1280(Report) [FisaContSintetic2] : Parsed report header: ModificareNC1280
[20:08:37] [FILEPARSER]Parsed report header: frmFX_ORD_DOC_ATT(Form) [Balanta2021] : Parsed report header: frmFX_ORD_DOC_ATT
[20:08:37] [FILEPARSER]Parsed report header: frmAlegeClsf(Module) [mdl_JSON] : Parsed report header: frmAlegeClsf
[20:08:37] [FILEPARSER]Parsed report header: frmFX_MAIN_DDF_REV(Form) [FisaCont_sub_bal] : Parsed report header: frmFX_MAIN_DDF_REV
[20:08:37] [FILEPARSER]Parsed report header: ParteneriSI(Form) [frmFX_MAIN_DDF_Salarii_Select] : Parsed report header: ParteneriSI
[20:08:37] [FILEPARSER]Parsed report header: tmpPlatiOP(Report) [2013 Angajament individual] : Parsed report header: tmpPlatiOP
[20:08:37] [FILEPARSER]Parsed report header: LuniBlocate(Module) [mdl_FileVersion] : Parsed report header: LuniBlocate
[20:08:37] [FILEPARSER]Parsed report header: frmFX_Main_DDF_REV_PRT(Form) [FisaCont_sub_bal] : Parsed report header: frmFX_Main_DDF_REV_PRT
[20:08:37] [FILEPARSER]Parsed report header: frmFX_DDF_PRTSCR(Form) [DefaNoteB] : Parsed report header: frmFX_DDF_PRTSCR
[20:08:37] [FILEPARSER]Parsed report header: frmAutoexec(Module) [mdl_JSON] : Parsed report header: frmAutoexec
[20:08:37] [FILEPARSER]Parsed report header: DefaSalariiAN(Module) [mdl_TrustedLocation] : Parsed report header: DefaSalariiAN
[20:08:37] [FILEPARSER]Parsed report header: IMG(Module) [clsZipManager] : Parsed report header: IMG
[20:08:37] [FILEPARSER]Parsed report header: BurseFoi(Report) [Fise_Dispozitii] : Parsed report header: BurseFoi
[20:08:37] [FILEPARSER]Parsed report header: Cont8067(Report) [rFNC] : Parsed report header: Cont8067
[20:08:37] [FILEPARSER]Parsed report header: Operatii2020_Preluare(Report) [Buget anual fara rectificari] : Parsed report header: Operatii2020_Preluare
[20:08:37] [FILEPARSER]Parsed report header: AddClsf_Venituri(Module) [clsField] : Parsed report header: AddClsf_Venituri
[20:08:37] [FILEPARSER]Parsed report header: MODNRNC(Report) [FisaContSintetic2] : Parsed report header: MODNRNC
[20:08:37] [FILEPARSER]Parsed report header: frmFX_ORD_DOC(Form) [Balanta2021] : Parsed report header: frmFX_ORD_DOC
[20:08:37] [FILEPARSER]Parsed report header: EFACTURA_ADD(Form) [Note_Trezo] : Parsed report header: EFACTURA_ADD
[20:08:37] [FILEPARSER]Parsed report header: Setari implicite(Form) [Buget_AlegeUnitate] : Parsed report header: Setari implicite
[20:08:37] [FILEPARSER]Parsed report header: frmFX_DDF_PRTSCR_S(Form) [DefaNoteB] : Parsed report header: frmFX_DDF_PRTSCR_S
[20:08:37] [FILEPARSER]Parsed report header: frmFX_ORD_DOC_TXT(Form) [Balanta2021] : Parsed report header: frmFX_ORD_DOC_TXT
[20:08:37] [FILEPARSER]Parsed report header: MonthPicker(Report) [FisaContSintetic2] : Parsed report header: MonthPicker
[20:08:37] [FILEPARSER]Parsed report header: frmCbx(Module) [mdl_JSON] : Parsed report header: frmCbx
[20:08:38] [FILEPARSER]Parsed report header: AddUnit2022S(Module) [clsField] : Parsed report header: AddUnit2022S
[20:08:38] [FILEPARSER]Parsed report header: frmFX_MAIN_DDF_Salarii(Form) [FisaCont_sub_bal] : Parsed report header: frmFX_MAIN_DDF_Salarii
[20:08:38] [FILEPARSER]Parsed report header: IMG_(Module) [clsZipManager] : Parsed report header: IMG_
[20:08:38] [FILEPARSER]Parsed report header: SituatieBazaDate(Form) [Buget_AlegeUnitate] : Parsed report header: SituatieBazaDate
[20:08:38] [FILEPARSER]Parsed report header: EFACTURA_ADD_SUB(Form) [Note_Trezo] : Parsed report header: EFACTURA_ADD_SUB
[20:08:38] [FILEPARSER]Parsed report header: tmpSalariiS0(Report) [2013 Angajament individual] : Parsed report header: tmpSalariiS0
[20:08:38] [FILEPARSER]Parsed report header: DefaSalariiPC(Module) [mdl_TrustedLocation] : Parsed report header: DefaSalariiPC
[20:08:38] [FILEPARSER]Parsed report header: Burse_Fact(Report) [Fise_Dispozitii] : Parsed report header: Burse_Fact
[20:08:38] [FILEPARSER]Parsed report header: Cont8067_S(Report) [rFNC] : Parsed report header: Cont8067_S
[20:08:38] [FILEPARSER]Parsed report header: Parteneri(Form) [frmFX_MAIN_DDF_Salarii_Select] : Parsed report header: Parteneri
[20:08:38] [FILEPARSER]Parsed report header: Operatii2020_S(Report) [Buget anual fara rectificari] : Parsed report header: Operatii2020_S
[20:08:38] [FILEPARSER]Parsed report header: POPUP_MSG(Form) [frmFX_MAIN_DDF_Salarii_Select] : Parsed report header: POPUP_MSG
[20:08:38] [FILEPARSER]Parsed report header: Contracte_a(Report) [rFNC] : Parsed report header: Contracte_a
[20:08:38] [FILEPARSER]Parsed report header: frmFX_MAIN_DDF_Salarii_Select(Form) [FisaCont_sub_bal] : Parsed report header: frmFX_MAIN_DDF_Salarii_Select
[20:08:38] [FILEPARSER]Parsed report header: frmFX_DDF_REV(Form) [DefaNoteB] : Parsed report header: frmFX_DDF_REV
[20:08:38] [FILEPARSER]Parsed report header: Note_Credit(Report) [FisaContSintetic2] : Parsed report header: Note_Credit
[20:08:38] [FILEPARSER]Parsed report header: frmCert(Module) [mdl_JSON] : Parsed report header: frmCert
[20:08:38] [FILEPARSER]Parsed report header: POPUP_MSG_Sub(Form) [frmFX_MAIN_DDF_Salarii_Select] : Parsed report header: POPUP_MSG_Sub
[20:08:38] [FILEPARSER]Parsed report header: SQL_8XXX(Form) [Buget_AlegeUnitate] : Parsed report header: SQL_8XXX
[20:08:38] [FILEPARSER]Parsed report header: tmpSalariiS1(Report) [2013 Angajament individual] : Parsed report header: tmpSalariiS1
[20:08:38] [FILEPARSER]Parsed report header: Inchidere2014(Module) [clsZipManager] : Parsed report header: Inchidere2014
[20:08:38] [FILEPARSER]Parsed report header: DefaSalariiPN(Module) [mdl_TrustedLocation] : Parsed report header: DefaSalariiPN
[20:08:38] [FILEPARSER]Parsed report header: EFACTURA_CLIENTI(Form) [Note_Trezo] : Parsed report header: EFACTURA_CLIENTI
[20:08:38] [FILEPARSER]Parsed report header: frmFX_ORD(Form) [Balanta2021] : Parsed report header: frmFX_ORD
[20:08:38] [FILEPARSER]Parsed report header: Operatii2020_S_Preluare(Report) [Buget anual fara rectificari] : Parsed report header: Operatii2020_S_Preluare
[20:08:38] [FILEPARSER]Parsed report header: Contracte(Report) [rFNC] : Parsed report header: Contracte
[20:08:38] [FILEPARSER]Parsed report header: Burse(Report) [Fise_Dispozitii] : Parsed report header: Burse
[20:08:38] [FILEPARSER]Parsed report header: AddUnit2022(Module) [clsField] : Parsed report header: AddUnit2022
[20:08:38] [FILEPARSER]Parsed report header: frmCollectionViewer(Module) [mdl_JSON] : Parsed report header: frmCollectionViewer
[20:08:38] [FILEPARSER]Parsed report header: Burse_PickIBAN(Report) [Fise_Dispozitii] : Parsed report header: Burse_PickIBAN
[20:08:38] [FILEPARSER]Parsed report header: ppInputBox(Form) [frmFX_MAIN_DDF_Salarii_Select] : Parsed report header: ppInputBox
[20:08:38] [FILEPARSER]Parsed report header: Inchidere_ContChelt(Form) [LA_STAT] : Parsed report header: Inchidere_ContChelt
[20:08:38] [FILEPARSER]Parsed report header: Note_Debit(Report) [FisaContSintetic2] : Parsed report header: Note_Debit
[20:08:38] [FILEPARSER]Parsed report header: EFACTURA_MSG(Form) [Note_Trezo] : Parsed report header: EFACTURA_MSG
[20:08:38] [FILEPARSER]Parsed report header: SQL(Form) [Buget_AlegeUnitate] : Parsed report header: SQL
[20:08:38] [FILEPARSER]Parsed report header: Copy Of Btns(Report) [rFNC] : Parsed report header: Copy Of Btns
[20:08:38] [FILEPARSER]Parsed report header: tmpSalariiS2(Report) [2013 Angajament individual] : Parsed report header: tmpSalariiS2
[20:08:38] [FILEPARSER]Parsed report header: frmFX_ORD_PART(Form) [Balanta2021] : Parsed report header: frmFX_ORD_PART
[20:08:38] [FILEPARSER]Parsed report header: frmFX_DDF_REV_SECT_A(Form) [DefaNoteB] : Parsed report header: frmFX_DDF_REV_SECT_A
[20:08:38] [FILEPARSER]Parsed report header: Burse_Plati(Report) [Fise_Dispozitii] : Parsed report header: Burse_Plati
[20:08:38] [FILEPARSER]Parsed report header: DefaSalariiVA(Module) [mdl_TrustedLocation] : Parsed report header: DefaSalariiVA
[20:08:38] [FILEPARSER]Parsed report header: OPME_A(Report) [Buget anual fara rectificari] : Parsed report header: OPME_A
[20:08:38] [FILEPARSER]Parsed report header: Avacont(Module) [clsField] : Parsed report header: Avacont
[20:08:38] [FILEPARSER]Parsed report header: EFACTURA_PDF(Form) [Note_Trezo] : Parsed report header: EFACTURA_PDF
[20:08:38] [FILEPARSER]Parsed report header: frmFX_MAIN(Form) [FisaCont_sub_bal] : Parsed report header: frmFX_MAIN
[20:08:38] [FILEPARSER]Parsed report header: frmDatePicker_2025(Module) [mdl_JSON] : Parsed report header: frmDatePicker_2025
[20:08:38] [FILEPARSER]Parsed report header: DefaSector subform(Module) [mdl_TrustedLocation] : Parsed report header: DefaSector subform
[20:08:38] [FILEPARSER]Parsed report header: CorelatiiClasificatii(Report) [rFNC] : Parsed report header: CorelatiiClasificatii
[20:08:38] [FILEPARSER]Parsed report header: EFACTURA_PickIBAN(Form) [Note_Trezo] : Parsed report header: EFACTURA_PickIBAN
[20:08:38] [FILEPARSER]Parsed report header: Inchidere_ContVenit(Form) [LA_STAT] : Parsed report header: Inchidere_ContVenit
[20:08:38] [FILEPARSER]Parsed report header: subClasificatii(Form) [Buget_AlegeUnitate] : Parsed report header: subClasificatii
[20:08:38] [FILEPARSER]Parsed report header: frmFX_ORD_PRTSCR(Form) [Balanta2021] : Parsed report header: frmFX_ORD_PRTSCR
[20:08:38] [FILEPARSER]Parsed report header: Note_EFactura(Report) [FisaContSintetic2] : Parsed report header: Note_EFactura
[20:08:38] [FILEPARSER]Parsed report header: ppMsBox(Form) [frmFX_MAIN_DDF_Salarii_Select] : Parsed report header: ppMsBox
[20:08:38] [FILEPARSER]Parsed report header: frmFX_DDF_REV_SECT_B(Form) [DefaNoteB] : Parsed report header: frmFX_DDF_REV_SECT_B
[20:08:38] [FILEPARSER]Parsed report header: tmpSalarii(Report) [2013 Angajament individual] : Parsed report header: tmpSalarii
[20:08:38] [FILEPARSER]Parsed report header: Burse_sub(Report) [Fise_Dispozitii] : Parsed report header: Burse_sub
[20:08:38] [FILEPARSER]Parsed report header: OPME(Report) [Buget anual fara rectificari] : Parsed report header: OPME
[20:08:38] [FILEPARSER]Parsed report header: Balanta2021(Module) [clsField] : Parsed report header: Balanta2021
[20:08:38] [FILEPARSER]Parsed report header: frmFX_ORD_PRTSCR_S(Form) [DefaNoteB] : Parsed report header: frmFX_ORD_PRTSCR_S
[20:08:38] [FILEPARSER]Parsed report header: IstoricOP9(Form) [LA_STAT] : Parsed report header: IstoricOP9
[20:08:38] [FILEPARSER]Parsed report header: CAI(Report) [Fise_Dispozitii] : Parsed report header: CAI
[20:08:38] [FILEPARSER]Parsed report header: DefaSursa subform(Module) [mdl_TrustedLocation] : Parsed report header: DefaSursa subform
[20:08:38] [FILEPARSER]Parsed report header: CorelatiiJurnale(Report) [rFNC] : Parsed report header: CorelatiiJurnale
[20:08:38] [FILEPARSER]Parsed report header: ppOKOnly(Form) [frmFX_MAIN_DDF_Salarii_Select] : Parsed report header: ppOKOnly
[20:08:38] [FILEPARSER]Parsed report header: EFACTURA_TMP(Form) [Note_Trezo] : Parsed report header: EFACTURA_TMP
[20:08:38] [FILEPARSER]Parsed report header: subCT8030(Form) [Buget_AlegeUnitate] : Parsed report header: subCT8030
[20:08:38] [FILEPARSER]Parsed report header: Balanta2021_T(Module) [clsField] : Parsed report header: Balanta2021_T
[20:08:38] [FILEPARSER]Parsed report header: OPME_S(Module) [clsZipManager] : Parsed report header: OPME_S
[20:08:38] [FILEPARSER]Parsed report header: frmFX_MAIN_ORD(Form) [FisaCont_sub_bal] : Parsed report header: frmFX_MAIN_ORD
[20:08:38] [FILEPARSER]Parsed report header: frmFX_DDF_STATE(Report) [Buget anual fara rectificari] : Parsed report header: frmFX_DDF_STATE
[20:08:38] [FILEPARSER]Parsed report header: Note_FactAsoc(Report) [FisaContSintetic2] : Parsed report header: Note_FactAsoc
[20:08:38] [FILEPARSER]Parsed report header: frmFX_ORD_TBL(Form) [DefaNoteB] : Parsed report header: frmFX_ORD_TBL
[20:08:38] [FILEPARSER]Parsed report header: tmp_CSAV_Sal(Report) [2013 Angajament individual] : Parsed report header: tmp_CSAV_Sal
[20:08:38] [FILEPARSER]Parsed report header: MF2019_2(Module) [mdl_JSON] : Parsed report header: MF2019_2
[20:08:38] [FILEPARSER]Parsed report header: CorelatiiMateriale(Form) [Buget_AlegeUnitate] : Parsed report header: CorelatiiMateriale
[20:08:38] [FILEPARSER]Parsed report header: BalantaConturi(Module) [clsField] : Parsed report header: BalantaConturi
[20:08:38] [FILEPARSER]Parsed report header: EFACTURA_UM(Form) [Note_Trezo] : Parsed report header: EFACTURA_UM
[20:08:38] [FILEPARSER]Parsed report header: CC(Report) [Fise_Dispozitii] : Parsed report header: CC
[20:08:38] [FILEPARSER]Parsed report header: Note_FactNeAsocAA(Form) [Balanta2021] : Parsed report header: Note_FactNeAsocAA
[20:08:38] [FILEPARSER]Parsed report header: DefaTitlu subform(Report) [rFNC] : Parsed report header: DefaTitlu subform
[20:08:38] [FILEPARSER]Parsed report header: subCT_EXTRA(Report) [FisaContSintetic2] : Parsed report header: subCT_EXTRA
[20:08:38] [FILEPARSER]Parsed report header: frmFX_REZ_DETALII(Form) [DefaNoteB] : Parsed report header: frmFX_REZ_DETALII
[20:08:39] [FILEPARSER]Parsed report header: frmFX_MAIN_Plati_Detalii(Form) [FisaCont_sub_bal] : Parsed report header: frmFX_MAIN_Plati_Detalii
[20:08:39] [FILEPARSER]Parsed report header: RectificariV(Form) [frmFX_MAIN_DDF_Salarii_Select] : Parsed report header: RectificariV
[20:08:39] [FILEPARSER]Parsed report header: CorelatiiParteneri(Form) [Buget_AlegeUnitate] : Parsed report header: CorelatiiParteneri
[20:08:39] [FILEPARSER]Parsed report header: Meniu(Module) [mdl_FileVersion] : Parsed report header: Meniu
[20:08:39] [FILEPARSER]Parsed report header: OPuri2017_FactE(Module) [clsZipManager] : Parsed report header: OPuri2017_FactE
[20:08:39] [FILEPARSER]Parsed report header: tmp_CSAV_Sal_nou(Report) [2013 Angajament individual] : Parsed report header: tmp_CSAV_Sal_nou
[20:08:39] [FILEPARSER]Parsed report header: frmFX_INFORMATII(Report) [Buget anual fara rectificari] : Parsed report header: frmFX_INFORMATII
[20:08:39] [FILEPARSER]Parsed report header: TV01(Form) [LA_STAT] : Parsed report header: TV01
[20:08:39] [FILEPARSER]Parsed report header: MF2019_3(Module) [mdl_JSON] : Parsed report header: MF2019_3
[20:08:39] [FILEPARSER]Parsed report header: Mesaj_ANAF(Module) [mdl_FileVersion] : Parsed report header: Mesaj_ANAF
[20:08:39] [FILEPARSER]Parsed report header: CorelatiiPlan(Form) [Buget_AlegeUnitate] : Parsed report header: CorelatiiPlan
[20:08:39] [FILEPARSER]Parsed report header: subFormVBNET(Report) [FisaContSintetic2] : Parsed report header: subFormVBNET
[20:08:39] [FILEPARSER]Parsed report header: Descarcare_fisier(Report) [rFNC] : Parsed report header: Descarcare_fisier
[20:08:39] [FILEPARSER]Parsed report header: MF2019_0(Module) [mdl_FileVersion] : Parsed report header: MF2019_0
[20:08:39] [FILEPARSER]Parsed report header: frmFX_MAIN_Plati_Detalii_OLD(Form) [FisaCont_sub_bal] : Parsed report header: frmFX_MAIN_Plati_Detalii_OLD
[20:08:39] [FILEPARSER]Parsed report header: MF2019_6(Module) [mdl_JSON] : Parsed report header: MF2019_6
[20:08:39] [FILEPARSER]Parsed report header: CERC(Report) [Fise_Dispozitii] : Parsed report header: CERC
[20:08:39] [FILEPARSER]Parsed report header: Note_FactNeAsoc(Form) [Balanta2021] : Parsed report header: Note_FactNeAsoc
[20:08:39] [FILEPARSER]Parsed report header: TV02(Form) [LA_STAT] : Parsed report header: TV02
[20:08:39] [FILEPARSER]Parsed report header: TrecereAN(Report) [2013 Angajament individual] : Parsed report header: TrecereAN
[20:08:39] [FILEPARSER]Parsed report header: OPuri2017_Fact(Module) [clsZipManager] : Parsed report header: OPuri2017_Fact
[20:08:39] [FILEPARSER]Parsed report header: frmFX_ISTORIC(Report) [Buget anual fara rectificari] : Parsed report header: frmFX_ISTORIC
[20:08:39] [FILEPARSER]Parsed report header: BalantaXML(Module) [clsField] : Parsed report header: BalantaXML
[20:08:39] [FILEPARSER]Parsed report header: EFACTURA_VANZATOR(Form) [Note_Trezo] : Parsed report header: EFACTURA_VANZATOR
[20:08:39] [FILEPARSER]Parsed report header: subMeniu_Act(Report) [FisaContSintetic2] : Parsed report header: subMeniu_Act
[20:08:39] [FILEPARSER]Parsed report header: TV00(Report) [2013 Angajament individual] : Parsed report header: TV00
[20:08:39] [FILEPARSER]Parsed report header: CheckList(Report) [Fise_Dispozitii] : Parsed report header: CheckList
[20:08:39] [FILEPARSER]Parsed report header: UNIT subform(Form) [LA_STAT] : Parsed report header: UNIT subform
[20:08:39] [FILEPARSER]Parsed report header: MF2019_1(Module) [mdl_FileVersion] : Parsed report header: MF2019_1
[20:08:39] [FILEPARSER]Parsed report header: Disp2020(Report) [rFNC] : Parsed report header: Disp2020
[20:08:39] [FILEPARSER]Parsed report header: Wait(Form) [LA_STAT] : Parsed report header: Wait
[20:08:39] [FILEPARSER]Parsed report header: XMLPath(Form) [LA_STAT] : Parsed report header: XMLPath
[20:08:39] [FILEPARSER]Parsed report header: XMLPath_sub(Form) [LA_STAT] : Parsed report header: XMLPath_sub
[20:08:39] [FILEPARSER]Parsed report header: Note(Form) [Balanta2021] : Parsed report header: Note
[20:08:39] [FILEPARSER]Parsed report header: _frm_dialog_Available_Connections(Form) [LA_STAT] : Parsed report header: _frm_dialog_Available_Connections
[20:08:39] [FILEPARSER]Parsed report header: _MESAJE(Form) [LA_STAT] : Parsed report header: _MESAJE
[20:08:39] [FILEPARSER]Parsed report header: _MF2019_Asoc_EF(Form) [LA_STAT] : Parsed report header: _MF2019_Asoc_EF
[20:08:39] [FILEPARSER]Parsed report header: _NU_frmFX_MAIN_ASOC_PART(Form) [LA_STAT] : Parsed report header: _NU_frmFX_MAIN_ASOC_PART
[20:08:39] [FILEPARSER]Parsed report header: _x_(Form) [LA_STAT] : Parsed report header: _x_
[20:08:39] [FILEPARSER]Parsed report header: rptFNC(Report) [rFNC] : Parsed report header: rptFNC
[20:08:39] [FILEPARSER]Parsed report header: BalantaExtraTotal(Form) [frmFX_MAIN_DDF_Salarii_Select] : Parsed report header: BalantaExtraTotal
[20:08:39] [FILEPARSER]Parsed report header: DispozitiiBugetare_numar(Form) [DefaNoteB] : Parsed report header: DispozitiiBugetare_numar
[20:08:39] [FILEPARSER]Parsed report header: 2013 Angajament individual MNC(Module) [clsField] : Parsed report header: 2013 Angajament individual MNC
[20:08:39] [FILEPARSER]Parsed report header: AngajamentLegal_OPuri2017_Grp(Form) [LA_STAT] : Parsed report header: AngajamentLegal_OPuri2017_Grp
[20:08:39] [FILEPARSER]Parsed report header: Fise_Dispozitii(Report) [2013 Angajament individual] : Parsed report header: Fise_Dispozitii
[20:08:39] [FILEPARSER]Parsed report header: OPuri_Anexa(Module) [mdl_TrustedLocation] : Parsed report header: OPuri_Anexa
[20:08:39] [FILEPARSER]Parsed report header: FC8066(Report) [Fise_Dispozitii] : Parsed report header: FC8066
[20:08:39] [FILEPARSER]Parsed report header: Buget anual fara rectificari(Form) [FisaCont_sub_bal] : Parsed report header: Buget anual fara rectificari
[20:08:39] [FILEPARSER]Parsed report header: FisaContPartener(Module) [mdl_JSON] : Parsed report header: FisaContPartener
[20:08:39] [FILEPARSER]Parsed report header: NIR(Form) [Buget_AlegeUnitate] : Parsed report header: NIR
[20:08:39] [FILEPARSER]Parsed report header: BalantaExtra(Form) [frmFX_MAIN_DDF_Salarii_Select] : Parsed report header: BalantaExtra
[20:08:39] [FILEPARSER]Parsed report header: FisaBugetara4(Form) [Note_Trezo] : Parsed report header: FisaBugetara4
[20:08:39] [FILEPARSER]Parsed report header: Anexa 7(Module) [mdl_FileVersion] : Parsed report header: Anexa 7
[20:08:39] [FILEPARSER]Parsed report header: Propunere_OPuri2017_grp(Module) [clsZipManager] : Parsed report header: Propunere_OPuri2017_grp
[20:08:39] [FILEPARSER]Parsed report header: Balanta 4 egalitati RX(Report) [FisaContSintetic2] : Parsed report header: Balanta 4 egalitati RX
[20:08:39] [FILEPARSER]Parsed report header: OrdonantarePlataOP9(Report) [Buget anual fara rectificari] : Parsed report header: OrdonantarePlataOP9
[20:08:39] [FILEPARSER]Parsed report header: rptOP1(Report) [rFNC] : Parsed report header: rptOP1
[20:08:39] [FILEPARSER]Parsed report header: EFACTURA_T(Form) [DefaNoteB] : Parsed report header: EFACTURA_T
[20:08:39] [FILEPARSER]Parsed report header: Anexa 9(Module) [mdl_FileVersion] : Parsed report header: Anexa 9
[20:08:39] [FILEPARSER]Parsed report header: AngajamentLegal_OPuri2017(Form) [LA_STAT] : Parsed report header: AngajamentLegal_OPuri2017
[20:08:39] [FILEPARSER]Parsed report header: Buget Anual TOTAL cu rectificari(Form) [FisaCont_sub_bal] : Parsed report header: Buget Anual TOTAL cu rectificari
[20:08:39] [FILEPARSER]Parsed report header: 2013 Angajament individual(Module) [clsField] : Parsed report header: 2013 Angajament individual
[20:08:39] [FILEPARSER]Parsed report header: Jurnale Separat(Report) [2013 Angajament individual] : Parsed report header: Jurnale Separat
[20:08:39] [FILEPARSER]Parsed report header: FisaContSintetic2(Module) [mdl_JSON] : Parsed report header: FisaContSintetic2
[20:08:39] [FILEPARSER]Parsed report header: FC8067_CLSF(Report) [Fise_Dispozitii] : Parsed report header: FC8067_CLSF
[20:08:39] [FILEPARSER]Parsed report header: EF_ERR(Form) [DefaNoteB] : Parsed report header: EF_ERR
[20:08:39] [FILEPARSER]Parsed report header: NotaContabila1(Form) [Buget_AlegeUnitate] : Parsed report header: NotaContabila1
[20:08:39] [FILEPARSER]Parsed report header: Balanta_2021_5(Form) [frmFX_MAIN_DDF_Salarii_Select] : Parsed report header: Balanta_2021_5
[20:08:39] [FILEPARSER]Parsed report header: FisaBugetara5(Form) [Note_Trezo] : Parsed report header: FisaBugetara5
[20:08:39] [FILEPARSER]Parsed report header: OrdonantareGrupareCLSF1(Module) [mdl_TrustedLocation] : Parsed report header: OrdonantareGrupareCLSF1
[20:08:39] [FILEPARSER]Parsed report header: Propunere_OPuri2017(Module) [clsZipManager] : Parsed report header: Propunere_OPuri2017
[20:08:39] [FILEPARSER]Parsed report header: Balanta 4 Egalitati Sgr3(Report) [FisaContSintetic2] : Parsed report header: Balanta 4 Egalitati Sgr3
[20:08:39] [FILEPARSER]Parsed report header: OrdonantarePlataOPuri2017(Report) [Buget anual fara rectificari] : Parsed report header: OrdonantarePlataOPuri2017
[20:08:39] [FILEPARSER]Parsed report header: rptOP2(Report) [rFNC] : Parsed report header: rptOP2
[20:08:39] [FILEPARSER]Parsed report header: FacturaC(Form) [DefaNoteB] : Parsed report header: FacturaC
[20:08:39] [FILEPARSER]Parsed report header: Jurnale_Centralizator(Report) [2013 Angajament individual] : Parsed report header: Jurnale_Centralizator
[20:08:39] [FILEPARSER]Parsed report header: 2013 Angajament Legal(Module) [clsField] : Parsed report header: 2013 Angajament Legal
[20:08:39] [FILEPARSER]Parsed report header: Buget Anual TOTAL fara rectificari(Form) [FisaCont_sub_bal] : Parsed report header: Buget Anual TOTAL fara rectificari
[20:08:39] [FILEPARSER]Parsed report header: FisaContSintetic3(Module) [mdl_JSON] : Parsed report header: FisaContSintetic3
[20:08:39] [FILEPARSER]Parsed report header: AngajamentFG_2019(Module) [mdl_FileVersion] : Parsed report header: AngajamentFG_2019
[20:08:39] [FILEPARSER]Parsed report header: AngajamentMNC(Form) [LA_STAT] : Parsed report header: AngajamentMNC
[20:08:39] [FILEPARSER]Parsed report header: FC8067(Report) [Fise_Dispozitii] : Parsed report header: FC8067
[20:08:39] [FILEPARSER]Parsed report header: Balanta 4 egalitati sintetic(Report) [FisaContSintetic2] : Parsed report header: Balanta 4 egalitati sintetic
[20:08:39] [FILEPARSER]Parsed report header: Registru Casa(Module) [clsZipManager] : Parsed report header: Registru Casa
[20:08:39] [FILEPARSER]Parsed report header: NotaContabila2016_1Rand(Form) [Buget_AlegeUnitate] : Parsed report header: NotaContabila2016_1Rand
[20:08:40] [FILEPARSER]Parsed report header: Balanta_2021(Form) [frmFX_MAIN_DDF_Salarii_Select] : Parsed report header: Balanta_2021
[20:08:40] [FILEPARSER]Parsed report header: Propunere 1PP(Report) [Buget anual fara rectificari] : Parsed report header: Propunere 1PP
[20:08:40] [FILEPARSER]Parsed report header: FacturaV(Form) [DefaNoteB] : Parsed report header: FacturaV
[20:08:40] [FILEPARSER]Parsed report header: FisaBugetaraAnalitica(Form) [Note_Trezo] : Parsed report header: FisaBugetaraAnalitica
[20:08:40] [FILEPARSER]Parsed report header: OrdonantareGrupareCLSF(Module) [mdl_TrustedLocation] : Parsed report header: OrdonantareGrupareCLSF
[20:08:40] [FILEPARSER]Parsed report header: Jurnale(Report) [2013 Angajament individual] : Parsed report header: Jurnale
[20:08:40] [FILEPARSER]Parsed report header: 2016 Angajament individual(Module) [clsField] : Parsed report header: 2016 Angajament individual
[20:08:40] [FILEPARSER]Parsed report header: rptOP2_prost(Report) [rFNC] : Parsed report header: rptOP2_prost
[20:08:40] [FILEPARSER]Parsed report header: FacturaV_sub(Form) [DefaNoteB] : Parsed report header: FacturaV_sub
[20:08:40] [FILEPARSER]Parsed report header: Balanta_2021_T8(Form) [frmFX_MAIN_DDF_Salarii_Select] : Parsed report header: Balanta_2021_T8
[20:08:40] [FILEPARSER]Parsed report header: FisaContAnaliticC(Form) [Balanta2021] : Parsed report header: FisaContAnaliticC
[20:08:40] [FILEPARSER]Parsed report header: FisaContSinteticC(Module) [mdl_JSON] : Parsed report header: FisaContSinteticC
[20:08:40] [FILEPARSER]Parsed report header: 2020 Angajament individual(Module) [clsField] : Parsed report header: 2020 Angajament individual
[20:08:40] [FILEPARSER]Parsed report header: Jurnale_Registru(Report) [2013 Angajament individual] : Parsed report header: Jurnale_Registru
[20:08:40] [FILEPARSER]Parsed report header: Registru CFPP(Module) [clsZipManager] : Parsed report header: Registru CFPP
[20:08:40] [FILEPARSER]Parsed report header: AngajamentP(Form) [LA_STAT] : Parsed report header: AngajamentP
[20:08:40] [FILEPARSER]Parsed report header: AngajamentFG_Burse(Report) [FisaContSintetic2] : Parsed report header: AngajamentFG_Burse
[20:08:40] [FILEPARSER]Parsed report header: FC8067_PART(Form) [Note_Trezo] : Parsed report header: FC8067_PART
[20:08:40] [FILEPARSER]Parsed report header: Balanta 5 egalitati sintetic(Report) [Fise_Dispozitii] : Parsed report header: Balanta 5 egalitati sintetic
[20:08:40] [FILEPARSER]Parsed report header: Balanta_2021_TG(Form) [frmFX_MAIN_DDF_Salarii_Select] : Parsed report header: Balanta_2021_TG
[20:08:40] [FILEPARSER]Parsed report header: Buget2018(Form) [FisaCont_sub_bal] : Parsed report header: Buget2018
[20:08:40] [FILEPARSER]Parsed report header: Factura(Form) [DefaNoteB] : Parsed report header: Factura
[20:08:40] [FILEPARSER]Parsed report header: NotaContabila2016_2Randuri(Form) [Buget_AlegeUnitate] : Parsed report header: NotaContabila2016_2Randuri
[20:08:40] [FILEPARSER]Parsed report header: FisaContAnalitic_Bilant(Form) [Balanta2021] : Parsed report header: FisaContAnalitic_Bilant
[20:08:40] [FILEPARSER]Parsed report header: Propunere 2016(Report) [Buget anual fara rectificari] : Parsed report header: Propunere 2016
[20:08:40] [FILEPARSER]Parsed report header: OrdonantarePlata1280(Module) [mdl_TrustedLocation] : Parsed report header: OrdonantarePlata1280
[20:08:40] [FILEPARSER]Parsed report header: rptOP3(Report) [rFNC] : Parsed report header: rptOP3
[20:08:40] [FILEPARSER]Parsed report header: Factura_sub(Form) [DefaNoteB] : Parsed report header: Factura_sub
[20:08:40] [FILEPARSER]Parsed report header: Balanta_2021_T(Form) [frmFX_MAIN_DDF_Salarii_Select] : Parsed report header: Balanta_2021_T
[20:08:40] [FILEPARSER]Parsed report header: CentrOrd(Form) [FisaCont_sub_bal] : Parsed report header: CentrOrd
[20:08:40] [FILEPARSER]Parsed report header: 2021 Angajament individual(Module) [clsField] : Parsed report header: 2021 Angajament individual
[20:08:40] [FILEPARSER]Parsed report header: AngajamentFG(Report) [FisaContSintetic2] : Parsed report header: AngajamentFG
[20:08:40] [FILEPARSER]Parsed report header: Angajament_individual_Burse(Form) [LA_STAT] : Parsed report header: Angajament_individual_Burse
[20:08:40] [FILEPARSER]Parsed report header: FisaContSintetic(Module) [mdl_JSON] : Parsed report header: FisaContSintetic
[20:08:40] [FILEPARSER]Parsed report header: FisaContAnalitic(Form) [Balanta2021] : Parsed report header: FisaContAnalitic
[20:08:40] [FILEPARSER]Parsed report header: MF2019_6R(Report) [2013 Angajament individual] : Parsed report header: MF2019_6R
[20:08:40] [FILEPARSER]Parsed report header: PropunereC(Report) [Buget anual fara rectificari] : Parsed report header: PropunereC
[20:08:40] [FILEPARSER]Parsed report header: RegistruInventar(Module) [clsZipManager] : Parsed report header: RegistruInventar
[20:08:40] [FILEPARSER]Parsed report header: NotaContabila2016_3Randuri(Form) [Buget_AlegeUnitate] : Parsed report header: NotaContabila2016_3Randuri
[20:08:40] [FILEPARSER]Parsed report header: Buget anual cu rectificari(Module) [mdl_FileVersion] : Parsed report header: Buget anual cu rectificari
[20:08:40] [FILEPARSER]Parsed report header: FisaBugetara4 TOTAL(Form) [DefaNoteB] : Parsed report header: FisaBugetara4 TOTAL
[20:08:40] [FILEPARSER]Parsed report header: FisaBugetara1(Form) [Note_Trezo] : Parsed report header: FisaBugetara1
[20:08:40] [FILEPARSER]Parsed report header: CentrProp(Form) [FisaCont_sub_bal] : Parsed report header: CentrProp
[20:08:40] [FILEPARSER]Parsed report header: OrdonantarePlataBurse(Module) [mdl_TrustedLocation] : Parsed report header: OrdonantarePlataBurse
[20:08:40] [FILEPARSER]Parsed report header: rptOP4(Report) [rFNC] : Parsed report header: rptOP4
[20:08:40] [FILEPARSER]Parsed report header: Balanta 5 Egalitati(Report) [Fise_Dispozitii] : Parsed report header: Balanta 5 Egalitati
[20:08:40] [FILEPARSER]Parsed report header: AngajamentLegal_Burse_Grp(Report) [FisaContSintetic2] : Parsed report header: AngajamentLegal_Burse_Grp
[20:08:40] [FILEPARSER]Parsed report header: RegistruOrd(Module) [clsZipManager] : Parsed report header: RegistruOrd
[20:08:40] [FILEPARSER]Parsed report header: FisaContPartenerC(Form) [DefaNoteB] : Parsed report header: FisaContPartenerC
[20:08:40] [FILEPARSER]Parsed report header: OrdonantarePlataC(Module) [mdl_TrustedLocation] : Parsed report header: OrdonantarePlataC
[20:08:40] [FILEPARSER]Parsed report header: DispozitiiBugetare(Module) [mdl_FileVersion] : Parsed report header: DispozitiiBugetare
[20:08:40] [FILEPARSER]Parsed report header: FisaContPartener2015(Form) [Balanta2021] : Parsed report header: FisaContPartener2015
[20:08:40] [FILEPARSER]Parsed report header: NotaContabila2(Form) [Buget_AlegeUnitate] : Parsed report header: NotaContabila2
[20:08:40] [FILEPARSER]Parsed report header: 2025 Angajament individual(Module) [clsField] : Parsed report header: 2025 Angajament individual
[20:08:40] [FILEPARSER]Parsed report header: MonitorizareTOTAL(Report) [2013 Angajament individual] : Parsed report header: MonitorizareTOTAL
[20:08:40] [FILEPARSER]Parsed report header: FisaCT8030(Module) [mdl_JSON] : Parsed report header: FisaCT8030
[20:08:40] [FILEPARSER]Parsed report header: Disp202_R(Form) [FisaCont_sub_bal] : Parsed report header: Disp202_R
[20:08:40] [FILEPARSER]Parsed report header: AngajamentLegal_Burse(Report) [FisaContSintetic2] : Parsed report header: AngajamentLegal_Burse
[20:08:40] [FILEPARSER]Parsed report header: Balanta 4 Egalitati 8xxx(Form) [LA_STAT] : Parsed report header: Balanta 4 Egalitati 8xxx
[20:08:40] [FILEPARSER]Parsed report header: FisaBugetara2(Form) [Note_Trezo] : Parsed report header: FisaBugetara2
[20:08:40] [FILEPARSER]Parsed report header: PropunereFG(Report) [Buget anual fara rectificari] : Parsed report header: PropunereFG
[20:08:40] [FILEPARSER]Parsed report header: Balanta2020_0(Report) [Fise_Dispozitii] : Parsed report header: Balanta2020_0
[20:08:40] [FILEPARSER]Parsed report header: rptOP5(Report) [rFNC] : Parsed report header: rptOP5
[20:08:40] [FILEPARSER]Parsed report header: NotaContabilaC(Form) [Buget_AlegeUnitate] : Parsed report header: NotaContabilaC
[20:08:40] [FILEPARSER]Parsed report header: Balanta2020_1(Report) [Fise_Dispozitii] : Parsed report header: Balanta2020_1
[20:08:40] [FILEPARSER]Parsed report header: NotaContabilaNC(Form) [Balanta2021] : Parsed report header: NotaContabilaNC
[20:08:40] [FILEPARSER]Parsed report header: AngajamentLegal_OP9(Report) [FisaContSintetic2] : Parsed report header: AngajamentLegal_OP9
[20:08:40] [FILEPARSER]Parsed report header: Anexa 7 Total(Module) [clsField] : Parsed report header: Anexa 7 Total
[20:08:40] [FILEPARSER]Parsed report header: Fise_Dispozitii_2019(Form) [FisaCont_sub_bal] : Parsed report header: Fise_Dispozitii_2019
[20:08:40] [FILEPARSER]Parsed report header: rptCheckList(Form) [Buget_AlegeUnitate] : Parsed report header: rptCheckList
[20:08:40] [FILEPARSER]Parsed report header: Monitorizare(Report) [2013 Angajament individual] : Parsed report header: Monitorizare
[20:08:40] [FILEPARSER]Parsed report header: Fisa_CT8062(Module) [mdl_JSON] : Parsed report header: Fisa_CT8062
[20:08:40] [FILEPARSER]Parsed report header: PropunereP(Module) [mdl_FileVersion] : Parsed report header: PropunereP
[20:08:40] [FILEPARSER]Parsed report header: FisaBugetara3(Form) [Note_Trezo] : Parsed report header: FisaBugetara3
[20:08:40] [FILEPARSER]Parsed report header: rFNC(Module) [clsZipManager] : Parsed report header: rFNC
[20:08:40] [FILEPARSER]Parsed report header: OrdonantarePlataD(Module) [mdl_TrustedLocation] : Parsed report header: OrdonantarePlataD
[20:08:40] [FILEPARSER]Parsed report header: PropunereFG_OP9(Report) [Buget anual fara rectificari] : Parsed report header: PropunereFG_OP9
[20:08:40] [FILEPARSER]Parsed report header: OrdonantarePlataM(Form) [DefaNoteB] : Parsed report header: OrdonantarePlataM
[20:08:40] [FILEPARSER]Parsed report header: Balanta 4 Egalitati FP XXX(Form) [LA_STAT] : Parsed report header: Balanta 4 Egalitati FP XXX
[20:08:40] [FILEPARSER]Parsed report header: rptOP(Form) [frmFX_MAIN_DDF_Salarii_Select] : Parsed report header: rptOP
[20:08:40] [FILEPARSER]Parsed report header: Balanta2020(Form) [DefaNoteB] : Parsed report header: Balanta2020
[20:08:40] [FILEPARSER]Parsed report header: Balanta 4 Egalitati FP(Form) [frmFX_MAIN_DDF_Salarii_Select] : Parsed report header: Balanta 4 Egalitati FP
[20:08:40] [FILEPARSER] parsed sucessfully.(Module) [clsField] :  parsed sucessfully.
[20:08:41] [CODEPARSER]Methods: 1; Declares: ; Variables: 0; Constants: 0; (Report) [Fise_Dispozitii].[Report_Activate] : Methods: 1; Declares: ; Variables: 0; Constants: 0; 
[20:08:41] [CODEPARSER]Methods: 5; Declares: ; Variables: 0; Constants: 0; (Form) [DocFundSalarii_Salarii_Select].[TotalStat_GotFocus] : Methods: 5; Declares: ; Variables: 0; Constants: 0; 
[20:08:41] [CODEPARSER]Methods: 4; Declares: ; Variables: 1; Constants: 0; (Form) [Form1].[Form_Load] : Methods: 4; Declares: ; Variables: 1; Constants: 0; 
[20:08:41] [CODEPARSER]Methods: 1; Declares: ; Variables: 0; Constants: 0; (Form) [frmFX_MAIN_Sumar].[btnS_Click] : Methods: 1; Declares: ; Variables: 0; Constants: 0; 
[20:08:41] [CODEPARSER]Methods: 2; Declares: ; Variables: 0; Constants: 0; (Form) [FisaCont_sub_bal].[Btn_DblClick] : Methods: 2; Declares: ; Variables: 0; Constants: 0; 
[20:08:41] [CODEPARSER]Methods: 2; Declares: ; Variables: 0; Constants: 0; (Report) [Jurnale_Registru].[Report_Open] : Methods: 2; Declares: ; Variables: 0; Constants: 0; 
[20:08:41] [CODEPARSER]Methods: 2; Declares: ; Variables: 0; Constants: 0; (Report) [AngajamentFG_Burse].[Report_Open] : Methods: 2; Declares: ; Variables: 0; Constants: 0; 
[20:08:41] [CODEPARSER]Methods: 2; Declares: ; Variables: 0; Constants: 0; (Report) [NotaContabilaNC].[Report_Open] : Methods: 2; Declares: ; Variables: 0; Constants: 0; 
[20:08:41] [CODEPARSER]Methods: 4; Declares: ; Variables: 0; Constants: 0; (Report) [RegistruInventar].[Report_Open] : Methods: 4; Declares: ; Variables: 0; Constants: 0; 
[20:08:41] [CODEPARSER]Methods: 6; Declares: ; Variables: 0; Constants: 0; (Form) [frmDatePicker].[Form_Timer] : Methods: 6; Declares: ; Variables: 0; Constants: 0; 
[20:08:41] [CODEPARSER]Methods: 2; Declares: ; Variables: 0; Constants: 0; (Report) [2020 Angajament individual].[Report_Open] : Methods: 2; Declares: ; Variables: 0; Constants: 0; 
[20:08:41] [CODEPARSER]Methods: 2; Declares: ; Variables: 0; Constants: 0; (Form) [frmFX_ORD_PRTSCR].[LaunchViewer] : Methods: 2; Declares: ; Variables: 0; Constants: 0; 
[20:08:41] [CODEPARSER]Methods: 7; Declares: ; Variables: 0; Constants: 0; (Form) [DefaSalariiPN].[xPartD_Enter] : Methods: 7; Declares: ; Variables: 0; Constants: 0; 
[20:08:41] [CODEPARSER]Methods: 6; Declares: ; Variables: 0; Constants: 0; (Form) [Cont8067].[Opt_Click] : Methods: 6; Declares: ; Variables: 0; Constants: 0; 
[20:08:41] [CODEPARSER]Methods: 10; Declares: ; Variables: 0; Constants: 0; (Form) [Salarii2026_VA].[Valoare_KeyDown] : Methods: 10; Declares: ; Variables: 0; Constants: 0; 
[20:08:41] [CODEPARSER]Methods: 31; Declares: ; Variables: 21; Constants: 1; (Form) [Meniu].[VerificaStructuraTabele] : Methods: 31; Declares: ; Variables: 21; Constants: 1; 
[20:08:41] [CODEPARSER]Methods: ; Declares: ; Variables: 0; Constants: 0; (Form) [frmDatePicker_Luna] : Methods: ; Declares: ; Variables: 0; Constants: 0; 
[20:08:41] [CODEPARSER]Methods: 2; Declares: ; Variables: 0; Constants: 0; (Form) [frmFX_MAIN_Plati].[btnS_Click] : Methods: 2; Declares: ; Variables: 0; Constants: 0; 
[20:08:41] [CODEPARSER]Methods: 2; Declares: ; Variables: 0; Constants: 0; (Report) [FC8067].[Report_Open] : Methods: 2; Declares: ; Variables: 0; Constants: 0; 
[20:08:41] [CODEPARSER]Methods: 1; Declares: ; Variables: 0; Constants: 0; (Form) [frmFX_MAIN_PLATI_LISTA].[btnS_Click] : Methods: 1; Declares: ; Variables: 0; Constants: 0; 
[20:08:41] [CODEPARSER]Methods: 2; Declares: ; Variables: 0; Constants: 0; (Form) [MF_PDF_EF].[Form_Load] : Methods: 2; Declares: ; Variables: 0; Constants: 0; 
[20:08:41] [CODEPARSER]Methods: 2; Declares: ; Variables: 0; Constants: 0; (Report) [2025 Angajament individual].[Report_Open] : Methods: 2; Declares: ; Variables: 0; Constants: 0; 
[20:08:41] [CODEPARSER]Methods: 2; Declares: ; Variables: 1; Constants: 0; (Form) [Wait].[Form_Timer] : Methods: 2; Declares: ; Variables: 1; Constants: 0; 
[20:08:41] [CODEPARSER]Methods: 2; Declares: ; Variables: 2; Constants: 0; (Form) [frmCollectionViewer].[Form_Open] : Methods: 2; Declares: ; Variables: 2; Constants: 0; 
[20:08:41] [CODEPARSER]Methods: 4; Declares: ; Variables: 0; Constants: 0; (Form) [AdaugaTabelInTBLS_Field].[Form_BeforeUpdate] : Methods: 4; Declares: ; Variables: 0; Constants: 0; 
[20:08:41] [CODEPARSER]Methods: 6; Declares: ; Variables: 2; Constants: 0; (Report) [Balanta_2021_TG].[SetText] : Methods: 6; Declares: ; Variables: 2; Constants: 0; 
[20:08:41] [CODEPARSER]Methods: 3; Declares: ; Variables: 0; Constants: 2; (Report) [rptOP3].[Report_Load] : Methods: 3; Declares: ; Variables: 0; Constants: 2; 
[20:08:41] [CODEPARSER]Methods: 2; Declares: ; Variables: 0; Constants: 0; (Report) [FisaBugetara4 TOTAL].[Report_Open] : Methods: 2; Declares: ; Variables: 0; Constants: 0; 
[20:08:41] [CODEPARSER]Methods: 7; Declares: ; Variables: 0; Constants: 0; (Form) [Note_FactAsoc].[ActualizeazaValori] : Methods: 7; Declares: ; Variables: 0; Constants: 0; 
[20:08:41] [CODEPARSER]Methods: 6; Declares: ; Variables: 0; Constants: 0; (Form) [Disp2020_S].[Text4_Enter] : Methods: 6; Declares: ; Variables: 0; Constants: 0; 
[20:08:41] [CODEPARSER]Methods: 8; Declares: ; Variables: 0; Constants: 0; (Form) [tmp_CSAV_Sal_nou].[Sav_Doc_Click] : Methods: 8; Declares: ; Variables: 0; Constants: 0; 
[20:08:41] [CODEPARSER]Methods: 6; Declares: ; Variables: 1; Constants: 0; (Form) [AddUnit2022S].[S_BeforeUpdate] : Methods: 6; Declares: ; Variables: 1; Constants: 0; 
[20:08:41] [CODEPARSER]Methods: 11; Declares: ; Variables: 0; Constants: 0; (Form) [AddUnit2022].[CreeazaUnitateNoua] : Methods: 11; Declares: ; Variables: 0; Constants: 0; 
[20:08:41] [CODEPARSER]Methods: 2; Declares: ; Variables: 0; Constants: 0; (Report) [Factura].[Report_Unload] : Methods: 2; Declares: ; Variables: 0; Constants: 0; 
[20:08:41] [CODEPARSER]Methods: 2; Declares: ; Variables: 0; Constants: 0; (Form) [TV01].[Text30_Enter] : Methods: 2; Declares: ; Variables: 0; Constants: 0; 
[20:08:41] [CODEPARSER]Methods: 5; Declares: ; Variables: 0; Constants: 0; (Form) [frmFX_MAIN_DDF_Salarii_Select].[TotalStat_GotFocus] : Methods: 5; Declares: ; Variables: 0; Constants: 0; 
[20:08:41] [CODEPARSER]Methods: 1; Declares: ; Variables: 0; Constants: 0; (Report) [FisaBugetara3].[Report_Open] : Methods: 1; Declares: ; Variables: 0; Constants: 0; 
[20:08:41] [CODEPARSER]Methods: 3; Declares: ; Variables: 0; Constants: 0; (Form) [frmFX_INFORMATII].[UpdateInfo] : Methods: 3; Declares: ; Variables: 0; Constants: 0; 
[20:08:41] [CODEPARSER]Methods: 6; Declares: ; Variables: 2; Constants: 0; (Report) [PropunereFG].[Report_Open] : Methods: 6; Declares: ; Variables: 2; Constants: 0; 
[20:08:41] [CODEPARSER]Methods: 3; Declares: ; Variables: 1; Constants: 0; (Report) [FisaBugetara1].[Report_Open] : Methods: 3; Declares: ; Variables: 1; Constants: 0; 
[20:08:41] [CODEPARSER]Methods: 9; Declares: ; Variables: 0; Constants: 0; (Form) [EFACTURA_ADD_SUB].[Um_BeforeUpdate] : Methods: 9; Declares: ; Variables: 0; Constants: 0; 
[20:08:41] [CODEPARSER]Methods: 3; Declares: ; Variables: 0; Constants: 0; (Report) [OrdonantarePlata1280].[Report_Open] : Methods: 3; Declares: ; Variables: 0; Constants: 0; 
[20:08:41] [CODEPARSER]Methods: 5; Declares: ; Variables: 0; Constants: 0; (Form) [LA_STAT].[OK_Click] : Methods: 5; Declares: ; Variables: 0; Constants: 0; 
[20:08:41] [CODEPARSER]Methods: 8; Declares: ; Variables: 3; Constants: 0; (Form) [_frm_dialog_Available_Connections].[Form_Resize] : Methods: 8; Declares: ; Variables: 3; Constants: 0; 
[20:08:41] [CODEPARSER]Methods: 12; Declares: ; Variables: 4; Constants: 0; (Form) [SQL_8XXX].[Paste_Click] : Methods: 12; Declares: ; Variables: 4; Constants: 0; 
[20:08:41] [CODEPARSER]Methods: 11; Declares: ; Variables: 10; Constants: 0; (Form) [frmFX_MAIN_REC].[RefreshPlataLista] : Methods: 11; Declares: ; Variables: 10; Constants: 0; 
[20:08:41] [CODEPARSER]Methods: 16; Declares: ; Variables: 0; Constants: 0; (Form) [Disp2020].[SavMat_Click] : Methods: 16; Declares: ; Variables: 0; Constants: 0; 
[20:08:41] [CODEPARSER]Methods: 5; Declares: ; Variables: 1; Constants: 0; (Form) [ClasificatiiBugetare_Buget].[Form_Current] : Methods: 5; Declares: ; Variables: 1; Constants: 0; 
[20:08:41] [CODEPARSER]Methods: 13; Declares: ; Variables: 5; Constants: 0; (Form) [ModificareNC1280].[ResizeMNC] : Methods: 13; Declares: ; Variables: 5; Constants: 0; 
[20:08:41] [CODEPARSER]Methods: ; Declares: ; Variables: 0; Constants: 0; (Report) [rFNC] : Methods: ; Declares: ; Variables: 0; Constants: 0; 
[20:08:41] [CODEPARSER]Methods: 2; Declares: ; Variables: 0; Constants: 0; (Report) [PropunereFG_OP9].[Report_Open] : Methods: 2; Declares: ; Variables: 0; Constants: 0; 
[20:08:41] [CODEPARSER]Methods: 2; Declares: ; Variables: 0; Constants: 0; (Report) [Angajament_individual_Burse].[Report_Open] : Methods: 2; Declares: ; Variables: 0; Constants: 0; 
[20:08:41] [CODEPARSER]Methods: 2; Declares: ; Variables: 0; Constants: 0; (Report) [Buget anual cu rectificari].[Report_Open] : Methods: 2; Declares: ; Variables: 0; Constants: 0; 
[20:08:41] [CODEPARSER]Methods: 2; Declares: ; Variables: 0; Constants: 0; (Form) [CT_EXTRA].[IESIRE_Click] : Methods: 2; Declares: ; Variables: 0; Constants: 0; 
[20:08:41] [CODEPARSER]Methods: 2; Declares: ; Variables: 0; Constants: 0; (Form) [ClasificatiiBugetare_Credite].[Btn_DblClick] : Methods: 2; Declares: ; Variables: 0; Constants: 0; 
[20:08:41] [CODEPARSER]Methods: 3; Declares: ; Variables: 0; Constants: 0; (Form) [BURSECONFIG].[IESIRE_Click] : Methods: 3; Declares: ; Variables: 0; Constants: 0; 
[20:08:41] [CODEPARSER]Methods: 4; Declares: ; Variables: 0; Constants: 0; (Report) [OrdonantarePlataOPuri2017].[Report_Open] : Methods: 4; Declares: ; Variables: 0; Constants: 0; 
[20:08:41] [CODEPARSER]Methods: 4; Declares: ; Variables: 1; Constants: 0; (Form) [EFACTURA_MSG].[MSGT_Click] : Methods: 4; Declares: ; Variables: 1; Constants: 0; 
[20:08:41] [CODEPARSER]Methods: 8; Declares: ; Variables: 0; Constants: 0; (Form) [tmpFactOP].[ActualizeazaValori] : Methods: 8; Declares: ; Variables: 0; Constants: 0; 
[20:08:41] [CODEPARSER]Methods: 14; Declares: ; Variables: 2; Constants: 0; (Form) [LNC].[dsf_GotFocus] : Methods: 14; Declares: ; Variables: 2; Constants: 0; 
[20:08:41] [CODEPARSER]Methods: 7; Declares: ; Variables: 4; Constants: 0; (Form) [EFACTURA_AA].[mcTree_TreeLoaded] : Methods: 7; Declares: ; Variables: 4; Constants: 0; 
[20:08:41] [CODEPARSER]Methods: 9; Declares: ; Variables: 1; Constants: 0; (Form) [tmp_CSAV_Sal].[DP_ZiuaClick] : Methods: 9; Declares: ; Variables: 1; Constants: 0; 
[20:08:41] [CODEPARSER]Methods: 10; Declares: ; Variables: 2; Constants: 0; (Form) [MODNRNC].[mcTree_TreeLoaded] : Methods: 10; Declares: ; Variables: 2; Constants: 0; 
[20:08:41] [CODEPARSER]Methods: 12; Declares: ; Variables: 0; Constants: 0; (Form) [Loading].[ZileBackup] : Methods: 12; Declares: ; Variables: 0; Constants: 0; 
[20:08:41] [CODEPARSER]Methods: 9; Declares: ; Variables: 0; Constants: 0; (Form) [Buget_Individual].[TIP_Click] : Methods: 9; Declares: ; Variables: 0; Constants: 0; 
[20:08:41] [CODEPARSER]Methods: 1; Declares: ; Variables: 0; Constants: 0; (Form) [F1133].[ExportXML_Click] : Methods: 1; Declares: ; Variables: 0; Constants: 0; 
[20:08:41] [CODEPARSER]Methods: 1; Declares: ; Variables: 0; Constants: 0; (Form) [frmFX_MAIN_REZ_LISTA].[btnS_Click] : Methods: 1; Declares: ; Variables: 0; Constants: 0; 
[20:08:41] [CODEPARSER]Methods: 2; Declares: ; Variables: 0; Constants: 0; (Report) [Buget anual fara rectificari].[Report_Open] : Methods: 2; Declares: ; Variables: 0; Constants: 0; 
[20:08:41] [CODEPARSER]Methods: 2; Declares: ; Variables: 0; Constants: 0; (Report) [DispozitiiBugetare_numar].[Report_Close] : Methods: 2; Declares: ; Variables: 0; Constants: 0; 
[20:08:41] [CODEPARSER]Methods: 1; Declares: ; Variables: 0; Constants: 0; (Report) [FisaContSintetic3].[Detail_Print] : Methods: 1; Declares: ; Variables: 0; Constants: 0; 
[20:08:41] [CODEPARSER]Methods: 2; Declares: ; Variables: 0; Constants: 0; (Form) [subClasificatii].[S_Click] : Methods: 2; Declares: ; Variables: 0; Constants: 0; 
[20:08:41] [CODEPARSER]Methods: 3; Declares: ; Variables: 0; Constants: 0; (Report) [OrdonantareGrupareCLSF].[Report_Open] : Methods: 3; Declares: ; Variables: 0; Constants: 0; 
[20:08:41] [CODEPARSER]Methods: 2; Declares: ; Variables: 0; Constants: 0; (Report) [AngajamentFG_2019].[Report_Open] : Methods: 2; Declares: ; Variables: 0; Constants: 0; 
[20:08:41] [CODEPARSER]Methods: 3; Declares: ; Variables: 0; Constants: 0; (Report) [NotaContabilaC].[Report_Open] : Methods: 3; Declares: ; Variables: 0; Constants: 0; 
[20:08:41] [CODEPARSER]Methods: 4; Declares: ; Variables: 0; Constants: 0; (Report) [FisaContAnalitic].[Report_Open] : Methods: 4; Declares: ; Variables: 0; Constants: 0; 
[20:08:41] [CODEPARSER]Methods: 3; Declares: ; Variables: 0; Constants: 0; (Form) [DefaClsfE subform].[ClsfE_BeforeUpdate] : Methods: 3; Declares: ; Variables: 0; Constants: 0; 
[20:08:41] [CODEPARSER]Methods: 5; Declares: ; Variables: 0; Constants: 0; (Form) [tblMsBox_Module].[Form_Load] : Methods: 5; Declares: ; Variables: 0; Constants: 0; 
[20:08:41] [CODEPARSER]Methods: 4; Declares: ; Variables: 0; Constants: 0; (Form) [ppOKOnly].[HWhiteSpace] : Methods: 4; Declares: ; Variables: 0; Constants: 0; 
[20:08:41] [CODEPARSER]Methods: 16; Declares: ; Variables: 7; Constants: 0; (Form) [LFC].[dsf_LostFocus] : Methods: 16; Declares: ; Variables: 7; Constants: 0; 
[20:08:41] [CODEPARSER]Methods: 5; Declares: ; Variables: 2; Constants: 0; (Form) [frmFX_MAIN_ASOC_IND].[mcTree_TreeLoaded] : Methods: 5; Declares: ; Variables: 2; Constants: 0; 
[20:08:41] [CODEPARSER]Methods: 13; Declares: ; Variables: 0; Constants: 0; (Form) [Inchidere2014].[ActualizeazaConturi] : Methods: 13; Declares: ; Variables: 0; Constants: 0; 
[20:08:41] [CODEPARSER]Methods: 1; Declares: ; Variables: 0; Constants: 0; (Report) [AngajamentLegal_Burse].[Report_Open] : Methods: 1; Declares: ; Variables: 0; Constants: 0; 
[20:08:41] [CODEPARSER]Methods: 1; Declares: ; Variables: 0; Constants: 0; (Form) [LEGUNIT_2025].[BTN_Click] : Methods: 1; Declares: ; Variables: 0; Constants: 0; 
[20:08:41] [CODEPARSER]Methods: 1; Declares: ; Variables: 0; Constants: 0; (Form) [MF2019_3].[Command4_Click] : Methods: 1; Declares: ; Variables: 0; Constants: 0; 
[20:08:41] [CODEPARSER]Methods: 2; Declares: ; Variables: 0; Constants: 0; (Report) [AngajamentLegal_OP9].[Report_Open] : Methods: 2; Declares: ; Variables: 0; Constants: 0; 
[20:08:41] [CODEPARSER]Methods: 3; Declares: ; Variables: 0; Constants: 0; (Report) [2013 Angajament Legal].[Report_Open] : Methods: 3; Declares: ; Variables: 0; Constants: 0; 
[20:08:57] [CODEPARSER]Methods: 1; Declares: ; Variables: 0; Constants: 0; (Form) [frmRibbon2025].[List2_AfterUpdate] : Methods: 1; Declares: ; Variables: 0; Constants: 0; 
[20:08:57] [CODEPARSER]Methods: 3; Declares: ; Variables: 0; Constants: 0; (Form) [frmFX_DDF_STATE].[IESIRE_Click] : Methods: 3; Declares: ; Variables: 0; Constants: 0; 
[20:08:57] [CODEPARSER]Methods: 7; Declares: ; Variables: 3; Constants: 0; (Report) [NotaContabila2016_1Rand].[ReportFooter_Format] : Methods: 7; Declares: ; Variables: 3; Constants: 0; 
[20:08:57] [CODEPARSER]Methods: 12; Declares: ; Variables: 0; Constants: 0; (Form) [ParteneriAng].[ContBanca_LostFocus] : Methods: 12; Declares: ; Variables: 0; Constants: 0; 
[20:08:57] [CODEPARSER]Methods: 4; Declares: ; Variables: 2; Constants: 0; (Form) [Form2].[fxw_TaskSuccess] : Methods: 4; Declares: ; Variables: 2; Constants: 0; 
[20:08:57] [CODEPARSER]Methods: 9; Declares: ; Variables: 1; Constants: 0; (Form) [OPuri2017_FactE].[Platit_BeforeUpdate] : Methods: 9; Declares: ; Variables: 1; Constants: 0; 
[20:08:57] [CODEPARSER]Methods: 9; Declares: ; Variables: 8; Constants: 0; (Form) [frmAlegeClsf].[mcTree_TreeLoaded] : Methods: 9; Declares: ; Variables: 8; Constants: 0; 
[20:08:57] [CODEPARSER]Methods: 15; Declares: ; Variables: 2; Constants: 0; (Report) [Balanta 5 Egalitati].[ReportHeader_Print] : Methods: 15; Declares: ; Variables: 2; Constants: 0; 
[2026-04-15 20:08:57] ❌ ParseSingleCodeBlock(frmFX_ORD_TBL): NullReferenceException - Object reference not set to an instance of an object.
   at ParseSingleCodeBlock (modCodeParser.vb:208)
[20:08:57] [CODEPARSER]Methods: 27; Declares: ; Variables: 6; Constants: 0; (Form) [OPuri].[PreluareFacturiPlata] : Methods: 27; Declares: ; Variables: 6; Constants: 0; 
[20:08:57] [CODEPARSER]Methods: 1; Declares: ; Variables: 0; Constants: 0; (Report) [Buget2018].[Report_Open] : Methods: 1; Declares: ; Variables: 0; Constants: 0; 
[20:08:57] [CODEPARSER]Methods: 2; Declares: ; Variables: 0; Constants: 0; (Report) [AngajamentLegal_OPuri2017_Grp].[Report_Open] : Methods: 2; Declares: ; Variables: 0; Constants: 0; 
[20:08:58] [CODEPARSER]Methods: 4; Declares: ; Variables: 0; Constants: 0; (Report) [NotaContabila1].[Report_Load] : Methods: 4; Declares: ; Variables: 0; Constants: 0; 
[20:08:58] [CODEPARSER]Methods: 2; Declares: ; Variables: 0; Constants: 0; (Form) [frmFX_DDF_PRTSCR].[LaunchViewer] : Methods: 2; Declares: ; Variables: 0; Constants: 0; 
[20:08:58] [CODEPARSER]Methods: 2; Declares: ; Variables: 0; Constants: 0; (Report) [AngajamentMNC].[Report_Open] : Methods: 2; Declares: ; Variables: 0; Constants: 0; 
[20:08:58] [CODEPARSER]Methods: ; Declares: ; Variables: 0; Constants: 0; (Form) [Operatii2020_Preluare] : Methods: ; Declares: ; Variables: 0; Constants: 0; 
[20:08:58] [CODEPARSER]Methods: 4; Declares: ; Variables: 1; Constants: 0; (Form) [Note_EFactura].[Form_Load] : Methods: 4; Declares: ; Variables: 1; Constants: 0; 
[20:08:58] [CODEPARSER]Methods: 9; Declares: ; Variables: 0; Constants: 0; (Form) [MF2019_FactAsoc].[ActualizeazaValori] : Methods: 9; Declares: ; Variables: 0; Constants: 0; 
[20:08:58] [CODEPARSER]Methods: 6; Declares: ; Variables: 7; Constants: 4; (Form) [frmCbx].[Cbx_LostFocus] : Methods: 6; Declares: ; Variables: 7; Constants: 4; 
[20:08:58] [CODEPARSER]Methods: 35; Declares: 1; Variables: 20; Constants: 3; (Form) [Balanta].[FinalizeazaCalculBalanta] : Methods: 35; Declares: 1; Variables: 20; Constants: 3; 
[20:08:58] [CODEPARSER]Methods: 10; Declares: ; Variables: 1; Constants: 0; (Form) [Note_Debit].[SumaDebit_BeforeUpdate] : Methods: 10; Declares: ; Variables: 1; Constants: 0; 
[20:08:58] [CODEPARSER]Methods: 9; Declares: ; Variables: 2; Constants: 0; (Form) [OPuri_PickIBAN].[mcTree_TreeRefreshed] : Methods: 9; Declares: ; Variables: 2; Constants: 0; 
[20:08:58] [CODEPARSER]Methods: 14; Declares: 1; Variables: 1; Constants: 0; (Form) [EF_F].[Suma_AfterUpdate] : Methods: 14; Declares: 1; Variables: 1; Constants: 0; 
[20:08:58] [CODEPARSER]Methods: 16; Declares: ; Variables: 3; Constants: 0; (Form) [MF2019_2].[OP_MouseUp] : Methods: 16; Declares: ; Variables: 3; Constants: 0; 
[20:08:58] [CODEPARSER]Methods: 26; Declares: ; Variables: 9; Constants: 0; (Form) [AdaugCont].[AddTree_Leaf] : Methods: 26; Declares: ; Variables: 9; Constants: 0; 
[20:08:58] [CODEPARSER]Methods: ; Declares: ; Variables: 0; Constants: 0; (Form) [frmFX_MAIN_ASOC_SAL_ANG] : Methods: ; Declares: ; Variables: 0; Constants: 0; 
[20:08:58] [CODEPARSER]Methods: ; Declares: ; Variables: 0; Constants: 0; (Form) [ClasificatiiV] : Methods: ; Declares: ; Variables: 0; Constants: 0; 
[20:08:58] [CODEPARSER]Methods: 1; Declares: ; Variables: 0; Constants: 0; (Report) [Balanta2020_0].[Btn_DblClick] : Methods: 1; Declares: ; Variables: 0; Constants: 0; 
[20:08:58] [CODEPARSER]Methods: 2; Declares: ; Variables: 0; Constants: 0; (Form) [ScurtIstoric].[Form_Load] : Methods: 2; Declares: ; Variables: 0; Constants: 0; 
[20:08:58] [CODEPARSER]Methods: 2; Declares: ; Variables: 0; Constants: 0; (Report) [MF2019_6R].[Report_Load] : Methods: 2; Declares: ; Variables: 0; Constants: 0; 
[20:08:58] [CODEPARSER]Methods: 1; Declares: ; Variables: 0; Constants: 0; (Form) [subMeniu].[Form_Load] : Methods: 1; Declares: ; Variables: 0; Constants: 0; 
[20:08:58] [CODEPARSER]Methods: 4; Declares: ; Variables: 2; Constants: 0; (Report) [PropunereP].[Report_Open] : Methods: 4; Declares: ; Variables: 2; Constants: 0; 
[20:08:58] [CODEPARSER]Methods: 3; Declares: ; Variables: 0; Constants: 0; (Report) [Jurnale Separat].[Report_Open] : Methods: 3; Declares: ; Variables: 0; Constants: 0; 
[20:08:58] [CODEPARSER]Methods: 4; Declares: ; Variables: 0; Constants: 2; (Report) [rptOP1].[Report_Load] : Methods: 4; Declares: ; Variables: 0; Constants: 2; 
[20:08:58] [CODEPARSER]Methods: 10; Declares: ; Variables: 0; Constants: 0; (Form) [UNIT subform].[Sectorul_AfterUpdate] : Methods: 10; Declares: ; Variables: 0; Constants: 0; 
[20:08:58] [CODEPARSER]Methods: 25; Declares: 1; Variables: 7; Constants: 0; (Form) [Salarii2015].[Zec2_Click] : Methods: 25; Declares: 1; Variables: 7; Constants: 0; 
[20:08:58] [CODEPARSER]Methods: 7; Declares: ; Variables: 4; Constants: 0; (Form) [frmFX_REZ_DETALII].[Form_Unload] : Methods: 7; Declares: ; Variables: 4; Constants: 0; 
[20:08:58] [CODEPARSER]Methods: 10; Declares: ; Variables: 4; Constants: 0; (Form) [SQL].[MakeSql] : Methods: 10; Declares: ; Variables: 4; Constants: 0; 
[20:08:58] [CODEPARSER]Methods: 5; Declares: ; Variables: 1; Constants: 0; (Report) [Balanta 4 egalitati sintetic].[ReportHeader_Print] : Methods: 5; Declares: ; Variables: 1; Constants: 0; 
[20:08:58] [CODEPARSER]Methods: 26; Declares: ; Variables: 5; Constants: 0; (Form) [OP9].[tmpDefaNote_Exit] : Methods: 26; Declares: ; Variables: 5; Constants: 0; 
[20:08:58] [CODEPARSER]Methods: 6; Declares: ; Variables: 0; Constants: 0; (Form) [tmpSalariiS2].[Valoare_KeyDown] : Methods: 6; Declares: ; Variables: 0; Constants: 0; 
[20:08:58] [CODEPARSER]Methods: 3; Declares: ; Variables: 0; Constants: 0; (Report) [OrdonantareGrupareCLSF1].[Report_Open] : Methods: 3; Declares: ; Variables: 0; Constants: 0; 
[20:08:58] [CODEPARSER]Methods: 1; Declares: ; Variables: 0; Constants: 0; (Form) [POPUP_MSG].[MName_AfterUpdate] : Methods: 1; Declares: ; Variables: 0; Constants: 0; 
[20:08:58] [CODEPARSER]Methods: 4; Declares: ; Variables: 0; Constants: 0; (Report) [Registru Casa].[Report_Open] : Methods: 4; Declares: ; Variables: 0; Constants: 0; 
[20:08:58] [CODEPARSER]Methods: 2; Declares: ; Variables: 0; Constants: 0; (Report) [FisaContAnaliticC].[Report_Open] : Methods: 2; Declares: ; Variables: 0; Constants: 0; 
[20:08:58] [CODEPARSER]Methods: 5; Declares: ; Variables: 0; Constants: 0; (Form) [Inchidere_ContChelt].[SimbolCtRezP_AfterUpdate] : Methods: 5; Declares: ; Variables: 0; Constants: 0; 
[20:08:58] [CODEPARSER]Methods: 2; Declares: ; Variables: 0; Constants: 0; (Report) [PropunereC].[Report_Open] : Methods: 2; Declares: ; Variables: 0; Constants: 0; 
[20:08:58] [CODEPARSER]Methods: 6; Declares: ; Variables: 0; Constants: 0; (Report) [MonitorizareTOTAL].[Report_Open] : Methods: 6; Declares: ; Variables: 0; Constants: 0; 
[20:08:58] [CODEPARSER]Methods: 5; Declares: ; Variables: 2; Constants: 0; (Report) [Balanta 4 Egalitati Sgr3].[ReportHeader_Print] : Methods: 5; Declares: ; Variables: 2; Constants: 0; 
[20:08:58] [CODEPARSER]Methods: 3; Declares: ; Variables: 0; Constants: 0; (Report) [OrdonantarePlataM].[Report_Open] : Methods: 3; Declares: ; Variables: 0; Constants: 0; 
[20:08:58] [CODEPARSER]Methods: 18; Declares: ; Variables: 0; Constants: 0; (Form) [Operatii2020_S].[xPartDebit_Enter] : Methods: 18; Declares: ; Variables: 0; Constants: 0; 
[20:08:58] [CODEPARSER]Methods: ; Declares: ; Variables: 0; Constants: 0; (Form) [Operatii2020_Preluare_E] : Methods: ; Declares: ; Variables: 0; Constants: 0; 
[20:08:58] [CODEPARSER]Methods: 8; Declares: ; Variables: 0; Constants: 0; (Form) [OPuri_sub].[lblVALOARE_Click] : Methods: 8; Declares: ; Variables: 0; Constants: 0; 
[20:08:58] [CODEPARSER]Methods: 15; Declares: ; Variables: 1; Constants: 0; (Form) [OPuri2017_Fact].[Suma_AfterUpdate] : Methods: 15; Declares: ; Variables: 1; Constants: 0; 
[20:08:58] [CODEPARSER]Methods: 14; Declares: ; Variables: 2; Constants: 0; (Report) [Balanta 4 Egalitati FP XXX].[ReportHeader_Print] : Methods: 14; Declares: ; Variables: 2; Constants: 0; 
[20:08:58] [CODEPARSER]Methods: 18; Declares: ; Variables: 7; Constants: 0; (Form) [Salarii2026].[Actualizeaza_Numarer] : Methods: 18; Declares: ; Variables: 7; Constants: 0; 
[20:08:58] [CODEPARSER]Methods: ; Declares: ; Variables: 0; Constants: 0; (Form) [Expl_Salarii] : Methods: ; Declares: ; Variables: 0; Constants: 0; 
[20:08:58] [CODEPARSER]Methods: 2; Declares: ; Variables: 0; Constants: 0; (Report) [FC8066].[Report_Open] : Methods: 2; Declares: ; Variables: 0; Constants: 0; 
[20:08:58] [CODEPARSER]Methods: 3; Declares: ; Variables: 0; Constants: 0; (Report) [Anexa 7 Total].[Report_Open] : Methods: 3; Declares: ; Variables: 0; Constants: 0; 
[20:08:58] [CODEPARSER]Methods: 2; Declares: ; Variables: 0; Constants: 0; (Form) [tmpPlatiOP].[BTN_Click] : Methods: 2; Declares: ; Variables: 0; Constants: 0; 
[20:08:58] [CODEPARSER]Methods: 39; Declares: ; Variables: 2; Constants: 0; (Form) [Parteneri].[Pop_Parteneri] : Methods: 39; Declares: ; Variables: 2; Constants: 0; 
[20:08:58] [CODEPARSER]Methods: 3; Declares: ; Variables: 0; Constants: 0; (Form) [frmFX_DDF_REV_SECT_B].[Inf2_BeforeUpdate] : Methods: 3; Declares: ; Variables: 0; Constants: 0; 
[20:08:58] [CODEPARSER]Methods: 4; Declares: ; Variables: 0; Constants: 0; (Form) [ParteneriSI].[Form_Load] : Methods: 4; Declares: ; Variables: 0; Constants: 0; 
[20:08:58] [CODEPARSER]Methods: 4; Declares: ; Variables: 0; Constants: 0; (Form) [OPuri_Rapoarte].[View_Click] : Methods: 4; Declares: ; Variables: 0; Constants: 0; 
[20:08:58] [CODEPARSER]Methods: 4; Declares: ; Variables: 0; Constants: 0; (Form) [EFACTURA_VANZATOR].[Form_Load] : Methods: 4; Declares: ; Variables: 0; Constants: 0; 
[20:08:58] [CODEPARSER]Methods: 4; Declares: ; Variables: 0; Constants: 0; (Form) [Note_OPuri].[LstOP_Click] : Methods: 4; Declares: ; Variables: 0; Constants: 0; 
[20:08:58] [CODEPARSER]Methods: 9; Declares: ; Variables: 2; Constants: 0; (Form) [frmRibbon].[Form_Load] : Methods: 9; Declares: ; Variables: 2; Constants: 0; 
[20:08:58] [CODEPARSER]Methods: 11; Declares: ; Variables: 1; Constants: 0; (Form) [BalantaConturi].[AddTree_Leaf] : Methods: 11; Declares: ; Variables: 1; Constants: 0; 
[20:08:58] [CODEPARSER]Methods: 13; Declares: ; Variables: 0; Constants: 0; (Form) [EFACTURA_CLIENTI].[Sector_AfterUpdate] : Methods: 13; Declares: ; Variables: 0; Constants: 0; 
[20:08:58] [CODEPARSER]Methods: 4; Declares: ; Variables: 0; Constants: 0; (Form) [MF2019_Fact].[PreluareFacturiPlata] : Methods: 4; Declares: ; Variables: 0; Constants: 0; 
[20:08:58] [CODEPARSER]Methods: 20; Declares: ; Variables: 10; Constants: 1; (Form) [frmFiltru].[Hide] : Methods: 20; Declares: ; Variables: 10; Constants: 1; 
[20:08:58] [CODEPARSER]Methods: 34; Declares: 2; Variables: 3; Constants: 0; (Form) [Setari implicite].[RfsToken_Click] : Methods: 34; Declares: 2; Variables: 3; Constants: 0; 
[20:08:58] [CODEPARSER]Methods: ; Declares: ; Variables: 0; Constants: 0; (Form) [frmTrace_sub] : Methods: ; Declares: ; Variables: 0; Constants: 0; 
[20:08:58] [CODEPARSER]Methods: 1; Declares: ; Variables: 0; Constants: 0; (Form) [F1133_F].[sect_Change] : Methods: 1; Declares: ; Variables: 0; Constants: 0; 
[20:08:58] [CODEPARSER]Methods: 2; Declares: ; Variables: 0; Constants: 0; (Report) [2016 Angajament individual].[Report_Open] : Methods: 2; Declares: ; Variables: 0; Constants: 0; 
[20:08:58] [CODEPARSER]Methods: 2; Declares: ; Variables: 0; Constants: 0; (Report) [FacturaV].[Report_Unload] : Methods: 2; Declares: ; Variables: 0; Constants: 0; 
[20:08:58] [CODEPARSER]Methods: 2; Declares: ; Variables: 0; Constants: 0; (Form) [Clienti].[Form_Close] : Methods: 2; Declares: ; Variables: 0; Constants: 0; 
[20:08:58] [CODEPARSER]Methods: 3; Declares: ; Variables: 0; Constants: 0; (Form) [frmFX_MAIN_DDF_REV].[Sectiune_Changed] : Methods: 3; Declares: ; Variables: 0; Constants: 0; 
[20:08:58] [CODEPARSER]Methods: 1; Declares: ; Variables: 0; Constants: 0; (Form) [frmFX_MAIN_ASOC_SAL_STAT].[btnS_Click] : Methods: 1; Declares: ; Variables: 0; Constants: 0; 
[20:08:58] [CODEPARSER]Methods: 4; Declares: ; Variables: 0; Constants: 0; (Report) [FisaCT8030].[Report_Open] : Methods: 4; Declares: ; Variables: 0; Constants: 0; 
[20:08:58] [CODEPARSER]Methods: 4; Declares: ; Variables: 0; Constants: 0; (Form) [OP_TREZO_SUB].[Form_Load] : Methods: 4; Declares: ; Variables: 0; Constants: 0; 
[20:08:58] [CODEPARSER]Methods: 7; Declares: ; Variables: 3; Constants: 0; (Report) [NotaContabila2016_2Randuri].[ReportFooter_Format] : Methods: 7; Declares: ; Variables: 3; Constants: 0; 
[20:08:58] [CODEPARSER]Methods: 7; Declares: ; Variables: 0; Constants: 1; (Form) [AddClsf_Venituri].[Subcapitol_AfterUpdate] : Methods: 7; Declares: ; Variables: 0; Constants: 1; 
[20:08:58] [CODEPARSER]Methods: 13; Declares: ; Variables: 1; Constants: 0; (Form) [_MESAJE].[Valid_AfterUpdate] : Methods: 13; Declares: ; Variables: 1; Constants: 0; 
[20:08:58] [CODEPARSER]Methods: 10; Declares: ; Variables: 1; Constants: 0; (Form) [Burse_Plati].[NC_AfterUpdate] : Methods: 10; Declares: ; Variables: 1; Constants: 0; 
[20:08:58] [CODEPARSER]Methods: 6; Declares: ; Variables: 0; Constants: 0; (Form) [tmpSalariiS1].[Valoare_KeyDown] : Methods: 6; Declares: ; Variables: 0; Constants: 0; 
[20:08:58] [CODEPARSER]Methods: 21; Declares: ; Variables: 6; Constants: 0; (Form) [OPuri2017].[tmpDoc2017P_Exit] : Methods: 21; Declares: ; Variables: 6; Constants: 0; 
[20:08:58] [CODEPARSER]Methods: 2; Declares: ; Variables: 0; Constants: 0; (Report) [CentrOrd].[Report_Open] : Methods: 2; Declares: ; Variables: 0; Constants: 0; 
[20:08:58] [CODEPARSER]Methods: 1; Declares: ; Variables: 0; Constants: 0; (Form) [frmListaAngajamente].[IESIRE_Click] : Methods: 1; Declares: ; Variables: 0; Constants: 0; 
[20:08:58] [CODEPARSER]Methods: 1; Declares: ; Variables: 0; Constants: 0; (Form) [CorelatiiPlan].[B1_Click] : Methods: 1; Declares: ; Variables: 0; Constants: 0; 
[20:08:58] [CODEPARSER]Methods: 1; Declares: ; Variables: 0; Constants: 0; (Form) [frmFX_ORD_DOC].[Form_Load] : Methods: 1; Declares: ; Variables: 0; Constants: 0; 
[20:08:58] [CODEPARSER]Methods: 2; Declares: ; Variables: 0; Constants: 0; (Report) [Balanta 5 egalitati sintetic].[Report_Open] : Methods: 2; Declares: ; Variables: 0; Constants: 0; 
[20:08:58] [CODEPARSER]Methods: 3; Declares: ; Variables: 0; Constants: 0; (Report) [NIR].[Report_Open] : Methods: 3; Declares: ; Variables: 0; Constants: 0; 
[20:08:58] [CODEPARSER]Methods: 2; Declares: ; Variables: 0; Constants: 0; (Report) [AngajamentLegal_Burse_Grp].[Report_Open] : Methods: 2; Declares: ; Variables: 0; Constants: 0; 
[20:08:58] [CODEPARSER]Methods: 3; Declares: ; Variables: 0; Constants: 0; (Report) [EFACTURA_T].[Report_Load] : Methods: 3; Declares: ; Variables: 0; Constants: 0; 
[20:08:58] [CODEPARSER]Methods: 2; Declares: ; Variables: 0; Constants: 0; (Form) [AdaugaTabelInTBLS_Relation].[Form_BeforeUpdate] : Methods: 2; Declares: ; Variables: 0; Constants: 0; 
[20:08:58] [CODEPARSER]Methods: 4; Declares: ; Variables: 0; Constants: 0; (Report) [FisaContAnalitic_Bilant].[Report_Open] : Methods: 4; Declares: ; Variables: 0; Constants: 0; 
[20:08:58] [CODEPARSER]Methods: 6; Declares: ; Variables: 0; Constants: 0; (Form) [DefaCont subform].[Form_Error] : Methods: 6; Declares: ; Variables: 0; Constants: 0; 
[20:08:58] [CODEPARSER]Methods: 4; Declares: ; Variables: 1; Constants: 0; (Form) [frmSync].[LogInfo] : Methods: 4; Declares: ; Variables: 1; Constants: 0; 
[20:08:58] [CODEPARSER]Methods: 6; Declares: ; Variables: 1; Constants: 0; (Form) [Buget_AlegeUnitate].[Form_Load] : Methods: 6; Declares: ; Variables: 1; Constants: 0; 
[20:08:58] [CODEPARSER]Methods: 6; Declares: ; Variables: 0; Constants: 0; (Form) [DefaSalariiAN].[xPartD_Enter] : Methods: 6; Declares: ; Variables: 0; Constants: 0; 
[20:08:58] [CODEPARSER]Methods: 15; Declares: ; Variables: 1; Constants: 0; (Form) [Burse_Fact].[Suma_AfterUpdate] : Methods: 15; Declares: ; Variables: 1; Constants: 0; 
[20:08:58] [CODEPARSER]Methods: 17; Declares: ; Variables: 3; Constants: 0; (Form) [EFACTURA_ADD].[fSursaCont] : Methods: 17; Declares: ; Variables: 3; Constants: 0; 
[20:08:58] [CODEPARSER]Methods: 1; Declares: ; Variables: 0; Constants: 0; (Form) [CorelatiiClasificatii].[B1_Click] : Methods: 1; Declares: ; Variables: 0; Constants: 0; 
[20:08:58] [CODEPARSER]Methods: ; Declares: ; Variables: 0; Constants: 0; (Form) [frmFX_MAIN_ORD] : Methods: ; Declares: ; Variables: 0; Constants: 0; 
[20:08:58] [CODEPARSER]Methods: 1; Declares: ; Variables: 0; Constants: 0; (Form) [Cont8067_2].[Form_Load] : Methods: 1; Declares: ; Variables: 0; Constants: 0; 
[20:08:58] [CODEPARSER]Methods: 5; Declares: ; Variables: 0; Constants: 0; (Form) [tmpLNC subform].[NumarOperatii_Enter] : Methods: 5; Declares: ; Variables: 0; Constants: 0; 
[20:08:58] [CODEPARSER]Methods: 3; Declares: ; Variables: 0; Constants: 0; (Report) [Jurnale].[Report_Open] : Methods: 3; Declares: ; Variables: 0; Constants: 0; 
[20:08:58] [CODEPARSER]Methods: 3; Declares: ; Variables: 0; Constants: 0; (Form) [TV02].[Text30_Enter] : Methods: 3; Declares: ; Variables: 0; Constants: 0; 
[20:08:58] [CODEPARSER]Methods: 6; Declares: ; Variables: 2; Constants: 0; (Report) [Balanta_2021_T8].[SetText] : Methods: 6; Declares: ; Variables: 2; Constants: 0; 
[20:08:58] [CODEPARSER]Methods: 5; Declares: ; Variables: 1; Constants: 0; (Report) [RegistruOrd].[Detail_Print] : Methods: 5; Declares: ; Variables: 1; Constants: 0; 
[20:08:58] [CODEPARSER]Methods: ; Declares: ; Variables: 0; Constants: 0; (Form) [frmFX_MAIN_ASOC] : Methods: ; Declares: ; Variables: 0; Constants: 0; 
[20:08:58] [CODEPARSER]Methods: 4; Declares: ; Variables: 1; Constants: 0; (Form) [_MF2019_Asoc_EF].[SavFact_Click] : Methods: 4; Declares: ; Variables: 1; Constants: 0; 
[20:08:58] [CODEPARSER]Methods: 6; Declares: ; Variables: 0; Constants: 0; (Form) [Burse_sub].[OperFiecare_Click] : Methods: 6; Declares: ; Variables: 0; Constants: 0; 
[20:08:58] [CODEPARSER]Methods: 9; Declares: ; Variables: 7; Constants: 0; (Form) [Note_PickClsf].[mcTree_TreeRefreshed] : Methods: 9; Declares: ; Variables: 7; Constants: 0; 
[20:08:58] [CODEPARSER]Methods: 15; Declares: ; Variables: 2; Constants: 0; (Form) [TrecereAN].[DescarcaFisierDefa] : Methods: 15; Declares: ; Variables: 2; Constants: 0; 
[20:08:58] [CODEPARSER]Methods: 21; Declares: ; Variables: 5; Constants: 0; (Form) [OCS].[Form_Load] : Methods: 21; Declares: ; Variables: 5; Constants: 0; 
[20:08:58] [CODEPARSER]Methods: 14; Declares: ; Variables: 2; Constants: 0; (Form) [MF2019].[ResizeMF_FCR] : Methods: 14; Declares: ; Variables: 2; Constants: 0; 
[20:08:58] [CODEPARSER]Methods: 31; Declares: ; Variables: 9; Constants: 0; (Form) [ClasificatiiBugetare].[AddTree_Leaf] : Methods: 31; Declares: ; Variables: 9; Constants: 0; 
[20:08:58] [CODEPARSER]Methods: 2; Declares: ; Variables: 0; Constants: 0; (Report) [DispozitiiBugetare].[Report_Close] : Methods: 2; Declares: ; Variables: 0; Constants: 0; 
[20:08:58] [CODEPARSER]Methods: 1; Declares: ; Variables: 0; Constants: 0; (Form) [frmFX_MAIN_Receptii_OLD].[btnS_Click] : Methods: 1; Declares: ; Variables: 0; Constants: 0; 
[20:08:58] [CODEPARSER]Methods: 2; Declares: ; Variables: 0; Constants: 0; (Report) [Buget Anual TOTAL fara rectificari].[Report_Open] : Methods: 2; Declares: ; Variables: 0; Constants: 0; 
[20:08:58] [CODEPARSER]Methods: 3; Declares: ; Variables: 0; Constants: 0; (Form) [frmFX_MAIN_DDF_REVS].[Form_Load] : Methods: 3; Declares: ; Variables: 0; Constants: 0; 
[20:08:58] [CODEPARSER]Methods: 2; Declares: ; Variables: 0; Constants: 0; (Form) [DocFundSalarii_Salarii].[bOK_Click] : Methods: 2; Declares: ; Variables: 0; Constants: 0; 
[20:08:58] [CODEPARSER]Methods: 2; Declares: ; Variables: 0; Constants: 0; (Form) [AdaugCont_sub].[Form_Current] : Methods: 2; Declares: ; Variables: 0; Constants: 0; 
[20:08:58] [CODEPARSER]Methods: 5; Declares: ; Variables: 0; Constants: 0; (Form) [BalantaXML].[TV02_Exit] : Methods: 5; Declares: ; Variables: 0; Constants: 0; 
[20:08:58] [CODEPARSER]Methods: 3; Declares: ; Variables: 0; Constants: 0; (Form) [MNotaC11].[RefreshForm] : Methods: 3; Declares: ; Variables: 0; Constants: 0; 
[20:08:58] [CODEPARSER]Methods: 4; Declares: ; Variables: 2; Constants: 0; (Report) [CentrProp].[Report_Open] : Methods: 4; Declares: ; Variables: 2; Constants: 0; 
[20:08:58] [CODEPARSER]Methods: 4; Declares: ; Variables: 0; Constants: 0; (Form) [Note_FactNeAsoc].[S_Click] : Methods: 4; Declares: ; Variables: 0; Constants: 0; 
[20:08:58] [CODEPARSER]Methods: 4; Declares: ; Variables: 0; Constants: 0; (Form) [SUBUNITATI].[Form_Load] : Methods: 4; Declares: ; Variables: 0; Constants: 0; 
[20:08:58] [CODEPARSER]Methods: 2; Declares: ; Variables: 0; Constants: 0; (Form) [MF2019_0].[Form_Load] : Methods: 2; Declares: ; Variables: 0; Constants: 0; 
[20:08:58] [CODEPARSER]Methods: 2; Declares: ; Variables: 0; Constants: 0; (Form) [Descarcare_fisier].[Form_Timer] : Methods: 2; Declares: ; Variables: 0; Constants: 0; 
[20:08:58] [CODEPARSER]Methods: 9; Declares: ; Variables: 3; Constants: 0; (Form) [frmDatePicker_2025].[PosForm] : Methods: 9; Declares: ; Variables: 3; Constants: 0; 
[20:08:58] [CODEPARSER]Methods: 9; Declares: ; Variables: 3; Constants: 0; (Form) [ClasificatiiBugetare_Rectificari].[PozCtl] : Methods: 9; Declares: ; Variables: 3; Constants: 0; 
[20:08:58] [CODEPARSER]Methods: 28; Declares: ; Variables: 5; Constants: 0; (Form) [Operatii2020].[TIPOP_Enter] : Methods: 28; Declares: ; Variables: 5; Constants: 0; 
[20:08:58] [CODEPARSER]Methods: ; Declares: ; Variables: 0; Constants: 0; (Report) [FacturaV_sub] : Methods: ; Declares: ; Variables: 0; Constants: 0; 
[20:08:58] [CODEPARSER]Methods: 2; Declares: ; Variables: 0; Constants: 0; (Form) [CT8030].[IESIRE_Click] : Methods: 2; Declares: ; Variables: 0; Constants: 0; 
[20:08:58] [CODEPARSER]Methods: 1; Declares: ; Variables: 0; Constants: 0; (Form) [frmFX_MAIN_DDF_REV_B].[btnS_Click] : Methods: 1; Declares: ; Variables: 0; Constants: 0; 
[20:08:58] [CODEPARSER]Methods: 3; Declares: ; Variables: 0; Constants: 0; (Report) [FisaBugetaraAnalitica].[Report_Open] : Methods: 3; Declares: ; Variables: 0; Constants: 0; 
[20:08:58] [CODEPARSER]Methods: 1; Declares: ; Variables: 0; Constants: 0; (Form) [frmFX_DDF_CLSF].[Form_KeyDown] : Methods: 1; Declares: ; Variables: 0; Constants: 0; 
[20:08:58] [CODEPARSER]Methods: 3; Declares: ; Variables: 2; Constants: 0; (Report) [Propunere 1PP].[Report_Open] : Methods: 3; Declares: ; Variables: 2; Constants: 0; 
[20:08:58] [CODEPARSER]Methods: 2; Declares: ; Variables: 0; Constants: 0; (Report) [2013 Angajament individual].[Report_Open] : Methods: 2; Declares: ; Variables: 0; Constants: 0; 
[20:08:58] [CODEPARSER]Methods: 4; Declares: ; Variables: 1; Constants: 0; (Form) [CAI].[IESIRE_Click] : Methods: 4; Declares: ; Variables: 1; Constants: 0; 
[20:08:58] [CODEPARSER]Methods: 4; Declares: ; Variables: 0; Constants: 0; (Form) [Note_FactNeAsocAA].[S_Click] : Methods: 4; Declares: ; Variables: 0; Constants: 0; 
[20:08:58] [CODEPARSER]Methods: 16; Declares: ; Variables: 0; Constants: 0; (Form) [Cont8067_S].[PC_AfterUpdate] : Methods: 16; Declares: ; Variables: 0; Constants: 0; 
[20:08:58] [CODEPARSER]Methods: 9; Declares: ; Variables: 0; Constants: 0; (Form) [DefaSalariiPC].[xPartD_Enter] : Methods: 9; Declares: ; Variables: 0; Constants: 0; 
[20:08:58] [CODEPARSER]Methods: 8; Declares: ; Variables: 3; Constants: 0; (Form) [EFACTURA_TMP].[mcTree_TreeLoaded] : Methods: 8; Declares: ; Variables: 3; Constants: 0; 
[20:08:58] [CODEPARSER]Methods: 7; Declares: ; Variables: 4; Constants: 4; (Report) [Balanta_2021].[PageHeaderSection_Print] : Methods: 7; Declares: ; Variables: 4; Constants: 4; 
[20:08:58] [CODEPARSER]Methods: 19; Declares: ; Variables: 13; Constants: 0; (Form) [LFB].[PopTreeLFB] : Methods: 19; Declares: ; Variables: 13; Constants: 0; 
[20:08:58] [CODEPARSER]Methods: 44; Declares: ; Variables: 20; Constants: 1; (Form) [frmFX_MAIN].[Popup_Commands] : Methods: 44; Declares: ; Variables: 20; Constants: 1; 
[20:08:58] [CODEPARSER]Methods: 25; Declares: ; Variables: 2; Constants: 0; (Form) [Salarii2019].[Resize_CSAV_Nou] : Methods: 25; Declares: ; Variables: 2; Constants: 0; 
[20:08:58] [CODEPARSER]Methods: 1; Declares: ; Variables: 0; Constants: 0; (Report) [Balanta 4 Egalitati 8xxx].[GF1_Format] : Methods: 1; Declares: ; Variables: 0; Constants: 0; 
[20:08:58] [CODEPARSER]Methods: 2; Declares: ; Variables: 0; Constants: 0; (Report) [BalantaExtra].[Report_Open] : Methods: 2; Declares: ; Variables: 0; Constants: 0; 
[20:08:58] [CODEPARSER]Methods: 1; Declares: ; Variables: 0; Constants: 0; (Report) [FisaContSintetic2].[ReportFooter_Print] : Methods: 1; Declares: ; Variables: 0; Constants: 0; 
[20:08:58] [CODEPARSER]Methods: 2; Declares: ; Variables: 0; Constants: 0; (Form) [frmFX_MAIN_REC_LISTA].[btnS_Click] : Methods: 2; Declares: ; Variables: 0; Constants: 0; 
[20:08:58] [CODEPARSER]Methods: 3; Declares: ; Variables: 2; Constants: 0; (Report) [Propunere_OPuri2017_grp].[Report_Open] : Methods: 3; Declares: ; Variables: 2; Constants: 0; 
[20:08:58] [CODEPARSER]Methods: 6; Declares: ; Variables: 0; Constants: 0; (Form) [Jurnale].[IESIRE_Click] : Methods: 6; Declares: ; Variables: 0; Constants: 0; 
[20:08:58] [CODEPARSER]Methods: 4; Declares: ; Variables: 0; Constants: 0; (Report) [NotaContabila2].[Report_Load] : Methods: 4; Declares: ; Variables: 0; Constants: 0; 
[20:08:58] [CODEPARSER]Methods: 3; Declares: ; Variables: 0; Constants: 0; (Form) [DefaSursa subform].[sursa_BeforeUpdate] : Methods: 3; Declares: ; Variables: 0; Constants: 0; 
[20:08:58] [CODEPARSER]Methods: 4; Declares: ; Variables: 0; Constants: 0; (Form) [frmFX_ORD_DOC_ATT].[ProceseazaFisiere] : Methods: 4; Declares: ; Variables: 0; Constants: 0; 
[20:08:58] [CODEPARSER]Methods: 3; Declares: ; Variables: 0; Constants: 0; (Form) [Buget1103].[Indicator_GotFocus] : Methods: 3; Declares: ; Variables: 0; Constants: 0; 
[20:08:58] [CODEPARSER]Methods: 13; Declares: ; Variables: 0; Constants: 0; (Form) [DefaNote].[xPartDebit_Enter] : Methods: 13; Declares: ; Variables: 0; Constants: 0; 
[20:08:58] [CODEPARSER]Methods: 5; Declares: ; Variables: 1; Constants: 0; (Form) [MF2019_Asoc_EF].[SavFact_Click] : Methods: 5; Declares: ; Variables: 1; Constants: 0; 
[20:08:58] [CODEPARSER]Methods: 7; Declares: ; Variables: 2; Constants: 0; (Form) [frmFX_MAIN_REZ_TREE_NEFOLOSIT].[mcTree_TreeLoaded] : Methods: 7; Declares: ; Variables: 2; Constants: 0; 
[20:08:58] [CODEPARSER]Methods: 7; Declares: ; Variables: 2; Constants: 1; (Form) [Burse_PickIBAN].[Form_Unload] : Methods: 7; Declares: ; Variables: 2; Constants: 1; 
[20:08:58] [CODEPARSER]Methods: 23; Declares: 1; Variables: 3; Constants: 0; (Form) [OP_TREZO].[tmpDefaNote_Exit] : Methods: 23; Declares: 1; Variables: 3; Constants: 0; 
[20:08:58] [CODEPARSER]Methods: 41; Declares: ; Variables: 11; Constants: 0; (Form) [EFACTURA_2025].[UltimaLunaInchisa] : Methods: 41; Declares: ; Variables: 11; Constants: 0; 
[20:08:58] [CODEPARSER]Methods: 2; Declares: ; Variables: 0; Constants: 0; (Report) [OPuri_Anexa].[Report_Open] : Methods: 2; Declares: ; Variables: 0; Constants: 0; 
[20:08:58] [CODEPARSER]Methods: 1; Declares: ; Variables: 0; Constants: 0; (Form) [CorelatiiParteneri].[B1_Click] : Methods: 1; Declares: ; Variables: 0; Constants: 0; 
[20:08:58] [CODEPARSER]Methods: 2; Declares: ; Variables: 0; Constants: 0; (Form) [AdaugaTabelInTBLS_Index].[Form_BeforeUpdate] : Methods: 2; Declares: ; Variables: 0; Constants: 0; 
[20:08:58] [CODEPARSER]Methods: 1; Declares: ; Variables: 0; Constants: 0; (Form) [MF2019_6].[BTN_Click] : Methods: 1; Declares: ; Variables: 0; Constants: 0; 
[20:08:58] [CODEPARSER]Methods: 2; Declares: ; Variables: 0; Constants: 0; (Report) [EF_ERR].[Report_Load] : Methods: 2; Declares: ; Variables: 0; Constants: 0; 
[20:08:58] [CODEPARSER]Methods: 1; Declares: ; Variables: 1; Constants: 0; (Form) [DefaNoteA].[OK_Click] : Methods: 1; Declares: ; Variables: 1; Constants: 0; 
[20:08:58] [CODEPARSER]Methods: 4; Declares: ; Variables: 0; Constants: 0; (Form) [frmCert].[Nu_Click] : Methods: 4; Declares: ; Variables: 0; Constants: 0; 
[20:08:58] [CODEPARSER]Methods: 9; Declares: ; Variables: 0; Constants: 0; (Form) [OPME_A].[Form_Load] : Methods: 9; Declares: ; Variables: 0; Constants: 0; 
[20:08:58] [CODEPARSER]Methods: 10; Declares: ; Variables: 1; Constants: 0; (Form) [frmFX_DDF_REV].[optSect_AfterUpdate] : Methods: 10; Declares: ; Variables: 1; Constants: 0; 
[20:08:58] [CODEPARSER]Methods: 7; Declares: ; Variables: 2; Constants: 0; (Form) [frmFX_ORD_PART].[PositionElements] : Methods: 7; Declares: ; Variables: 2; Constants: 0; 
[20:08:58] [CODEPARSER]Methods: 4; Declares: ; Variables: 0; Constants: 0; (Form) [Sch].[IESIRE_Click] : Methods: 4; Declares: ; Variables: 0; Constants: 0; 
[20:08:58] [CODEPARSER]Methods: 4; Declares: ; Variables: 3; Constants: 0; (Form) [frmFX_DDF_ATT].[Form_Load] : Methods: 4; Declares: ; Variables: 3; Constants: 0; 
[20:08:58] [CODEPARSER]Methods: 7; Declares: ; Variables: 6; Constants: 0; (Form) [frmFX_MAIN_REZ].[mcTree_TreeLoaded] : Methods: 7; Declares: ; Variables: 6; Constants: 0; 
[20:08:58] [CODEPARSER]Methods: 9; Declares: ; Variables: 1; Constants: 0; (Form) [ppMsBox].[HWhiteSpace] : Methods: 9; Declares: ; Variables: 1; Constants: 0; 
[20:08:58] [CODEPARSER]Methods: 21; Declares: ; Variables: 9; Constants: 0; (Form) [Burse].[Pop_Sheets] : Methods: 21; Declares: ; Variables: 9; Constants: 0; 
[20:08:58] [CODEPARSER]Methods: 38; Declares: ; Variables: 21; Constants: 0; (Form) [Note].[TB_Mock_Change] : Methods: 38; Declares: ; Variables: 21; Constants: 0; 
[20:09:01] [CODEPARSER]Methods: 2; Declares: ; Variables: 0; Constants: 0; (Report) [AngajamentP].[Report_Open] : Methods: 2; Declares: ; Variables: 0; Constants: 0; 
[20:09:01] [CODEPARSER]Methods: 1; Declares: ; Variables: 0; Constants: 0; (Form) [_NU_frmFX_MAIN_ASOC_PART].[Form_Load] : Methods: 1; Declares: ; Variables: 0; Constants: 0; 
[20:09:01] [CODEPARSER]Methods: 2; Declares: ; Variables: 0; Constants: 0; (Form) [frmFX_MAIN_DDF_Salarii].[bOK_Click] : Methods: 2; Declares: ; Variables: 0; Constants: 0; 
[20:09:01] [CODEPARSER]Methods: 2; Declares: ; Variables: 0; Constants: 0; (Report) [Anexa 7].[Report_Open] : Methods: 2; Declares: ; Variables: 0; Constants: 0; 
[20:09:01] [CODEPARSER]Methods: 1; Declares: ; Variables: 0; Constants: 0; (Report) [AngajamentLegal_OPuri2017].[Report_Open] : Methods: 1; Declares: ; Variables: 0; Constants: 0; 
[20:09:01] [CODEPARSER]Methods: 4; Declares: ; Variables: 0; Constants: 0; (Form) [TV00].[Text18_Enter] : Methods: 4; Declares: ; Variables: 0; Constants: 0; 
[20:09:01] [CODEPARSER]Methods: 3; Declares: ; Variables: 2; Constants: 0; (Report) [Propunere_OPuri2017].[Report_Open] : Methods: 3; Declares: ; Variables: 2; Constants: 0; 
[20:09:01] [CODEPARSER]Methods: 3; Declares: ; Variables: 0; Constants: 0; (Report) [Fise_Dispozitii_2019].[Report_Load] : Methods: 3; Declares: ; Variables: 0; Constants: 0; 
[20:09:01] [CODEPARSER]Methods: 2; Declares: ; Variables: 0; Constants: 0; (Report) [FisaContPartener].[Report_Load] : Methods: 2; Declares: ; Variables: 0; Constants: 0; 
[20:09:01] [CODEPARSER]Methods: 5; Declares: ; Variables: 1; Constants: 0; (Form) [frmFX_DDF_INFO].[HandleNewAttachment] : Methods: 5; Declares: ; Variables: 1; Constants: 0; 
[20:09:01] [CODEPARSER]Methods: 6; Declares: ; Variables: 1; Constants: 0; (Form) [frmFX_MAIN_ASOC_PART].[Form_Load] : Methods: 6; Declares: ; Variables: 1; Constants: 0; 
[20:09:01] [CODEPARSER]Methods: 10; Declares: ; Variables: 0; Constants: 0; (Form) [frmFX_ISTORIC].[Val_Rezervare_I_MouseMove] : Methods: 10; Declares: ; Variables: 0; Constants: 0; 
[20:09:01] [CODEPARSER]Methods: 2; Declares: ; Variables: 0; Constants: 0; (Form) [frmMail].[LatestFile] : Methods: 2; Declares: ; Variables: 0; Constants: 0; 
[20:09:01] [CODEPARSER]Methods: 4; Declares: ; Variables: 0; Constants: 6; (Form) [CERC].[Form_Timer] : Methods: 4; Declares: ; Variables: 0; Constants: 6; 
[20:09:01] [CODEPARSER]Methods: 7; Declares: ; Variables: 4; Constants: 3; (Report) [Balanta_2021_5].[PageHeaderSection_Print] : Methods: 7; Declares: ; Variables: 4; Constants: 3; 
[20:09:01] [CODEPARSER]Methods: 20; Declares: ; Variables: 5; Constants: 0; (Form) [DocFundSalarii].[mcTree_Click] : Methods: 20; Declares: ; Variables: 5; Constants: 0; 
[20:09:02] [CODEPARSER]Methods: ; Declares: ; Variables: 0; Constants: 0; (Form) [frmDatePicker_Anul] : Methods: ; Declares: ; Variables: 0; Constants: 0; 
[20:09:02] [CODEPARSER]Methods: 1; Declares: ; Variables: 0; Constants: 0; (Form) [TIMG subform].[BTN_Click] : Methods: 1; Declares: ; Variables: 0; Constants: 0; 
[20:09:02] [CODEPARSER]Methods: 1; Declares: ; Variables: 0; Constants: 0; (Form) [Operatii2020_S_Preluare].[Form_Load] : Methods: 1; Declares: ; Variables: 0; Constants: 0; 
[20:09:02] [CODEPARSER]Methods: 1; Declares: ; Variables: 0; Constants: 0; (Report) [Factura_sub].[Detail_Print] : Methods: 1; Declares: ; Variables: 0; Constants: 0; 
[20:09:02] [CODEPARSER]Methods: 2; Declares: ; Variables: 0; Constants: 0; (Report) [FC8067_PART].[Report_Open] : Methods: 2; Declares: ; Variables: 0; Constants: 0; 
[20:09:02] [CODEPARSER]Methods: 4; Declares: ; Variables: 0; Constants: 0; (Form) [Disp2020_T].[Form_Load] : Methods: 4; Declares: ; Variables: 0; Constants: 0; 
[20:09:02] [CODEPARSER]Methods: 3; Declares: ; Variables: 0; Constants: 0; (Form) [OPME_S].[Form_Load] : Methods: 3; Declares: ; Variables: 0; Constants: 0; 
[20:09:02] [CODEPARSER]Methods: 5; Declares: ; Variables: 0; Constants: 0; (Form) [Actiuni].[Tp_Change] : Methods: 5; Declares: ; Variables: 0; Constants: 0; 
[20:09:02] [CODEPARSER]Methods: ; Declares: ; Variables: 0; Constants: 0; (Form) [Btns_old] : Methods: ; Declares: ; Variables: 0; Constants: 0; 
[20:09:02] [CODEPARSER]Methods: 2; Declares: ; Variables: 0; Constants: 0; (Form) [frmFiles].[btnAdd_Click] : Methods: 2; Declares: ; Variables: 0; Constants: 0; 
[20:09:02] [CODEPARSER]Methods: 3; Declares: ; Variables: 0; Constants: 0; (Report) [OrdonantarePlataOP9].[Report_Open] : Methods: 3; Declares: ; Variables: 0; Constants: 0; 
[20:09:02] [CODEPARSER]Methods: 4; Declares: ; Variables: 2; Constants: 1; (Form) [_x_].[KeepDBInMemory] : Methods: 4; Declares: ; Variables: 2; Constants: 1; 
[20:09:02] [CODEPARSER]Methods: 7; Declares: ; Variables: 1; Constants: 0; (Form) [BurseColoane].[IESIRE_Click] : Methods: 7; Declares: ; Variables: 1; Constants: 0; 
[20:09:02] [CODEPARSER]Methods: 8; Declares: ; Variables: 1; Constants: 0; (Form) [Note_Credit].[SumaCredit_BeforeUpdate] : Methods: 8; Declares: ; Variables: 1; Constants: 0; 
[20:09:02] [CODEPARSER]Methods: 12; Declares: ; Variables: 0; Constants: 0; (Form) [DefaNoteB].[Simpla_AfterUpdate] : Methods: 12; Declares: ; Variables: 0; Constants: 0; 
[20:09:02] [CODEPARSER]Methods: 9; Declares: ; Variables: 1; Constants: 0; (Form) [BurseFoi].[GetExcelColumnLetter] : Methods: 9; Declares: ; Variables: 1; Constants: 0; 
[20:09:02] [CODEPARSER]Methods: 2; Declares: ; Variables: 0; Constants: 0; (Report) [2021 Angajament individual].[Report_Open] : Methods: 2; Declares: ; Variables: 0; Constants: 0; 
[20:09:02] [CODEPARSER]Methods: 2; Declares: ; Variables: 0; Constants: 0; (Form) [Note_PDF_EF].[Form_Load] : Methods: 2; Declares: ; Variables: 0; Constants: 0; 
[20:09:02] [CODEPARSER]Methods: 1; Declares: ; Variables: 0; Constants: 0; (Form) [frmFX_MAIN_Plati_Detalii_OLD].[btnS_Click] : Methods: 1; Declares: ; Variables: 0; Constants: 0; 
[20:09:02] [CODEPARSER]Methods: 2; Declares: ; Variables: 0; Constants: 0; (Form) [EFACTURA_PDF].[Form_Load] : Methods: 2; Declares: ; Variables: 0; Constants: 0; 
[20:09:02] [CODEPARSER]Methods: 2; Declares: ; Variables: 0; Constants: 0; (Report) [Buget Anual TOTAL cu rectificari].[Report_Open] : Methods: 2; Declares: ; Variables: 0; Constants: 0; 
[20:09:02] [CODEPARSER]Methods: 2; Declares: ; Variables: 0; Constants: 0; (Report) [Registru CFPP].[Report_Open] : Methods: 2; Declares: ; Variables: 0; Constants: 0; 
[20:09:02] [CODEPARSER]Methods: 3; Declares: ; Variables: 0; Constants: 0; (Form) [EFACTURA_UM].[TC_AfterUpdate] : Methods: 3; Declares: ; Variables: 0; Constants: 0; 
[20:09:02] [CODEPARSER]Methods: 5; Declares: ; Variables: 0; Constants: 0; (Form) [Inchidere_ContVenit].[SimbolCtRezP_AfterUpdate] : Methods: 5; Declares: ; Variables: 0; Constants: 0; 
[20:09:02] [CODEPARSER]Methods: 2; Declares: ; Variables: 0; Constants: 0; (Form) [Disp2020_sub].[DelRec_Click] : Methods: 2; Declares: ; Variables: 0; Constants: 0; 
[20:09:02] [CODEPARSER]Methods: 7; Declares: ; Variables: 2; Constants: 0; (Form) [Copy Of Btns].[Fld_Enter] : Methods: 7; Declares: ; Variables: 2; Constants: 0; 
[20:09:02] [CODEPARSER]Methods: 12; Declares: ; Variables: 2; Constants: 0; (Form) [IMG].[Text31_Click] : Methods: 12; Declares: ; Variables: 2; Constants: 0; 
[20:09:02] [CODEPARSER]Methods: 8; Declares: ; Variables: 2; Constants: 0; (Form) [OPuri2017_Salvare].[Nu_KeyDown] : Methods: 8; Declares: ; Variables: 2; Constants: 0; 
[20:09:02] [CODEPARSER]Methods: 6; Declares: ; Variables: 1; Constants: 0; (Form) [MonthPicker].[ClosePopupForm] : Methods: 6; Declares: ; Variables: 1; Constants: 0; 
[20:09:02] [CODEPARSER]Methods: 9; Declares: ; Variables: 3; Constants: 0; (Form) [MNotaC1].[RdActniv_Enter] : Methods: 9; Declares: ; Variables: 3; Constants: 0; 
[20:09:02] [CODEPARSER]Methods: 23; Declares: ; Variables: 7; Constants: 0; (Form) [frmFX_DDF_REV_SECT_A].[GetPosRect] : Methods: 23; Declares: ; Variables: 7; Constants: 0; 
[20:09:02] [CODEPARSER]Methods: 15; Declares: ; Variables: 2; Constants: 0; (Form) [OPME].[mcTree_Click] : Methods: 15; Declares: ; Variables: 2; Constants: 0; 
[20:09:02] [CODEPARSER]Methods: ; Declares: ; Variables: 0; Constants: 0; (Report) [FisaContPartenerC] : Methods: ; Declares: ; Variables: 0; Constants: 0; 
[20:09:02] [CODEPARSER]Methods: 1; Declares: ; Variables: 0; Constants: 0; (Form) [Contracte_a].[Form_BeforeInsert] : Methods: 1; Declares: ; Variables: 0; Constants: 0; 
[20:09:02] [CODEPARSER]Methods: 2; Declares: ; Variables: 0; Constants: 0; (Form) [CorelatiiJurnale].[Form_BeforeUpdate] : Methods: 2; Declares: ; Variables: 0; Constants: 0; 
[20:09:02] [CODEPARSER]Methods: 3; Declares: ; Variables: 0; Constants: 0; (Report) [FisaBugetara2].[Report_Open] : Methods: 3; Declares: ; Variables: 0; Constants: 0; 
[20:09:02] [CODEPARSER]Methods: 1; Declares: ; Variables: 0; Constants: 0; (Form) [frmZoom].[Form_Load] : Methods: 1; Declares: ; Variables: 0; Constants: 0; 
[20:09:02] [CODEPARSER]Methods: 2; Declares: ; Variables: 0; Constants: 0; (Report) [Anexa 9].[Report_Open] : Methods: 2; Declares: ; Variables: 0; Constants: 0; 
[20:09:02] [CODEPARSER]Methods: 4; Declares: ; Variables: 0; Constants: 2; (Report) [rptOP].[Report_Load] : Methods: 4; Declares: ; Variables: 0; Constants: 2; 
[20:09:02] [CODEPARSER]Methods: 6; Declares: ; Variables: 1; Constants: 0; (Form) [CC].[List5_Click] : Methods: 6; Declares: ; Variables: 1; Constants: 0; 
[20:09:02] [CODEPARSER]Methods: 7; Declares: ; Variables: 1; Constants: 0; (Form) [IMG_].[Form_Load] : Methods: 7; Declares: ; Variables: 1; Constants: 0; 
[20:09:02] [CODEPARSER]Methods: 11; Declares: ; Variables: 1; Constants: 0; (Form) [DefaSalariiVA].[xPartD_Enter] : Methods: 11; Declares: ; Variables: 1; Constants: 0; 
[20:09:02] [CODEPARSER]Methods: 11; Declares: ; Variables: 1; Constants: 0; (Form) [tmpDefaNote subform].[Suma_BeforeUpdate] : Methods: 11; Declares: ; Variables: 1; Constants: 0; 
[20:09:02] [CODEPARSER]Methods: 6; Declares: ; Variables: 0; Constants: 0; (Form) [tmpSalarii].[Valoare_KeyDown] : Methods: 6; Declares: ; Variables: 0; Constants: 0; 
[20:09:02] [CODEPARSER]Methods: 15; Declares: ; Variables: 2; Constants: 0; (Report) [Balanta 4 Egalitati FP].[SetText] : Methods: 15; Declares: ; Variables: 2; Constants: 0; 
[20:09:02] [CODEPARSER]Methods: 12; Declares: ; Variables: 1; Constants: 0; (Form) [SalariiSavDoc2019].[SavSalarii] : Methods: 12; Declares: ; Variables: 1; Constants: 0; 
[20:09:02] [CODEPARSER]Methods: 17; Declares: ; Variables: 4; Constants: 0; (Form) [LRJ].[CalcBalantaLRJ] : Methods: 17; Declares: ; Variables: 4; Constants: 0; 
[20:09:02] [CODEPARSER]Methods: 24; Declares: ; Variables: 11; Constants: 0; (Form) [LOR].[dsf_LostFocus] : Methods: 24; Declares: ; Variables: 11; Constants: 0; 
[20:09:02] [CODEPARSER]Methods: 1; Declares: ; Variables: 0; Constants: 0; (Form) [F1133_D].[sect_Change] : Methods: 1; Declares: ; Variables: 0; Constants: 0; 
[20:09:02] [CODEPARSER]Methods: 1; Declares: ; Variables: 0; Constants: 0; (Form) [CorelatiiMateriale].[B1_Click] : Methods: 1; Declares: ; Variables: 0; Constants: 0; 
[20:09:02] [CODEPARSER]Methods: 1; Declares: ; Variables: 0; Constants: 0; (Report) [Balanta2020_1].[Btn_DblClick] : Methods: 1; Declares: ; Variables: 0; Constants: 0; 
[20:09:02] [CODEPARSER]Methods: 2; Declares: ; Variables: 0; Constants: 0; (Form) [XMLPath_sub].[BTN_Click] : Methods: 2; Declares: ; Variables: 0; Constants: 0; 
[20:09:02] [CODEPARSER]Methods: 4; Declares: ; Variables: 0; Constants: 0; (Report) [FisaBugetara5].[Report_Open] : Methods: 4; Declares: ; Variables: 0; Constants: 0; 
[20:09:02] [CODEPARSER]Methods: 6; Declares: ; Variables: 2; Constants: 0; (Report) [Balanta_2021_T].[SetText] : Methods: 6; Declares: ; Variables: 2; Constants: 0; 
[20:09:02] [CODEPARSER]Methods: 3; Declares: ; Variables: 0; Constants: 0; (Report) [OrdonantarePlataBurse].[Report_Open] : Methods: 3; Declares: ; Variables: 0; Constants: 0; 
[20:09:02] [CODEPARSER]Methods: 4; Declares: ; Variables: 0; Constants: 2; (Report) [rptOP5].[Report_Load] : Methods: 4; Declares: ; Variables: 0; Constants: 2; 
[20:09:02] [CODEPARSER]Methods: 10; Declares: ; Variables: 0; Constants: 0; (Form) [Salarii2026_PC].[Valoare_KeyDown] : Methods: 10; Declares: ; Variables: 0; Constants: 0; 
[20:09:02] [CODEPARSER]Methods: 10; Declares: ; Variables: 0; Constants: 0; (Form) [Salarii2026_PN].[Valoare_KeyDown] : Methods: 10; Declares: ; Variables: 0; Constants: 0; 
[20:09:02] [CODEPARSER]Methods: 3; Declares: ; Variables: 2; Constants: 0; (Form) [frmFX_MAIN_ASOC_CLSF].[Form_Unload] : Methods: 3; Declares: ; Variables: 2; Constants: 0; 
[20:09:02] [CODEPARSER]Methods: 3; Declares: 11; Variables: 0; Constants: 1; (Module) [mdl_MeasureString].[GetlabelSize] : Methods: 3; Declares: 11; Variables: 0; Constants: 1; 
[20:09:02] [CODEPARSER]Methods: 13; Declares: 5; Variables: 1; Constants: 8; (Module) [mdl_Uploader_VBNET].[NowUTC] : Methods: 13; Declares: 5; Variables: 1; Constants: 8; 
[20:09:02] [CODEPARSER]Methods: 18; Declares: ; Variables: 3; Constants: 0; (Form) [SituatieBazaDate].[AddRelToNode] : Methods: 18; Declares: ; Variables: 3; Constants: 0; 
[20:09:02] [CODEPARSER]Methods: 27; Declares: ; Variables: 3; Constants: 0; (Form) [AdaugaTabelInTBLS].[AddRelToNode] : Methods: 27; Declares: ; Variables: 3; Constants: 0; 
[20:09:02] [CODEPARSER]Methods: 20; Declares: 5; Variables: 0; Constants: 5; (Module) [mdl_ExportExcel].[ParseXML_XLS] : Methods: 20; Declares: 5; Variables: 0; Constants: 5; 
[20:09:02] [CODEPARSER]Methods: 2; Declares: ; Variables: 0; Constants: 0; (Report) [Jurnale_Centralizator].[Report_Open] : Methods: 2; Declares: ; Variables: 0; Constants: 0; 
[20:09:02] [CODEPARSER]Methods: 2; Declares: ; Variables: 0; Constants: 0; (Report) [FisaContSintetic].[Report_Open] : Methods: 2; Declares: ; Variables: 0; Constants: 0; 
[20:09:02] [CODEPARSER]Methods: 6; Declares: ; Variables: 3; Constants: 0; (Module) [clsFirmaTVAS].[StatusSplitTVA] : Methods: 6; Declares: ; Variables: 3; Constants: 0; 
[20:09:02] [CODEPARSER]Methods: 6; Declares: ; Variables: 0; Constants: 0; (Report) [Monitorizare].[Report_Open] : Methods: 6; Declares: ; Variables: 0; Constants: 0; 
[20:09:02] [CODEPARSER]Methods: 7; Declares: ; Variables: 3; Constants: 0; (Report) [NotaContabila2016_3Randuri].[ReportFooter_Format] : Methods: 7; Declares: ; Variables: 3; Constants: 0; 
[20:09:02] [CODEPARSER]Methods: 8; Declares: 1; Variables: 8; Constants: 0; (Form) [frmFX_ORD].[IESIRE_Click] : Methods: 8; Declares: 1; Variables: 8; Constants: 0; 
[20:09:02] [CODEPARSER]Methods: 7; Declares: ; Variables: 1; Constants: 0; (Form) [MF2019_Burse].[SavFact_Click] : Methods: 7; Declares: ; Variables: 1; Constants: 0; 
[20:09:02] [CODEPARSER]Methods: 4; Declares: 4; Variables: 1; Constants: 3; (Module) [mdl_Hook4Trez].[WriteTrez] : Methods: 4; Declares: 4; Variables: 1; Constants: 3; 
[20:09:02] [CODEPARSER]Methods: 8; Declares: ; Variables: 0; Constants: 0; (Module) [mdl_2024].[Curata_Baza] : Methods: 8; Declares: ; Variables: 0; Constants: 0; 
[20:09:02] [CODEPARSER]Methods: 9; Declares: ; Variables: 1; Constants: 0; (Module) [mdl_TreeControlers].[AddTree_Leaf] : Methods: 9; Declares: ; Variables: 1; Constants: 0; 
[20:09:02] [CODEPARSER]Methods: 7; Declares: ; Variables: 0; Constants: 0; (Module) [mdl_Import_Extrase].[IsMissingLikeNull] : Methods: 7; Declares: ; Variables: 0; Constants: 0; 
[20:09:02] [CODEPARSER]Methods: 14; Declares: 1; Variables: 1; Constants: 0; (Form) [EF_F_inlucru].[Suma_AfterUpdate] : Methods: 14; Declares: 1; Variables: 1; Constants: 0; 
[20:09:02] [CODEPARSER]Methods: 15; Declares: ; Variables: 2; Constants: 0; (Form) [MF2019_1].[btnModificaOperatie_Click] : Methods: 15; Declares: ; Variables: 2; Constants: 0; 
[20:09:02] [CODEPARSER]Methods: 22; Declares: ; Variables: 6; Constants: 2; (Form) [ClasificatiiBugetareV].[mcTree_TreeLoaded] : Methods: 22; Declares: ; Variables: 6; Constants: 2; 
[20:09:02] [CODEPARSER]Methods: 5; Declares: ; Variables: 0; Constants: 0; (Module) [ExportXML].[GetChk] : Methods: 5; Declares: ; Variables: 0; Constants: 0; 
[20:09:02] [CODEPARSER]Methods: 10; Declares: ; Variables: 0; Constants: 0; (Module) [mdl_Balanta2020].[SitFinBal2020_8_Salarii] : Methods: 10; Declares: ; Variables: 0; Constants: 0; 
[20:09:02] [CODEPARSER]Methods: ; Declares: ; Variables: 0; Constants: 0; (Form) [frmFX_MAIN_Plati_Detalii] : Methods: ; Declares: ; Variables: 0; Constants: 0; 
[20:09:02] [CODEPARSER]Methods: 2; Declares: ; Variables: 0; Constants: 0; (Form) [Note_PlatiAsoc].[BTN_Click] : Methods: 2; Declares: ; Variables: 0; Constants: 0; 
[20:09:02] [CODEPARSER]Methods: 1; Declares: ; Variables: 0; Constants: 0; (Form) [frmFX_ORD_DOC_TXT].[Form_BeforeInsert] : Methods: 1; Declares: ; Variables: 0; Constants: 0; 
[20:09:02] [CODEPARSER]Methods: 2; Declares: ; Variables: 0; Constants: 0; (Form) [XMLPath].[Nu_Click] : Methods: 2; Declares: ; Variables: 0; Constants: 0; 
[20:09:02] [CODEPARSER]Methods: 5; Declares: ; Variables: 1; Constants: 0; (Report) [Balanta 4 egalitati RX].[Report_NoData] : Methods: 5; Declares: ; Variables: 1; Constants: 0; 
[20:09:02] [CODEPARSER]Methods: 3; Declares: ; Variables: 2; Constants: 0; (Module) [clsCerts].[GetDateOnlyFromIso] : Methods: 3; Declares: ; Variables: 2; Constants: 0; 
[20:09:02] [CODEPARSER]Methods: 4; Declares: ; Variables: 0; Constants: 0; (Module) [mdl_DISK_RW].[SaveFileToDisk] : Methods: 4; Declares: ; Variables: 0; Constants: 0; 
[20:09:02] [CODEPARSER]Methods: 3; Declares: ; Variables: 0; Constants: 2; (Report) [rptOP2].[Report_Load] : Methods: 3; Declares: ; Variables: 0; Constants: 2; 
[20:09:02] [CODEPARSER]Methods: ; Declares: ; Variables: 0; Constants: 9; (Module) [mdl_TrustedLocation].[AddTrustedLocation] : Methods: ; Declares: ; Variables: 0; Constants: 9; 
[20:09:02] [CODEPARSER]Methods: 3; Declares: ; Variables: 0; Constants: 0; (Report) [OrdonantarePlataC].[Report_Open] : Methods: 3; Declares: ; Variables: 0; Constants: 0; 
[20:09:02] [CODEPARSER]Methods: 17; Declares: ; Variables: 0; Constants: 0; (Form) [FX_POPUPS].[IsParentMenu_Click] : Methods: 17; Declares: ; Variables: 0; Constants: 0; 
[20:09:02] [CODEPARSER]Methods: 8; Declares: ; Variables: 3; Constants: 0; (Form) [FisaCont8].[mcTree_TreeLoaded] : Methods: 8; Declares: ; Variables: 3; Constants: 0; 
[20:09:02] [CODEPARSER]Methods: 4; Declares: ; Variables: 0; Constants: 0; (Module) [mdl_UpdateFE].[Write_UpdateFE] : Methods: 4; Declares: ; Variables: 0; Constants: 0; 
[20:09:02] [CODEPARSER]Methods: 10; Declares: ; Variables: 0; Constants: 0; (Module) [mdl_FX_Tasks_Send].[FX_SNM_Extrase_Descarcare] : Methods: 10; Declares: ; Variables: 0; Constants: 0; 
[20:09:03] [CODEPARSER]Methods: 8; Declares: 72; Variables: 6; Constants: 1; (Module) [basGDIPlus].[BitmapToPicture] : Methods: 8; Declares: 72; Variables: 6; Constants: 1; 
[20:09:03] [CODEPARSER]Methods: 10; Declares: ; Variables: 1; Constants: 0; (Module) [mdl_EFactura_Add].[FormatNumber] : Methods: 10; Declares: ; Variables: 1; Constants: 0; 
[20:09:03] [CODEPARSER]Methods: 2; Declares: ; Variables: 6; Constants: 0; (Module) [cBtnMeniu].[Terminate] : Methods: 2; Declares: ; Variables: 6; Constants: 0; 
[20:09:03] [CODEPARSER]Methods: 1; Declares: ; Variables: 4; Constants: 0; (Module) [cSalariiBtn].[BTN_Click] : Methods: 1; Declares: ; Variables: 4; Constants: 0; 
[20:09:03] [CODEPARSER]Methods: 3; Declares: ; Variables: 0; Constants: 0; (Report) [Fisa_CT8062].[Report_NoData] : Methods: 3; Declares: ; Variables: 0; Constants: 0; 
[20:09:03] [CODEPARSER]Methods: ; Declares: ; Variables: 0; Constants: 2; (Module) [modVBA] : Methods: ; Declares: ; Variables: 0; Constants: 2; 
[20:09:03] [CODEPARSER]Methods: 2; Declares: ; Variables: 0; Constants: 0; (Report) [BalantaExtraTotal].[Report_Open] : Methods: 2; Declares: ; Variables: 0; Constants: 0; 
[20:09:03] [CODEPARSER]Methods: ; Declares: ; Variables: 0; Constants: 0; (Module) [mdl_Salarii2015_deSters] : Methods: ; Declares: ; Variables: 0; Constants: 0; 
[20:09:03] [CODEPARSER]Methods: 8; Declares: ; Variables: 2; Constants: 0; (Form) [Btns].[RefreshForm] : Methods: 8; Declares: ; Variables: 2; Constants: 0; 
[20:09:03] [CODEPARSER]Methods: 7; Declares: ; Variables: 0; Constants: 0; (Form) [tmpLEGUNIT].[SclavBuget_BeforeUpdate] : Methods: 7; Declares: ; Variables: 0; Constants: 0; 
[20:09:03] [CODEPARSER]Methods: 6; Declares: 1; Variables: 8; Constants: 0; (Form) [frmFX_REZ].[IESIRE_Click] : Methods: 6; Declares: 1; Variables: 8; Constants: 0; 
[20:09:03] [CODEPARSER]Methods: 9; Declares: ; Variables: 11; Constants: 0; (Module) [clsJobTask].[Class_Initialize] : Methods: 9; Declares: ; Variables: 11; Constants: 0; 
[20:09:03] [CODEPARSER]Methods: 9; Declares: ; Variables: 1; Constants: 0; (Form) [EF_P].[DP_ZiuaClick] : Methods: 9; Declares: ; Variables: 1; Constants: 0; 
[20:09:03] [CODEPARSER]Methods: 8; Declares: ; Variables: 0; Constants: 0; (Module) [mdl_VBNET].[PRT_ORD_Sterge] : Methods: 8; Declares: ; Variables: 0; Constants: 0; 
[20:09:03] [CODEPARSER]Methods: 6; Declares: ; Variables: 0; Constants: 0; (Form) [Balanta2021].[SET_FormatConditions] : Methods: 6; Declares: ; Variables: 0; Constants: 0; 
[20:09:03] [CODEPARSER]Methods: 12; Declares: ; Variables: 0; Constants: 0; (Module) [mdl_2026].[RefreshAccessToken_ExitCodes] : Methods: 12; Declares: ; Variables: 0; Constants: 0; 
[20:09:03] [CODEPARSER]Methods: 15; Declares: 1; Variables: 15; Constants: 0; (Form) [frmFX_DDF].[btnSav_Click] : Methods: 15; Declares: 1; Variables: 15; Constants: 0; 
[20:09:03] [CODEPARSER]Methods: 11; Declares: ; Variables: 6; Constants: 0; (Form) [Avacont].[Terminare_Click] : Methods: 11; Declares: ; Variables: 6; Constants: 0; 
[20:09:03] [CODEPARSER]Methods: ; Declares: ; Variables: 0; Constants: 0; (Form) [frmTrace] : Methods: ; Declares: ; Variables: 0; Constants: 0; 
[20:09:03] [CODEPARSER]Methods: 1; Declares: ; Variables: 0; Constants: 0; (Form) [DefaNumerar].[Form_Load] : Methods: 1; Declares: ; Variables: 0; Constants: 0; 
[20:09:03] [CODEPARSER]Methods: 4; Declares: ; Variables: 0; Constants: 0; (Report) [OrdonantarePlataD].[Report_Open] : Methods: 4; Declares: ; Variables: 0; Constants: 0; 
[20:09:03] [CODEPARSER]Methods: 5; Declares: ; Variables: 1; Constants: 0; (Form) [frmEF].[Form_Load] : Methods: 5; Declares: ; Variables: 1; Constants: 0; 
[20:09:03] [CODEPARSER]Methods: 1; Declares: ; Variables: 0; Constants: 0; (Form) [EFACTURA_ADD_FACTURI].[S_Click] : Methods: 1; Declares: ; Variables: 0; Constants: 0; 
[20:09:03] [CODEPARSER]Methods: 10; Declares: ; Variables: 5; Constants: 0; (Module) [clsFirmaInactiva].[StatusInactivi] : Methods: 10; Declares: ; Variables: 5; Constants: 0; 
[20:09:03] [CODEPARSER]Methods: 11; Declares: ; Variables: 0; Constants: 0; (Form) [subCT_EXTRA].[Label5_Click] : Methods: 11; Declares: ; Variables: 0; Constants: 0; 
[20:09:03] [CODEPARSER]Methods: 5; Declares: ; Variables: 0; Constants: 0; (Form) [LuniBlocate].[Luni_Click] : Methods: 5; Declares: ; Variables: 0; Constants: 0; 
[20:09:03] [CODEPARSER]Methods: 10; Declares: ; Variables: 1; Constants: 0; (Module) [LargeNumbers].[test] : Methods: 10; Declares: ; Variables: 1; Constants: 0; 
[20:09:03] [CODEPARSER]Methods: 9; Declares: ; Variables: 3; Constants: 0; (Form) [frmFX_MAIN_DDF].[mcTree_TreeLoaded] : Methods: 9; Declares: ; Variables: 3; Constants: 0; 
[20:09:03] [CODEPARSER]Methods: 7; Declares: ; Variables: 3; Constants: 0; (Form) [FisaCont8_Sal].[mcTree_TreeLoaded] : Methods: 7; Declares: ; Variables: 3; Constants: 0; 
[20:09:03] [CODEPARSER]Methods: 3; Declares: ; Variables: 0; Constants: 0; (Module) [mdl_Dispozitii].[FisaCont_Dispozitii] : Methods: 3; Declares: ; Variables: 0; Constants: 0; 
[20:09:03] [CODEPARSER]Methods: 30; Declares: 1; Variables: 26; Constants: 0; (Module) [clsWORKER].[JsonEscape] : Methods: 30; Declares: 1; Variables: 26; Constants: 0; 
[20:09:03] [CODEPARSER]Methods: 20; Declares: ; Variables: 17; Constants: 0; (Module) [cFrms].[item] : Methods: 20; Declares: ; Variables: 17; Constants: 0; 
[20:09:03] [CODEPARSER]Methods: 17; Declares: 33; Variables: 10; Constants: 8; (Module) [cTrickTimer].[MakeTrue] : Methods: 17; Declares: 33; Variables: 10; Constants: 8; 
[20:09:03] [CODEPARSER]Methods: 11; Declares: ; Variables: 0; Constants: 0; (Module) [mdl_FX_Receptii].[FX_Receptii_H_Mosteneste_IDPL] : Methods: 11; Declares: ; Variables: 0; Constants: 0; 
[20:09:03] [CODEPARSER]Methods: 1; Declares: ; Variables: 0; Constants: 0; (Report) [FisaBugetara4].[Report_Open] : Methods: 1; Declares: ; Variables: 0; Constants: 0; 
[20:09:03] [CODEPARSER]Methods: 2; Declares: ; Variables: 0; Constants: 0; (Form) [Note_Trezo].[BTN_Click] : Methods: 2; Declares: ; Variables: 0; Constants: 0; 
[20:09:03] [CODEPARSER]Methods: 2; Declares: ; Variables: 0; Constants: 0; (Report) [AngajamentFG].[Report_Open] : Methods: 2; Declares: ; Variables: 0; Constants: 0; 
[20:09:03] [CODEPARSER]Methods: 1; Declares: ; Variables: 5; Constants: 0; (Module) [clsRECT].[GetRC] : Methods: 1; Declares: ; Variables: 5; Constants: 0; 
[20:09:03] [CODEPARSER]Methods: 3; Declares: ; Variables: 0; Constants: 0; (Form) [DefaClsfF subform].[ClsfF_BeforeUpdate] : Methods: 3; Declares: ; Variables: 0; Constants: 0; 
[20:09:03] [CODEPARSER]Methods: 3; Declares: ; Variables: 2; Constants: 0; (Report) [Propunere 2016].[Report_Open] : Methods: 3; Declares: ; Variables: 2; Constants: 0; 
[20:09:03] [CODEPARSER]Methods: 3; Declares: ; Variables: 0; Constants: 0; (Form) [DefaTitlu subform].[Titlu_BeforeUpdate] : Methods: 3; Declares: ; Variables: 0; Constants: 0; 
[20:09:03] [CODEPARSER]Methods: 4; Declares: ; Variables: 0; Constants: 2; (Report) [rptOP2_prost].[Report_Load] : Methods: 4; Declares: ; Variables: 0; Constants: 2; 
[20:09:03] [CODEPARSER]Methods: 1; Declares: ; Variables: 1; Constants: 20; (Module) [_SC_Constants].[SC_Dictionary] : Methods: 1; Declares: ; Variables: 1; Constants: 20; 
[20:09:03] [CODEPARSER]Methods: 5; Declares: ; Variables: 0; Constants: 0; (Module) [mdl_Functii2022].[Delete_temp_files] : Methods: 5; Declares: ; Variables: 0; Constants: 0; 
[20:09:03] [CODEPARSER]Methods: 2; Declares: ; Variables: 0; Constants: 0; (Form) [LOG].[QueryToHTMLTable] : Methods: 2; Declares: ; Variables: 0; Constants: 0; 
[20:09:03] [CODEPARSER]Methods: 15; Declares: ; Variables: 4; Constants: 23; (Module) [clsControlData].[GetCurrentRow] : Methods: 15; Declares: ; Variables: 4; Constants: 23; 
[20:09:03] [CODEPARSER]Methods: 7; Declares: ; Variables: 1; Constants: 0; (Form) [OPuri2017_Plati].[Form_Load] : Methods: 7; Declares: ; Variables: 1; Constants: 0; 
[20:09:03] [CODEPARSER]Methods: 12; Declares: 9; Variables: 6; Constants: 9; (Module) [clsFilePicker].[m_OwnerForm_Timer] : Methods: 12; Declares: 9; Variables: 6; Constants: 9; 
[20:09:03] [CODEPARSER]Methods: 87; Declares: 6; Variables: 48; Constants: 33; (Module) [clsTreeView].[FormatValueForTree] : Methods: 87; Declares: 6; Variables: 48; Constants: 33; 
[20:09:03] [CODEPARSER]Methods: 33; Declares: ; Variables: 3; Constants: 7; (Module) [mdl_EFactura].[StringToByteArray] : Methods: 33; Declares: ; Variables: 3; Constants: 7; 
[20:09:03] [CODEPARSER]Methods: ; Declares: ; Variables: 0; Constants: 0; (Module) [mdl_UserForm] : Methods: ; Declares: ; Variables: 0; Constants: 0; 
[20:09:03] [CODEPARSER]Methods: 1; Declares: ; Variables: 0; Constants: 0; (Form) [frmMeter].[Form_Close] : Methods: 1; Declares: ; Variables: 0; Constants: 0; 
[20:09:03] [CODEPARSER]Methods: 2; Declares: ; Variables: 0; Constants: 0; (Report) [2013 Angajament individual MNC].[Report_Open] : Methods: 2; Declares: ; Variables: 0; Constants: 0; 
[20:09:03] [CODEPARSER]Methods: 3; Declares: ; Variables: 0; Constants: 0; (Form) [RectificariV].[Form_BeforeUpdate] : Methods: 3; Declares: ; Variables: 0; Constants: 0; 
[20:09:03] [CODEPARSER]Methods: 4; Declares: ; Variables: 0; Constants: 0; (Report) [FisaContPartener2015].[Report_Open] : Methods: 4; Declares: ; Variables: 0; Constants: 0; 
[20:09:03] [CODEPARSER]Methods: 3; Declares: ; Variables: 0; Constants: 0; (Form) [AddClsf_S1].[S_BeforeUpdate] : Methods: 3; Declares: ; Variables: 0; Constants: 0; 
[20:09:03] [CODEPARSER]Methods: 8; Declares: ; Variables: 0; Constants: 0; (Form) [subCT8030].[Label5_Click] : Methods: 8; Declares: ; Variables: 0; Constants: 0; 
[20:09:03] [CODEPARSER]Methods: 3; Declares: ; Variables: 0; Constants: 0; (Module) [mdl_Launch_ImageViewer].[StringToBase64] : Methods: 3; Declares: ; Variables: 0; Constants: 0; 
[20:09:03] [CODEPARSER]Methods: 3; Declares: ; Variables: 0; Constants: 2; (Report) [rptOP4].[Report_Load] : Methods: 3; Declares: ; Variables: 0; Constants: 2; 
[20:09:03] [CODEPARSER]Methods: 4; Declares: ; Variables: 0; Constants: 0; (Module) [mdl_Export_DAO].[CleanFileName] : Methods: 4; Declares: ; Variables: 0; Constants: 0; 
[20:09:03] [CODEPARSER]Methods: 9; Declares: 5; Variables: 5; Constants: 2; (Module) [mdl_DllPath].[AddBackslash] : Methods: 9; Declares: 5; Variables: 5; Constants: 2; 
[20:09:03] [CODEPARSER]Methods: 6; Declares: ; Variables: 3; Constants: 0; (Form) [EFACTURA_PickIBAN].[Form_Unload] : Methods: 6; Declares: ; Variables: 3; Constants: 0; 
[20:09:03] [CODEPARSER]Methods: 10; Declares: ; Variables: 22; Constants: 1; (Module) [clsRelation].[Class_Terminate] : Methods: 10; Declares: ; Variables: 22; Constants: 1; 
[20:09:03] [CODEPARSER]Methods: 9; Declares: ; Variables: 0; Constants: 1; (Form) [AddClsf].[Salveaza_Click] : Methods: 9; Declares: ; Variables: 0; Constants: 1; 
[20:09:03] [CODEPARSER]Methods: 7; Declares: ; Variables: 0; Constants: 0; (Module) [mdl_CnnTables].[Compact_DB] : Methods: 7; Declares: ; Variables: 0; Constants: 0; 
[20:09:03] [CODEPARSER]Methods: 9; Declares: ; Variables: 16; Constants: 0; (Module) [mdl_MsBox].[Make_IMG] : Methods: 9; Declares: ; Variables: 16; Constants: 0; 
[20:09:03] [CODEPARSER]Methods: ; Declares: ; Variables: 0; Constants: 0; (Form) [Actiuni_sub] : Methods: ; Declares: ; Variables: 0; Constants: 0; 
[20:09:03] [CODEPARSER]Methods: ; Declares: ; Variables: 0; Constants: 0; (Module) [mdl_EnumChildWindows].[EnumChildWindowsCallback] : Methods: ; Declares: ; Variables: 0; Constants: 0; 
[20:09:03] [CODEPARSER]Methods: 2; Declares: ; Variables: 0; Constants: 0; (Report) [FisaContSinteticC].[Report_Open] : Methods: 2; Declares: ; Variables: 0; Constants: 0; 
[20:09:03] [CODEPARSER]Methods: 2; Declares: ; Variables: 0; Constants: 0; (Report) [FC8067_CLSF].[Report_Open] : Methods: 2; Declares: ; Variables: 0; Constants: 0; 
[20:09:03] [CODEPARSER]Methods: 2; Declares: ; Variables: 1; Constants: 0; (Module) [cTimerRouter].[Timer] : Methods: 2; Declares: ; Variables: 1; Constants: 0; 
[20:09:03] [CODEPARSER]Methods: 1; Declares: ; Variables: 0; Constants: 0; (Form) [frmFX_MAIN_DDF_REV_A].[btnS_Click] : Methods: 1; Declares: ; Variables: 0; Constants: 0; 
[20:09:03] [CODEPARSER]Methods: 1; Declares: ; Variables: 0; Constants: 0; (Form) [subFormVBNET].[Form_Load] : Methods: 1; Declares: ; Variables: 0; Constants: 0; 
[20:09:03] [CODEPARSER]Methods: 4; Declares: ; Variables: 0; Constants: 0; (Form) [CheckList].[Form_Resize] : Methods: 4; Declares: ; Variables: 0; Constants: 0; 
[20:09:03] [CODEPARSER]Methods: 5; Declares: ; Variables: 13; Constants: 0; (Module) [cFrm].[RefreshFormRC] : Methods: 5; Declares: ; Variables: 13; Constants: 0; 
[20:09:03] [CODEPARSER]Methods: 3; Declares: ; Variables: 0; Constants: 0; (Form) [ppInputBox].[Nu_Click] : Methods: 3; Declares: ; Variables: 0; Constants: 0; 
[20:09:03] [CODEPARSER]Methods: 2; Declares: 7; Variables: 1; Constants: 4; (Module) [mdl_InputboxPW].[InputBoxDK] : Methods: 2; Declares: 7; Variables: 1; Constants: 4; 
[20:09:03] [CODEPARSER]Methods: 7; Declares: ; Variables: 0; Constants: 0; (Form) [tmpSalariiS0].[Valoare_KeyDown] : Methods: 7; Declares: ; Variables: 0; Constants: 0; 
[20:09:03] [CODEPARSER]Methods: 9; Declares: ; Variables: 0; Constants: 0; (Module) [mdl_FOREXEDB].[ExportDropFields_JSON] : Methods: 9; Declares: ; Variables: 0; Constants: 0; 
[20:09:03] [CODEPARSER]Methods: 19; Declares: ; Variables: 14; Constants: 1; (Module) [clsTable].[Class_Terminate] : Methods: 19; Declares: ; Variables: 14; Constants: 1; 
[20:09:03] [CODEPARSER]Methods: 18; Declares: ; Variables: 2; Constants: 0; (Form) [Contracte].[NrDoc_LostFocus] : Methods: 18; Declares: ; Variables: 2; Constants: 0; 
[20:09:03] [CODEPARSER]Methods: 11; Declares: ; Variables: 0; Constants: 0; (Module) [mdl_FX_ORD_Salvare].[Sterge_ORD] : Methods: 11; Declares: ; Variables: 0; Constants: 0; 
[20:09:04] [CODEPARSER]Methods: ; Declares: ; Variables: 0; Constants: 0; (Module) [mdl_Ordonantare2026] : Methods: ; Declares: ; Variables: 0; Constants: 0; 
[20:09:04] [CODEPARSER]Methods: 2; Declares: ; Variables: 0; Constants: 0; (Module) [mdl_IsProcessRunning].[IsProcessRunning] : Methods: 2; Declares: ; Variables: 0; Constants: 0; 
[20:09:04] [CODEPARSER]Methods: ; Declares: ; Variables: 0; Constants: 0; (Module) [mdl_FTP] : Methods: ; Declares: ; Variables: 0; Constants: 0; 
[20:09:04] [CODEPARSER]Methods: 4; Declares: ; Variables: 2; Constants: 0; (Module) [clsDatePicker_Day].[EndClass] : Methods: 4; Declares: ; Variables: 2; Constants: 0; 
[20:09:04] [CODEPARSER]Methods: 8; Declares: ; Variables: 4; Constants: 0; (Module) [clsRegExp_Match].[subMatches] : Methods: 8; Declares: ; Variables: 4; Constants: 0; 
[20:09:04] [CODEPARSER]Methods: 2; Declares: ; Variables: 0; Constants: 0; (Module) [mdl_Windows_Version].[OS_Isx64] : Methods: 2; Declares: ; Variables: 0; Constants: 0; 
[20:09:04] [CODEPARSER]Methods: 7; Declares: 2; Variables: 1; Constants: 6; (Module) [Module1].[ImportFX_PopupsEditor] : Methods: 7; Declares: 2; Variables: 1; Constants: 6; 
[20:09:04] [CODEPARSER]Methods: 1; Declares: ; Variables: 0; Constants: 0; (Module) [mdl_Ordonantare].[Ordonantare2020] : Methods: 1; Declares: ; Variables: 0; Constants: 0; 
[20:09:04] [CODEPARSER]Methods: 1; Declares: ; Variables: 0; Constants: 0; (Module) [mdl_Propunere].[Propunere2020] : Methods: 1; Declares: ; Variables: 0; Constants: 0; 
[20:09:04] [CODEPARSER]Methods: 3; Declares: ; Variables: 0; Constants: 0; (Module) [mdl_TRECERE_AN].[MakeIn] : Methods: 3; Declares: ; Variables: 0; Constants: 0; 
[20:09:04] [CODEPARSER]Methods: 1; Declares: ; Variables: 0; Constants: 0; (Module) [mdl_FX_ORD].[FX_Adaugare_ORD] : Methods: 1; Declares: ; Variables: 0; Constants: 0; 
[20:09:04] [CODEPARSER]Methods: 7; Declares: 8; Variables: 3; Constants: 1; (Module) [mdl_Timer].[TimerProc] : Methods: 7; Declares: 8; Variables: 3; Constants: 1; 
[20:09:04] [CODEPARSER]Methods: 18; Declares: ; Variables: 17; Constants: 2; (Module) [clsHTTP_Async].[iTimer_TimerProc] : Methods: 18; Declares: ; Variables: 17; Constants: 2; 
[20:09:04] [CODEPARSER]Methods: 1; Declares: ; Variables: 0; Constants: 0; (Module) [mdl_FONT].[pdf417$] : Methods: 1; Declares: ; Variables: 0; Constants: 0; 
[20:09:04] [CODEPARSER]Methods: 4; Declares: ; Variables: 3; Constants: 0; (Module) [clsDatabaseUtilities].[GetTable] : Methods: 4; Declares: ; Variables: 3; Constants: 0; 
[20:09:04] [CODEPARSER]Methods: 67; Declares: ; Variables: 0; Constants: 2; (Module) [mdl_Functii_Generale].[FormatN] : Methods: 67; Declares: ; Variables: 0; Constants: 2; 
[20:09:04] [CODEPARSER]Methods: ; Declares: ; Variables: 5; Constants: 0; (Module) [clsHTTP_Async_Element] : Methods: ; Declares: ; Variables: 5; Constants: 0; 
[20:09:04] [CODEPARSER]Methods: ; Declares: ; Variables: 14; Constants: 0; (Module) [cDirItem] : Methods: ; Declares: ; Variables: 14; Constants: 0; 
[20:09:04] [CODEPARSER]Methods: 2; Declares: ; Variables: 4; Constants: 0; (Module) [clsTraceInfo].[Other] : Methods: 2; Declares: ; Variables: 4; Constants: 0; 
[20:09:04] [CODEPARSER]Methods: 1; Declares: ; Variables: 0; Constants: 4; (Module) [mdl_PixelsToTwips].[Px2Tw] : Methods: 1; Declares: ; Variables: 0; Constants: 4; 
[20:09:04] [CODEPARSER]Methods: ; Declares: ; Variables: 0; Constants: 0; (Module) [cBtns] : Methods: ; Declares: ; Variables: 0; Constants: 0; 
[20:09:04] [CODEPARSER]Methods: 1; Declares: ; Variables: 0; Constants: 0; (Module) [mdl_FX_Angajament].[FX_Adaugare_ANG] : Methods: 1; Declares: ; Variables: 0; Constants: 0; 
[20:09:04] [CODEPARSER]Methods: 2; Declares: 4; Variables: 0; Constants: 0; (Module) [mdl_FileVersion].[GetFileVersionMajor] : Methods: 2; Declares: 4; Variables: 0; Constants: 0; 
[20:09:04] [CODEPARSER]Methods: 7; Declares: ; Variables: 2; Constants: 0; (Module) [clsDatePicker_Anul].[EndClass] : Methods: 7; Declares: ; Variables: 2; Constants: 0; 
[20:09:04] [CODEPARSER]Methods: 2; Declares: ; Variables: 1; Constants: 0; (Module) [mdl_Diacritice].[StripDiacritics] : Methods: 2; Declares: ; Variables: 1; Constants: 0; 
[20:09:04] [CODEPARSER]Methods: 10; Declares: ; Variables: 2; Constants: 2; (Module) [cBtnsMeniu].[MakePopupMenu] : Methods: 10; Declares: ; Variables: 2; Constants: 2; 
[20:09:04] [CODEPARSER]Methods: 12; Declares: ; Variables: 32; Constants: 0; (Module) [mdl_GLOBALS].[init_globals] : Methods: 12; Declares: ; Variables: 32; Constants: 0; 
[20:09:04] [CODEPARSER]Methods: 11; Declares: ; Variables: 21; Constants: 1; (Module) [clsIndex].[Class_Terminate] : Methods: 11; Declares: ; Variables: 21; Constants: 1; 
[20:09:04] [CODEPARSER]Methods: 15; Declares: ; Variables: 0; Constants: 0; (Module) [mdl_Autoexec].[Init_RegexW] : Methods: 15; Declares: ; Variables: 0; Constants: 0; 
[20:09:04] [CODEPARSER]Methods: 7; Declares: 16; Variables: 3; Constants: 69; (Module) [mdl_PositionRelativeToControl].[fGetClassName] : Methods: 7; Declares: 16; Variables: 3; Constants: 69; 
[20:09:04] [CODEPARSER]Methods: 16; Declares: 1; Variables: 0; Constants: 1; (Module) [mdl_Popup2026].[Popup_DataFx_Function] : Methods: 16; Declares: 1; Variables: 0; Constants: 1; 
[20:09:04] [CODEPARSER]Methods: 29; Declares: ; Variables: 7; Constants: 0; (Module) [basRibbonCallbacks].[MakeTreeFromRibbon] : Methods: 29; Declares: ; Variables: 7; Constants: 0; 
[20:09:04] [CODEPARSER]Methods: 1; Declares: ; Variables: 0; Constants: 0; (Module) [mdl_ShellWait].[Shell_Wait] : Methods: 1; Declares: ; Variables: 0; Constants: 0; 
[20:09:04] [CODEPARSER]Methods: ; Declares: ; Variables: 0; Constants: 0; (Module) [cFTP] : Methods: ; Declares: ; Variables: 0; Constants: 0; 
[20:09:04] [CODEPARSER]Methods: 1; Declares: ; Variables: 0; Constants: 2; (Module) [FIRST].[CheckRefs] : Methods: 1; Declares: ; Variables: 0; Constants: 2; 
[20:09:04] [CODEPARSER]Methods: 1; Declares: ; Variables: 0; Constants: 0; (Module) [mdl_RegistruCasa].[calculRC] : Methods: 1; Declares: ; Variables: 0; Constants: 0; 
[20:09:04] [CODEPARSER]Methods: 3; Declares: 2; Variables: 0; Constants: 4; (Module) [mdl_Sendkeys].[VKKeyFromAscii] : Methods: 3; Declares: 2; Variables: 0; Constants: 4; 
[20:09:04] [CODEPARSER]Methods: 9; Declares: ; Variables: 1; Constants: 0; (Module) [mdl_Functii2024].[fnGetClassName] : Methods: 9; Declares: ; Variables: 1; Constants: 0; 
[20:09:04] [CODEPARSER]Methods: 9; Declares: 1; Variables: 0; Constants: 0; (Module) [mdl_URL_Download].[CheckAndDownloadDotNetVersions] : Methods: 9; Declares: 1; Variables: 0; Constants: 0; 
[20:09:04] [CODEPARSER]Methods: 9; Declares: ; Variables: 17; Constants: 0; (Module) [clsAnchorControl].[ReversArray] : Methods: 9; Declares: ; Variables: 17; Constants: 0; 
[20:09:04] [CODEPARSER]Methods: 5; Declares: 9; Variables: 0; Constants: 8; (Module) [mdl_Retea].[PING] : Methods: 5; Declares: 9; Variables: 0; Constants: 8; 
[20:09:04] [CODEPARSER]Methods: 12; Declares: ; Variables: 1; Constants: 1; (Module) [mdl_LargeNumbersOperations].[BigIntToString] : Methods: 12; Declares: ; Variables: 1; Constants: 1; 
[20:09:04] [CODEPARSER]Methods: 3; Declares: ; Variables: 0; Constants: 7; (Module) [tmp_CreateForm].[GetFormCode] : Methods: 3; Declares: ; Variables: 0; Constants: 7; 
[20:09:04] [CODEPARSER]Methods: 15; Declares: 8; Variables: 7; Constants: 1; (Module) [clsZipManager].[CreateRecursiveFolder] : Methods: 15; Declares: 8; Variables: 7; Constants: 1; 
[20:09:04] [CODEPARSER]Methods: 22; Declares: 2; Variables: 12; Constants: 0; (Module) [clsTrace].[Class_Terminate] : Methods: 22; Declares: 2; Variables: 12; Constants: 0; 
[20:09:04] [CODEPARSER]Methods: 14; Declares: ; Variables: 0; Constants: 0; (Module) [mdl_FX_DDF_Salvare].[Patch_DDF] : Methods: 14; Declares: ; Variables: 0; Constants: 0; 
[20:09:04] [CODEPARSER]Methods: 8; Declares: ; Variables: 0; Constants: 0; (Module) [mdl_Salvare_NoteContabile].[SaveBurse] : Methods: 8; Declares: ; Variables: 0; Constants: 0; 
[20:09:04] [CODEPARSER]Methods: ; Declares: ; Variables: 0; Constants: 0; (Module) [basRibbonGlobals] : Methods: ; Declares: ; Variables: 0; Constants: 0; 
[20:09:04] [CODEPARSER]Methods: ; Declares: ; Variables: 9; Constants: 0; (Module) [clsCert] : Methods: ; Declares: ; Variables: 9; Constants: 0; 
[20:09:04] [CODEPARSER]Methods: 1; Declares: ; Variables: 0; Constants: 0; (Module) [mdl_VerificaCF].[VER_CF] : Methods: 1; Declares: ; Variables: 0; Constants: 0; 
[20:09:04] [CODEPARSER]Methods: 1; Declares: ; Variables: 0; Constants: 0; (Module) [mdl_FontCodBare].[InstallPDF417] : Methods: 1; Declares: ; Variables: 0; Constants: 0; 
[20:09:04] [CODEPARSER]Methods: 3; Declares: ; Variables: 0; Constants: 15; (Module) [mdl_WasShiftPressed].[IsAltKeyDown] : Methods: 3; Declares: ; Variables: 0; Constants: 15; 
[20:09:04] [CODEPARSER]Methods: 4; Declares: ; Variables: 2; Constants: 0; (Module) [clsDatePicker_Luna].[EndClass] : Methods: 4; Declares: ; Variables: 2; Constants: 0; 
[20:09:04] [CODEPARSER]Methods: 1; Declares: ; Variables: 2; Constants: 8; (Module) [Inchide fereastra].[EnumCallback] : Methods: 1; Declares: ; Variables: 2; Constants: 8; 
[20:09:04] [CODEPARSER]Methods: 7; Declares: ; Variables: 2; Constants: 0; (Module) [clsDatabaseErrors].[Class_Terminate] : Methods: 7; Declares: ; Variables: 2; Constants: 0; 
[20:09:04] [CODEPARSER]Methods: 6; Declares: ; Variables: 1; Constants: 3; (Module) [cSalariiBtns].[Class_Terminate] : Methods: 6; Declares: ; Variables: 1; Constants: 3; 
[20:09:04] [CODEPARSER]Methods: 3; Declares: ; Variables: 3; Constants: 0; (Module) [mdl_Burse].[ReplaceUTF8] : Methods: 3; Declares: ; Variables: 3; Constants: 0; 
[20:09:04] [CODEPARSER]Methods: 2; Declares: ; Variables: 0; Constants: 0; (Module) [mdl_2022].[sExportExternal] : Methods: 2; Declares: ; Variables: 0; Constants: 0; 
[20:09:04] [CODEPARSER]Methods: 13; Declares: ; Variables: 0; Constants: 4; (Module) [BStorage].[VEncryptBinary] : Methods: 13; Declares: ; Variables: 0; Constants: 4; 
[20:09:04] [CODEPARSER]Methods: ; Declares: ; Variables: 0; Constants: 162; (Module) [API_VALUES] : Methods: ; Declares: ; Variables: 0; Constants: 162; 
[20:09:04] [CODEPARSER]Methods: 95; Declares: 1; Variables: 5; Constants: 1; (Module) [mdl_Popup2022].[ShellToFile] : Methods: 95; Declares: 1; Variables: 5; Constants: 1; 
[20:09:04] [CODEPARSER]Methods: 32; Declares: 28; Variables: 0; Constants: 28; (Module) [BCrypt].[TextBase64] : Methods: 32; Declares: 28; Variables: 0; Constants: 28; 
[20:09:04] [CODEPARSER]Methods: 53; Declares: ; Variables: 29; Constants: 1; (Module) [clsDatabase].[NewEnum] : Methods: 53; Declares: ; Variables: 29; Constants: 1; 
[20:09:04] [CODEPARSER]Methods: 5; Declares: ; Variables: 12; Constants: 0; (Module) [clsUnitate].[NewEnum] : Methods: 5; Declares: ; Variables: 12; Constants: 0; 
[20:09:04] [CODEPARSER]Methods: 2; Declares: ; Variables: 7; Constants: 0; (Module) [clsDatabaseError].[JsonEscape] : Methods: 2; Declares: ; Variables: 7; Constants: 0; 
[20:09:04] [CODEPARSER]Methods: 1; Declares: ; Variables: 0; Constants: 0; (Module) [msl_Export_TSV].[Export_RegistruJurnal_TSV] : Methods: 1; Declares: ; Variables: 0; Constants: 0; 
[20:09:04] [CODEPARSER]Methods: 20; Declares: ; Variables: 10; Constants: 0; (Module) [clsFirmaSF].[DcodPostal] : Methods: 20; Declares: ; Variables: 10; Constants: 0; 
[20:09:04] [CODEPARSER]Methods: 7; Declares: 5; Variables: 0; Constants: 14; (Module) [mdl_MouseCursor].[Restore_Cursor] : Methods: 7; Declares: 5; Variables: 0; Constants: 14; 
[20:09:04] [CODEPARSER]Methods: 12; Declares: ; Variables: 5; Constants: 0; (Module) [clsReg_Section].[AddKVP] : Methods: 12; Declares: ; Variables: 5; Constants: 0; 
[20:09:04] [CODEPARSER]Methods: 38; Declares: ; Variables: 19; Constants: 0; (Module) [clsFirmaDG].[DataInregRegROeFactura] : Methods: 38; Declares: ; Variables: 19; Constants: 0; 
[20:09:04] [CODEPARSER]Methods: 5; Declares: 11; Variables: 0; Constants: 0; (Module) [mdl_Clipboard].[Clipboard] : Methods: 5; Declares: 11; Variables: 0; Constants: 0; 
[20:09:04] [CODEPARSER]Methods: 4; Declares: ; Variables: 0; Constants: 0; (Module) [mdl_HTML].[ConvertHexToLong] : Methods: 4; Declares: ; Variables: 0; Constants: 0; 
[20:09:04] [CODEPARSER]Methods: 7; Declares: 13; Variables: 3; Constants: 2; (Module) [clsADLOPER].[Class_Terminate] : Methods: 7; Declares: 13; Variables: 3; Constants: 2; 
[20:09:04] [CODEPARSER]Methods: 3; Declares: ; Variables: 0; Constants: 0; (Module) [mdl_Fise_Bugetare].[CalculeazaBuget2020] : Methods: 3; Declares: ; Variables: 0; Constants: 0; 
[20:09:04] [CODEPARSER]Methods: 13; Declares: ; Variables: 12; Constants: 8; (Module) [clsMeter].[EndClass] : Methods: 13; Declares: ; Variables: 12; Constants: 8; 
[20:09:04] [CODEPARSER]Methods: 9; Declares: ; Variables: 0; Constants: 0; (Module) [mdl_FX_PopulareTree].[Angajament_Iconita_Dreapta] : Methods: 9; Declares: ; Variables: 0; Constants: 0; 
[20:09:04] [CODEPARSER]Methods: 11; Declares: ; Variables: 0; Constants: 0; (Module) [mdl_FX_Extrase].[ParseContMiscNodeToDict] : Methods: 11; Declares: ; Variables: 0; Constants: 0; 
[20:09:05] [CODEPARSER]Methods: ; Declares: 137; Variables: 0; Constants: 0; (Module) [API_Functions] : Methods: ; Declares: 137; Variables: 0; Constants: 0; 
[20:09:05] [CODEPARSER]Methods: 50; Declares: ; Variables: 2; Constants: 1; (Module) [mdl_Popup].[PP_Sort_Part] : Methods: 50; Declares: ; Variables: 2; Constants: 1; 
[20:09:05] [CODEPARSER]Methods: ; Declares: ; Variables: 7; Constants: 0; (Module) [clsQuery] : Methods: ; Declares: ; Variables: 7; Constants: 0; 
[20:09:05] [CODEPARSER]Methods: 1; Declares: ; Variables: 0; Constants: 0; (Module) [mdl_LoggedUsers].[fOSUserName] : Methods: 1; Declares: ; Variables: 0; Constants: 0; 
[20:09:05] [CODEPARSER]Methods: 2; Declares: ; Variables: 0; Constants: 1; (Module) [mdl_GetWindowHandle].[GetWinHandle] : Methods: 2; Declares: ; Variables: 0; Constants: 1; 
[20:09:05] [CODEPARSER]Methods: 1; Declares: ; Variables: 0; Constants: 0; (Module) [mdl_Wait].[WaitSeconds] : Methods: 1; Declares: ; Variables: 0; Constants: 0; 
[20:09:05] [CODEPARSER]Methods: 1; Declares: ; Variables: 0; Constants: 0; (Module) [iTimer].[TimerProc] : Methods: 1; Declares: ; Variables: 0; Constants: 0; 
[20:09:05] [CODEPARSER]Methods: 3; Declares: 2; Variables: 2; Constants: 3; (Module) [mdl_HookAccess].[Access_WindowProc] : Methods: 3; Declares: 2; Variables: 2; Constants: 3; 
[20:09:05] [CODEPARSER]Methods: 1; Declares: ; Variables: 0; Constants: 0; (Module) [mdl_Anexa7].[CalculeazaAnexa7] : Methods: 1; Declares: ; Variables: 0; Constants: 0; 
[20:09:05] [CODEPARSER]Methods: 2; Declares: 4; Variables: 0; Constants: 1; (Module) [mdl_ADLOPER].[StaticCallback] : Methods: 2; Declares: 4; Variables: 0; Constants: 1; 
[20:09:05] [CODEPARSER]Methods: 9; Declares: ; Variables: 12; Constants: 0; (Module) [clsSplitter].[ResizePanels] : Methods: 9; Declares: ; Variables: 12; Constants: 0; 
[20:09:05] [CODEPARSER]Methods: 5; Declares: ; Variables: 0; Constants: 0; (Module) [mdl_FX_Tasks_Receive_UPL].[Angajament_Incarcat_Prelucrare_Initiala] : Methods: 5; Declares: ; Variables: 0; Constants: 0; 
[20:09:05] [CODEPARSER]Methods: 10; Declares: ; Variables: 4; Constants: 0; (Module) [mdl_DebugPrint].[SalveazaActiune] : Methods: 10; Declares: ; Variables: 4; Constants: 0; 
[20:09:05] [CODEPARSER]Methods: 10; Declares: ; Variables: 0; Constants: 2; (Module) [mdl_Siguranta].[LatestFile] : Methods: 10; Declares: ; Variables: 0; Constants: 2; 
[20:09:05] [CODEPARSER]Methods: 10; Declares: ; Variables: 0; Constants: 0; (Module) [mdl_Export_MD].[FieldTypeName] : Methods: 10; Declares: ; Variables: 0; Constants: 0; 
[20:09:05] [CODEPARSER]Methods: 9; Declares: ; Variables: 0; Constants: 5; (Module) [mdl_CheckTVW].[BrowseToFile] : Methods: 9; Declares: ; Variables: 0; Constants: 5; 
[20:09:05] [CODEPARSER]Methods: 2; Declares: ; Variables: 0; Constants: 0; (Module) [mdl_FX_DDF].[FX_Modificare_DDF] : Methods: 2; Declares: ; Variables: 0; Constants: 0; 
[20:09:05] [CODEPARSER]Methods: 34; Declares: ; Variables: 2; Constants: 1; (Module) [mdl_FX_Helpers].[MonthNameToNumber] : Methods: 34; Declares: ; Variables: 2; Constants: 1; 
[20:09:05] [CODEPARSER]Methods: ; Declares: ; Variables: 0; Constants: 0; (Module) [mdl_Zip_Unzip] : Methods: ; Declares: ; Variables: 0; Constants: 0; 
[20:09:05] [CODEPARSER]Methods: 1; Declares: ; Variables: 0; Constants: 0; (Module) [mdl_Angajamente].[Angajamente2025] : Methods: 1; Declares: ; Variables: 0; Constants: 0; 
[20:09:05] [CODEPARSER]Methods: 12; Declares: ; Variables: 6; Constants: 0; (Module) [clsFirmaTVAI].[StatusTvaIncasare] : Methods: 12; Declares: ; Variables: 6; Constants: 0; 
[20:09:05] [CODEPARSER]Methods: 1; Declares: 2; Variables: 0; Constants: 0; (Module) [mdl_TimeFunction].[Milli] : Methods: 1; Declares: 2; Variables: 0; Constants: 0; 
[20:09:05] [CODEPARSER]Methods: 3; Declares: ; Variables: 0; Constants: 0; (Module) [basRibbonState].[MinimizeRibbon] : Methods: 3; Declares: ; Variables: 0; Constants: 0; 
[20:09:05] [CODEPARSER]Methods: 3; Declares: ; Variables: 0; Constants: 0; (Module) [mdl_VerificaCNP].[ExplCNP] : Methods: 3; Declares: ; Variables: 0; Constants: 0; 
[20:09:05] [CODEPARSER]Methods: 5; Declares: ; Variables: 1; Constants: 0; (Module) [clsFirme].[NewEnum] : Methods: 5; Declares: ; Variables: 1; Constants: 0; 
[20:09:05] [CODEPARSER]Methods: 9; Declares: ; Variables: 1; Constants: 0; (Module) [clsUnitati].[NewEnum] : Methods: 9; Declares: ; Variables: 1; Constants: 0; 
[20:09:05] [CODEPARSER]Methods: 20; Declares: ; Variables: 10; Constants: 0; (Module) [clsFirmaSS].[ScodPostal] : Methods: 20; Declares: ; Variables: 10; Constants: 0; 
[20:09:05] [CODEPARSER]Methods: 20; Declares: ; Variables: 9; Constants: 0; (Module) [clsEF_element].[item] : Methods: 20; Declares: ; Variables: 9; Constants: 0; 
[20:09:05] [CODEPARSER]Methods: 10; Declares: ; Variables: 0; Constants: 0; (Module) [mdl_MariaDB_Sync].[TransferaParteneri] : Methods: 10; Declares: ; Variables: 0; Constants: 0; 
[20:09:05] [CODEPARSER]Methods: 21; Declares: 2; Variables: 24; Constants: 1; (Module) [clsTreeNode].[NodesClear] : Methods: 21; Declares: 2; Variables: 24; Constants: 1; 
[20:09:05] [CODEPARSER]Methods: 12; Declares: ; Variables: 9; Constants: 0; (Module) [mdl_FX_Tasks_Receive_DWN].[Reset_Are] : Methods: 12; Declares: ; Variables: 9; Constants: 0; 
[20:09:05] [CODEPARSER]Methods: 13; Declares: ; Variables: 0; Constants: 0; (Module) [mdl_2025].[ParseUnitatiOPuri] : Methods: 13; Declares: ; Variables: 0; Constants: 0; 
[20:09:05] [CODEPARSER]Methods: 38; Declares: 14; Variables: 15; Constants: 1; (Module) [clsRegExp].[RemoveQuotes] : Methods: 38; Declares: 14; Variables: 15; Constants: 1; 
[20:09:05] [CODEPARSER]Methods: 19; Declares: 108; Variables: 9; Constants: 50; (Module) [cls_DraggableControl].[CreateAndResizeBitmap] : Methods: 19; Declares: 108; Variables: 9; Constants: 50; 
[20:09:05] [CODEPARSER]Methods: ; Declares: ; Variables: 2; Constants: 0; (Module) [clsJobTaskVar] : Methods: ; Declares: ; Variables: 2; Constants: 0; 
[20:09:05] [CODEPARSER]Methods: ; Declares: ; Variables: 2; Constants: 0; (Module) [clsReg_KVP] : Methods: ; Declares: ; Variables: 2; Constants: 0; 
[20:09:05] [CODEPARSER]Methods: 2; Declares: ; Variables: 0; Constants: 9; (Module) [mdl_ColorPicker].[xg_ChooseColor] : Methods: 2; Declares: ; Variables: 0; Constants: 9; 
[20:09:05] [CODEPARSER]Methods: 17; Declares: ; Variables: 0; Constants: 0; (Module) [clsPipeEnums].[LOG_SAVED] : Methods: 17; Declares: ; Variables: 0; Constants: 0; 
[20:09:05] [CODEPARSER]Methods: 2; Declares: ; Variables: 0; Constants: 0; (Module) [mdl_Registru].[DeleteKeyRecursively] : Methods: 2; Declares: ; Variables: 0; Constants: 0; 
[20:09:05] [CODEPARSER]Methods: 2; Declares: ; Variables: 0; Constants: 0; (Module) [mdl_FX_Rezervari].[FX_Rezervari_Asocieaza_IDREV] : Methods: 2; Declares: ; Variables: 0; Constants: 0; 
[20:09:05] [CODEPARSER]Methods: 12; Declares: ; Variables: 3; Constants: 0; (Module) [clsReg].[AddKVP] : Methods: 12; Declares: ; Variables: 3; Constants: 0; 
[20:09:05] [CODEPARSER]Methods: 1; Declares: 4; Variables: 0; Constants: 10; (Module) [mdl_ExecWait].[ExecWait] : Methods: 1; Declares: 4; Variables: 0; Constants: 10; 
[20:09:05] [CODEPARSER]Methods: 3; Declares: 8; Variables: 9; Constants: 7; (Module) [mdl_Messagebox_hook].[MsgBoxHook] : Methods: 3; Declares: 8; Variables: 9; Constants: 7; 
[20:09:05] [CODEPARSER]Methods: 5; Declares: 6; Variables: 5; Constants: 5; (Module) [mdl_MouseScroll_Treeview].[iMin] : Methods: 5; Declares: 6; Variables: 5; Constants: 5; 
[20:09:05] [CODEPARSER]Methods: 3; Declares: ; Variables: 0; Constants: 0; (Module) [mdl_FX_Plati].[FX_Plati_Asociaza_IDRD] : Methods: 3; Declares: ; Variables: 0; Constants: 0; 
[20:09:05] [CODEPARSER]Methods: 5; Declares: ; Variables: 0; Constants: 0; (Module) [mdl_FX_Istoric].[CalculeazaValRezervareDif] : Methods: 5; Declares: ; Variables: 0; Constants: 0; 
[20:09:05] [CODEPARSER]Methods: 7; Declares: ; Variables: 1; Constants: 0; (Module) [mdl_Import_EDUSAL].[ParseAmountCSV] : Methods: 7; Declares: ; Variables: 1; Constants: 0; 
[20:09:05] [CODEPARSER]Methods: 11; Declares: ; Variables: 0; Constants: 0; (Module) [mdl_FX_ORD_Salvare_Local].[Save_FX_ORD_DOC_Update] : Methods: 11; Declares: ; Variables: 0; Constants: 0; 
[20:09:05] [CODEPARSER]Methods: 14; Declares: ; Variables: 0; Constants: 0; (Module) [mdl_FX_DDF_Salvare_Local].[Save_FX_DDF_REV_ATT_Update] : Methods: 14; Declares: ; Variables: 0; Constants: 0; 
[20:09:05] [CODEPARSER]Methods: 24; Declares: 14; Variables: 1; Constants: 0; (Module) [mdl_JSON].[utc_SystemTimeToDate] : Methods: 24; Declares: 14; Variables: 1; Constants: 0; 
[20:09:05] [CODEPARSER]Methods: 2; Declares: 2; Variables: 0; Constants: 4; (Module) [mdl_Pointer].[GetObjectFromPointer] : Methods: 2; Declares: 2; Variables: 0; Constants: 4; 
[20:09:05] [CODEPARSER]Methods: 2; Declares: ; Variables: 0; Constants: 1; (Module) [mdl_Borderless].[ResizeForm] : Methods: 2; Declares: ; Variables: 0; Constants: 1; 
[20:09:05] [CODEPARSER]Methods: 13; Declares: 5; Variables: 2; Constants: 2; (Module) [clFormWindow].[Parent] : Methods: 13; Declares: 5; Variables: 2; Constants: 2; 
[20:09:05] [CODEPARSER]Methods: 3; Declares: 2; Variables: 0; Constants: 10; (Module) [mdl_StdPicture].[ByteArrayToPicture] : Methods: 3; Declares: 2; Variables: 0; Constants: 10; 
[20:09:05] [CODEPARSER]Methods: ; Declares: ; Variables: 13; Constants: 1; (Module) [clsField].[Class_Terminate] : Methods: ; Declares: ; Variables: 13; Constants: 1; 
[20:09:05] [CODEPARSER]Methods: 12; Declares: ; Variables: 1; Constants: 2; (Module) [mdl_FX_DDF_PDF].[EscapeJSON] : Methods: 12; Declares: ; Variables: 1; Constants: 2; 
[20:09:05] [CODEPARSER]Methods: 33; Declares: 15; Variables: 35; Constants: 26; (Module) [clsDatePicker].[getBaseForm] : Methods: 33; Declares: 15; Variables: 35; Constants: 26; 
[20:09:05] [CODEPARSER]Methods: 5; Declares: ; Variables: 10; Constants: 0; (Module) [clsFirma].[Class_Initialize] : Methods: 5; Declares: ; Variables: 10; Constants: 0; 
[20:09:05] [CODEPARSER]Methods: 7; Declares: ; Variables: 1; Constants: 9; (Module) [cDirList].[LatestItem_Name] : Methods: 7; Declares: ; Variables: 1; Constants: 9; 
[20:09:05] [CODEPARSER]Methods: 11; Declares: ; Variables: 9; Constants: 6; (Module) [clsAnaf_Async].[cHTTP_HttpTimeOut] : Methods: 11; Declares: ; Variables: 9; Constants: 6; 
[20:09:05] [CODEPARSER]Methods: 22; Declares: ; Variables: 2; Constants: 0; (Module) [clsWorkflows].[Class_Terminate] : Methods: 22; Declares: ; Variables: 2; Constants: 0; 
[20:09:05] [CODEPARSER]Methods: 4; Declares: ; Variables: 2; Constants: 0; (Module) [clsFirmaTVA].[PerioadeTVA] : Methods: 4; Declares: ; Variables: 2; Constants: 0; 
[20:09:05] [CODEPARSER]Methods: 1; Declares: ; Variables: 0; Constants: 0; (Module) [mdl_RUNONCE].[RUNONCE] : Methods: 1; Declares: ; Variables: 0; Constants: 0; 
[20:09:05] [CODEPARSER]Methods: 3; Declares: ; Variables: 2; Constants: 0; (Module) [cButton].[Btn_MouseUp] : Methods: 3; Declares: ; Variables: 2; Constants: 0; 
[20:09:05] [CODEPARSER]Methods: 12; Declares: ; Variables: 0; Constants: 4; (Module) [mdl_Python].[Sync_Clasificatii_Server] : Methods: 12; Declares: ; Variables: 0; Constants: 4; 
[20:09:05] [CODEPARSER]Methods: 5; Declares: ; Variables: 0; Constants: 0; (Module) [mdl_FX_ORD_PDF].[AdaugaSubnod_ORD] : Methods: 5; Declares: ; Variables: 0; Constants: 0; 
[20:09:05] [CODEPARSER]Methods: ; Declares: ; Variables: 5; Constants: 0; (Module) [clsError] : Methods: ; Declares: ; Variables: 5; Constants: 0; 
[20:09:05] [CODEPARSER]Methods: 7; Declares: ; Variables: 16; Constants: 0; (Module) [clsTraceItem].[CloseChildrenRecursive] : Methods: 7; Declares: ; Variables: 16; Constants: 0; 
[20:09:05] [CODEPARSER]Methods: 6; Declares: ; Variables: 2; Constants: 1; (Module) [cButtons].[Class_Terminate] : Methods: 6; Declares: ; Variables: 2; Constants: 1; 
[20:09:06] [CODEPARSER]Methods: 3; Declares: ; Variables: 0; Constants: 0; (Module) [clsTreeView_Icons].[LeafNode] : Methods: 3; Declares: ; Variables: 0; Constants: 0; 
[20:09:06] [CODEPARSER]Methods: 6; Declares: ; Variables: 0; Constants: 0; (Module) [mdl_NumberWordsRO].[SumaLit] : Methods: 6; Declares: ; Variables: 0; Constants: 0; 
[20:09:06] [CODEPARSER]Methods: 6; Declares: 5; Variables: 0; Constants: 19; (Module) [mdl_ScrollBars].[GetScrollVWidth] : Methods: 6; Declares: 5; Variables: 0; Constants: 19; 
[20:09:06] [CODEPARSER]Methods: 4; Declares: ; Variables: 0; Constants: 0; (Module) [mdl_Rapoarte].[CalculFC] : Methods: 4; Declares: ; Variables: 0; Constants: 0; 
[20:09:06] [CODEPARSER]Methods: 37; Declares: ; Variables: 0; Constants: 5; (Module) [mdl_Functii2023].[CompactAndRepair_BZ] : Methods: 37; Declares: ; Variables: 0; Constants: 5; 
[20:09:06] [CODEPARSER]Methods: 7; Declares: ; Variables: 3; Constants: 0; (Module) [cBtn].[EndClass] : Methods: 7; Declares: ; Variables: 3; Constants: 0; 
[20:09:06] [CODEPARSER]Methods: 8; Declares: ; Variables: 1; Constants: 0; (Module) [mdl_Popup_2].[ShellToFile] : Methods: 8; Declares: ; Variables: 1; Constants: 0; 
[20:09:06] [CODEPARSER]Methods: 37; Declares: 7; Variables: 29; Constants: 16; (Module) [clsAnchorManager].[mForm_Unload] : Methods: 37; Declares: 7; Variables: 29; Constants: 16; 
[20:09:06] [TOKENIZER]Tokenizing module: Jurnale_Registru (Report)(Report) [Jurnale_Registru] : Tokenizing module: Jurnale_Registru (Report)
[20:09:06] [TOKENIZER]Tokenizing module: FisaCont_sub_bal (Form)(Form) [FisaCont_sub_bal] : Tokenizing module: FisaCont_sub_bal (Form)
[20:09:06] [TOKENIZER]Tokenizing module: Meniu (Form)(Form) [Meniu] : Tokenizing module: Meniu (Form)
[20:09:06] [TOKENIZER]Tokenizing module: frmFX_ORD_PRTSCR (Form)(Form) [frmFX_ORD_PRTSCR] : Tokenizing module: frmFX_ORD_PRTSCR (Form)
[20:09:06] [TOKENIZER]Tokenizing module: frmDatePicker (Form)(Form) [frmDatePicker] : Tokenizing module: frmDatePicker (Form)
[20:09:06] [TOKENIZER]Tokenizing module: 2020 Angajament individual (Report)(Report) [2020 Angajament individual] : Tokenizing module: 2020 Angajament individual (Report)
[20:09:06] [TOKENIZER]Tokenizing module: RegistruInventar (Report)(Report) [RegistruInventar] : Tokenizing module: RegistruInventar (Report)
[20:09:06] [TOKENIZER]Tokenizing module: frmFX_MAIN_Sumar (Form)(Form) [frmFX_MAIN_Sumar] : Tokenizing module: frmFX_MAIN_Sumar (Form)
[20:09:06] [TOKENIZER]Tokenizing module: AngajamentFG_Burse (Report)(Report) [AngajamentFG_Burse] : Tokenizing module: AngajamentFG_Burse (Report)
[20:09:06] [TOKENIZER]Tokenizing module: Salarii2026_VA (Form)(Form) [Salarii2026_VA] : Tokenizing module: Salarii2026_VA (Form)
[20:09:06] [TOKENIZER]Tokenizing module: DefaSalariiPN (Form)(Form) [DefaSalariiPN] : Tokenizing module: DefaSalariiPN (Form)
[20:09:06] [TOKENIZER]Tokenizing module: Fise_Dispozitii (Report)(Report) [Fise_Dispozitii] : Tokenizing module: Fise_Dispozitii (Report)
[20:09:06] [TOKENIZER]Tokenizing module: DocFundSalarii_Salarii_Select (Form)(Form) [DocFundSalarii_Salarii_Select] : Tokenizing module: DocFundSalarii_Salarii_Select (Form)
[20:09:06] [TOKENIZER]Tokenizing module: Cont8067 (Form)(Form) [Cont8067] : Tokenizing module: Cont8067 (Form)
[20:09:06] [TOKENIZER]Tokenizing module: Form1 (Form)(Form) [Form1] : Tokenizing module: Form1 (Form)
[20:09:06] [TOKENIZER]Tokenizing module: NotaContabilaNC (Report)(Report) [NotaContabilaNC] : Tokenizing module: NotaContabilaNC (Report)
[20:09:12] [TOKENIZER]Tokenizing module: frmFX_MAIN_Plati (Form)(Form) [frmFX_MAIN_Plati].[Report_NoData] : Tokenizing module: frmFX_MAIN_Plati (Form)
[20:09:12] [TOKENIZER]Tokenizing module: FC8067 (Report)(Report) [FC8067].[btnS_Click] : Tokenizing module: FC8067 (Report)
[20:09:12] [TOKENIZER]Tokenizing module: Wait (Form)(Form) [Wait].[Report_Activate] : Tokenizing module: Wait (Form)
[20:09:12] [TOKENIZER]Tokenizing module: Balanta_2021_TG (Report)(Report) [Balanta_2021_TG].[Form_Load] : Tokenizing module: Balanta_2021_TG (Report)
[20:09:12] [TOKENIZER]Tokenizing module: rptOP3 (Report)(Report) [rptOP3].[btnInfoJob_Click] : Tokenizing module: rptOP3 (Report)
[20:09:12] [TOKENIZER]Tokenizing module: AddUnit2022 (Form)(Form) [AddUnit2022].[Report_Close] : Tokenizing module: AddUnit2022 (Form)
[20:09:12] [TOKENIZER]Tokenizing module: AddUnit2022S (Form)(Form) [AddUnit2022S].[Detail_Print] : Tokenizing module: AddUnit2022S (Form)
[20:09:12] [TOKENIZER]Tokenizing module: 2025 Angajament individual (Report)(Report) [2025 Angajament individual].[BTN_Click] : Tokenizing module: 2025 Angajament individual (Report)
[20:09:12] [TOKENIZER]Tokenizing module: tmp_CSAV_Sal_nou (Form)(Form) [tmp_CSAV_Sal_nou] : Tokenizing module: tmp_CSAV_Sal_nou (Form)
[20:09:12] [TOKENIZER]Tokenizing module: MF_PDF_EF (Form)(Form) [MF_PDF_EF] : Tokenizing module: MF_PDF_EF (Form)
[20:09:12] [TOKENIZER]Tokenizing module: frmFX_MAIN_PLATI_LISTA (Form)(Form) [frmFX_MAIN_PLATI_LISTA].[Detail_Print] : Tokenizing module: frmFX_MAIN_PLATI_LISTA (Form)
[20:09:12] [TOKENIZER]Tokenizing module: Disp2020_S (Form)(Form) [Disp2020_S].[LunaAn_GotFocus] : Tokenizing module: Disp2020_S (Form)
[20:09:12] [TOKENIZER]Tokenizing module: AdaugaTabelInTBLS_Field (Form)(Form) [AdaugaTabelInTBLS_Field] : Tokenizing module: AdaugaTabelInTBLS_Field (Form)
[20:09:12] [TOKENIZER]Tokenizing module: frmCollectionViewer (Form)(Form) [frmCollectionViewer].[Opt_Click] : Tokenizing module: frmCollectionViewer (Form)
[20:09:12] [TOKENIZER]Tokenizing module: Note_FactAsoc (Form)(Form) [Note_FactAsoc].[Valoare_KeyDown] : Tokenizing module: Note_FactAsoc (Form)
[20:09:12] [TOKENIZER]Tokenizing module: frmDatePicker_Luna (Form)(Form) [frmDatePicker_Luna].[Form_AfterUpdate] : Tokenizing module: frmDatePicker_Luna (Form)
[20:09:12] [TOKENIZER]Tokenizing module: FisaBugetara4 TOTAL (Report)(Report) [FisaBugetara4 TOTAL].[PositionLeftMenuElements] : Tokenizing module: FisaBugetara4 TOTAL (Report)
[20:09:12] [TOKENIZER]Tokenizing module: ClasificatiiBugetare_Buget (Form)(Form) [ClasificatiiBugetare_Buget].[Report_Close] : Tokenizing module: ClasificatiiBugetare_Buget (Form)
[20:09:12] [TOKENIZER]Tokenizing module: EFACTURA_ADD_SUB (Form)(Form) [EFACTURA_ADD_SUB].[Form_Close] : Tokenizing module: EFACTURA_ADD_SUB (Form)
[2026-04-15 20:09:12] ❌ PrepareWorkingLines: NullReferenceException - Object reference not set to an instance of an object.
   at PrepareWorkingLines (modTokenization.vb:177)
[20:09:12] [TOKENIZER]Tokenizing module: Factura (Report)(Report) [Factura].[btnS_Click] : Tokenizing module: Factura (Report)
[20:09:12] [TOKENIZER]Tokenizing module: PropunereFG (Report)(Report) [PropunereFG].[GroupFooter5_Format] : Tokenizing module: PropunereFG (Report)
[20:09:12] [TOKENIZER]Tokenizing module: TV01 (Form)(Form) [TV01].[Report_Close] : Tokenizing module: TV01 (Form)
[20:09:12] [TOKENIZER]Tokenizing module: CT_EXTRA (Form)(Form) [CT_EXTRA].[Form_Load] : Tokenizing module: CT_EXTRA (Form)
[20:09:12] [TOKENIZER]Tokenizing module: Disp2020 (Form)(Form) [Disp2020].[Form_Load] : Tokenizing module: Disp2020 (Form)
[20:09:12] [TOKENIZER]Tokenizing module: SQL_8XXX (Form)(Form) [SQL_8XXX].[Column_Type_AfterUpdate] : Tokenizing module: SQL_8XXX (Form)
[20:09:12] [TOKENIZER]Tokenizing module: FisaBugetara3 (Report)(Report) [FisaBugetara3].[ReportFooter_Print] : Tokenizing module: FisaBugetara3 (Report)
[20:09:12] [TOKENIZER]Tokenizing module: LA_STAT (Form)(Form) [LA_STAT].[Bck_Enter] : Tokenizing module: LA_STAT (Form)
[20:09:12] [TOKENIZER]Tokenizing module: _frm_dialog_Available_Connections (Form)(Form) [_frm_dialog_Available_Connections].[GroupFooter1_Print] : Tokenizing module: _frm_dialog_Available_Connections (Form)
[20:09:12] [TOKENIZER]Tokenizing module: FisaBugetara1 (Report)(Report) [FisaBugetara1].[Sav_Doc_Click] : Tokenizing module: FisaBugetara1 (Report)
[20:09:12] [TOKENIZER]Tokenizing module: OrdonantarePlata1280 (Report)(Report) [OrdonantarePlata1280].[Form_Current] : Tokenizing module: OrdonantarePlata1280 (Report)
[20:09:12] [TOKENIZER]Tokenizing module: frmFX_MAIN_REC (Form)(Form) [frmFX_MAIN_REC].[B01_Click] : Tokenizing module: frmFX_MAIN_REC (Form)
[20:09:12] [TOKENIZER]Tokenizing module: frmFX_MAIN_DDF_Salarii_Select (Form)(Form) [frmFX_MAIN_DDF_Salarii_Select].[AlteDet_AfterUpdate] : Tokenizing module: frmFX_MAIN_DDF_Salarii_Select (Form)
[20:09:12] [TOKENIZER]Tokenizing module: ModificareNC1280 (Form)(Form) [ModificareNC1280].[Report_Load] : Tokenizing module: ModificareNC1280 (Form)
[20:09:12] [TOKENIZER]Tokenizing module: AngajamentFG_2019 (Report)(Report) [AngajamentFG_2019].[Form_Load] : Tokenizing module: AngajamentFG_2019 (Report)
[20:09:12] [TOKENIZER]Tokenizing module: ppOKOnly (Form)(Form) [ppOKOnly].[TotalStat_GotFocus] : Tokenizing module: ppOKOnly (Form)
[20:09:12] [TOKENIZER]Tokenizing module: F1133 (Form)(Form) [F1133].[BTN_Click] : Tokenizing module: F1133 (Form)
[2026-04-15 20:09:12] ❌ TokenizeModule: NullReferenceException - Object reference not set to an instance of an object.
   at TokenizeModule (modTokenization.vb:140)
[20:09:12] [TOKENIZER]Tokenizing module: tblMsBox_Module (Form)(Form) [tblMsBox_Module].[Report_Close] : Tokenizing module: tblMsBox_Module (Form)
[20:09:12] [TOKENIZER]Tokenizing module: Inchidere2014 (Form)(Form) [Inchidere2014].[Report_Open] : Tokenizing module: Inchidere2014 (Form)
[20:09:12] [TOKENIZER]Tokenizing module: NotaContabilaC (Report)(Report) [NotaContabilaC].[CLSF_FOOT_Format] : Tokenizing module: NotaContabilaC (Report)
[20:09:12] [TOKENIZER]Tokenizing module: frmFX_MAIN_ASOC_IND (Form)(Form) [frmFX_MAIN_ASOC_IND].[bCaut_Click] : Tokenizing module: frmFX_MAIN_ASOC_IND (Form)
[20:09:12] [TOKENIZER]Tokenizing module: DispozitiiBugetare_numar (Report)(Report) [DispozitiiBugetare_numar].[B1_Click] : Tokenizing module: DispozitiiBugetare_numar (Report)
[20:09:12] [TOKENIZER]Tokenizing module: subClasificatii (Form)(Form) [subClasificatii].[GroupHeader0_Print] : Tokenizing module: subClasificatii (Form)
[20:09:12] [TOKENIZER]Tokenizing module: frmFX_INFORMATII (Form)(Form) [frmFX_INFORMATII].[cmdHelp_Click] : Tokenizing module: frmFX_INFORMATII (Form)
[20:09:12] [TOKENIZER]Tokenizing module: FisaContSintetic3 (Report)(Report) [FisaContSintetic3].[Det_KeyDown] : Tokenizing module: FisaContSintetic3 (Report)
[20:09:12] [TOKENIZER]Tokenizing module: frmFX_MAIN_REZ_LISTA (Form)(Form) [frmFX_MAIN_REZ_LISTA].[Form_Load] : Tokenizing module: frmFX_MAIN_REZ_LISTA (Form)
[20:09:12] [TOKENIZER]Tokenizing module: OrdonantareGrupareCLSF (Report)(Report) [OrdonantareGrupareCLSF].[ScrollHasChanged] : Tokenizing module: OrdonantareGrupareCLSF (Report)
[20:09:12] [TOKENIZER]Tokenizing module: LFC (Form)(Form) [LFC].[SavMat_Click] : Tokenizing module: LFC (Form)
[20:09:13] [TOKENIZER]Tokenizing module: tmpFactOP (Form)(Form) [tmpFactOP].[btnS_Click] : Tokenizing module: tmpFactOP (Form)
[20:09:13] [TOKENIZER]Tokenizing module: LNC (Form)(Form) [LNC].[Report_Open] : Tokenizing module: LNC (Form)
[20:09:13] [TOKENIZER]Tokenizing module: Buget anual fara rectificari (Report)(Report) [Buget anual fara rectificari] : Tokenizing module: Buget anual fara rectificari (Report)
[20:09:13] [TOKENIZER]Tokenizing module: tmp_CSAV_Sal (Form)(Form) [tmp_CSAV_Sal].[ExportXML_Click] : Tokenizing module: tmp_CSAV_Sal (Form)
[20:09:13] [TOKENIZER]Tokenizing module: PropunereFG_OP9 (Report)(Report) [PropunereFG_OP9].[Report_Open] : Tokenizing module: PropunereFG_OP9 (Report)
[20:09:13] [TOKENIZER]Tokenizing module: EFACTURA_AA (Form)(Form) [EFACTURA_AA].[Detail_Print] : Tokenizing module: EFACTURA_AA (Form)
[20:09:13] [TOKENIZER]Tokenizing module: BURSECONFIG (Form)(Form) [BURSECONFIG].[Report_Load] : Tokenizing module: BURSECONFIG (Form)
[20:09:13] [TOKENIZER]Tokenizing module: MODNRNC (Form)(Form) [MODNRNC].[Report_Activate] : Tokenizing module: MODNRNC (Form)
[20:09:13] [TOKENIZER]Tokenizing module: rFNC (Report)(Report) [rFNC].[Form_BeforeUpdate] : Tokenizing module: rFNC (Report)
[20:09:13] [TOKENIZER]Tokenizing module: ClasificatiiBugetare_Credite (Form)(Form) [ClasificatiiBugetare_Credite].[UpdateInfo] : Tokenizing module: ClasificatiiBugetare_Credite (Form)
[20:09:13] [TOKENIZER]Tokenizing module: EFACTURA_MSG (Form)(Form) [EFACTURA_MSG].[Command16_Click] : Tokenizing module: EFACTURA_MSG (Form)
[20:09:13] [TOKENIZER]Tokenizing module: Buget_Individual (Form)(Form) [Buget_Individual].[Form_Load] : Tokenizing module: Buget_Individual (Form)
[20:09:13] [TOKENIZER]Tokenizing module: Buget anual cu rectificari (Report)(Report) [Buget anual cu rectificari].[Pop_LFC] : Tokenizing module: Buget anual cu rectificari (Report)
[20:09:13] [TOKENIZER]Tokenizing module: Loading (Form)(Form) [Loading].[mcTree_TreeLoaded] : Tokenizing module: Loading (Form)
[20:09:13] [TOKENIZER]Tokenizing module: FisaContAnalitic (Report)(Report) [FisaContAnalitic].[Report_Open] : Tokenizing module: FisaContAnalitic (Report)
[20:09:13] [TOKENIZER]Tokenizing module: OPuri (Form)(Form) [OPuri].[Report_Open] : Tokenizing module: OPuri (Form)
[20:09:13] [TOKENIZER]Tokenizing module: Angajament_individual_Burse (Report)(Report) [Angajament_individual_Burse].[ActualizeazaConturi] : Tokenizing module: Angajament_individual_Burse (Report)
[20:09:13] [TOKENIZER]Tokenizing module: frmFX_DDF_STATE (Form)(Form) [frmFX_DDF_STATE].[Report_Open] : Tokenizing module: frmFX_DDF_STATE (Form)
[2026-04-15 20:09:13] ❌ PrepareWorkingLines: NullReferenceException - Object reference not set to an instance of an object.
   at PrepareWorkingLines (modTokenization.vb:177)
[20:09:13] [TOKENIZER]Tokenizing module: DefaClsfE subform (Form)(Form) [DefaClsfE subform].[BTN_Click] : Tokenizing module: DefaClsfE subform (Form)
[20:09:13] [TOKENIZER]Tokenizing module: Form2 (Form)(Form) [Form2].[btnOK_Click] : Tokenizing module: Form2 (Form)
[20:09:13] [TOKENIZER]Tokenizing module: AngajamentLegal_Burse (Report)(Report) [AngajamentLegal_Burse].[MSGT_Click] : Tokenizing module: AngajamentLegal_Burse (Report)
[20:09:13] [TOKENIZER]Tokenizing module: OrdonantarePlataOPuri2017 (Report)(Report) [OrdonantarePlataOPuri2017].[ResizeMNC] : Tokenizing module: OrdonantarePlataOPuri2017 (Report)
[20:09:13] [TOKENIZER]Tokenizing module: frmAlegeClsf (Form)(Form) [frmAlegeClsf].[mcTree_TreeLoaded] : Tokenizing module: frmAlegeClsf (Form)
[20:09:13] [TOKENIZER]Tokenizing module: OPuri2017_FactE (Form)(Form) [OPuri2017_FactE].[Form_Load] : Tokenizing module: OPuri2017_FactE (Form)
[20:09:13] [TOKENIZER]Tokenizing module: LEGUNIT_2025 (Form)(Form) [LEGUNIT_2025].[ActualizeazaValori] : Tokenizing module: LEGUNIT_2025 (Form)
[20:09:13] [TOKENIZER]Tokenizing module: 2013 Angajament Legal (Report)(Report) [2013 Angajament Legal].[Add_OP_Click] : Tokenizing module: 2013 Angajament Legal (Report)
[20:09:13] [TOKENIZER]Tokenizing module: frmFX_ORD_TBL (Form)(Form) [frmFX_ORD_TBL].[mcTree_TreeLoaded] : Tokenizing module: frmFX_ORD_TBL (Form)
[20:09:13] [TOKENIZER]Tokenizing module: NotaContabila2016_1Rand (Report)(Report) [NotaContabila2016_1Rand].[TIP_Click] : Tokenizing module: NotaContabila2016_1Rand (Report)
[20:09:13] [TOKENIZER]Tokenizing module: ParteneriAng (Form)(Form) [ParteneriAng].[ZileBackup] : Tokenizing module: ParteneriAng (Form)
[20:09:13] [TOKENIZER]Tokenizing module: AngajamentLegal_OPuri2017_Grp (Report)(Report) [AngajamentLegal_OPuri2017_Grp].[Report_Open] : Tokenizing module: AngajamentLegal_OPuri2017_Grp (Report)
[20:09:13] [TOKENIZER]Tokenizing module: frmRibbon2025 (Form)(Form) [frmRibbon2025].[Report_Close] : Tokenizing module: frmRibbon2025 (Form)
[20:09:13] [TOKENIZER]Tokenizing module: Balanta 5 Egalitati (Report)(Report) [Balanta 5 Egalitati].[Report_Open] : Tokenizing module: Balanta 5 Egalitati (Report)
[20:09:13] [TOKENIZER]Tokenizing module: EF_F (Form)(Form) [EF_F].[Report_Close] : Tokenizing module: EF_F (Form)
[20:09:13] [TOKENIZER]Tokenizing module: Note_Debit (Form)(Form) [Note_Debit].[BTN_Click] : Tokenizing module: Note_Debit (Form)
[2026-04-15 20:09:13] ❌ TokenizeModule: NullReferenceException - Object reference not set to an instance of an object.
   at TokenizeModule (modTokenization.vb:140)
[20:09:13] [TOKENIZER]Tokenizing module: MF2019_3 (Form)(Form) [MF2019_3].[Report_Open] : Tokenizing module: MF2019_3 (Form)
[20:09:13] [TOKENIZER]Tokenizing module: OPuri_PickIBAN (Form)(Form) [OPuri_PickIBAN].[IESIRE_Click] : Tokenizing module: OPuri_PickIBAN (Form)
[2026-04-15 20:09:13] ❌ PrepareWorkingLines: NullReferenceException - Object reference not set to an instance of an object.
   at PrepareWorkingLines (modTokenization.vb:177)
[20:09:13] [TOKENIZER]Tokenizing module: AngajamentLegal_OP9 (Report)(Report) [AngajamentLegal_OP9].[Form_BeforeUpdate] : Tokenizing module: AngajamentLegal_OP9 (Report)
[20:09:13] [TOKENIZER]Tokenizing module: NotaContabila1 (Report)(Report) [NotaContabila1].[ReportFooter_Format] : Tokenizing module: NotaContabila1 (Report)
[20:09:13] [TOKENIZER]Tokenizing module: AngajamentMNC (Report)(Report) [AngajamentMNC].[ContBanca_LostFocus] : Tokenizing module: AngajamentMNC (Report)
[20:09:13] [TOKENIZER]Tokenizing module: MF2019_2 (Form)(Form) [MF2019_2].[Platit_BeforeUpdate] : Tokenizing module: MF2019_2 (Form)
[20:09:13] [TOKENIZER]Tokenizing module: Operatii2020_Preluare (Form)(Form) [Operatii2020_Preluare].[fxw_TaskSuccess] : Tokenizing module: Operatii2020_Preluare (Form)
[20:09:13] [TOKENIZER]Tokenizing module: Note_EFactura (Form)(Form) [Note_EFactura].[mcTree_TreeLoaded] : Tokenizing module: Note_EFactura (Form)
[20:09:13] [TOKENIZER]Tokenizing module: frmFX_DDF_PRTSCR (Form)(Form) [frmFX_DDF_PRTSCR].[PreluareFacturiPlata] : Tokenizing module: frmFX_DDF_PRTSCR (Form)
[20:09:13] [TOKENIZER]Tokenizing module: Balanta (Form)(Form) [Balanta] : Tokenizing module: Balanta (Form)
[20:09:13] [TOKENIZER]Tokenizing module: AdaugCont (Form)(Form) [AdaugCont].[Command4_Click] : Tokenizing module: AdaugCont (Form)
[20:09:13] [TOKENIZER]Tokenizing module: frmCbx (Form)(Form) [frmCbx].[Report_Open] : Tokenizing module: frmCbx (Form)
[2026-04-15 20:09:13] ❌ TokenizeModule: NullReferenceException - Object reference not set to an instance of an object.
   at TokenizeModule (modTokenization.vb:140)
[2026-04-15 20:09:13] ❌ PrepareWorkingLines: NullReferenceException - Object reference not set to an instance of an object.
   at PrepareWorkingLines (modTokenization.vb:177)
[20:09:13] [TOKENIZER]Tokenizing module: Salarii2015 (Form)(Form) [Salarii2015].[Report_Open] : Tokenizing module: Salarii2015 (Form)
[20:09:13] [TOKENIZER]Tokenizing module: frmFX_MAIN_ASOC_SAL_ANG (Form)(Form) [frmFX_MAIN_ASOC_SAL_ANG].[Report_Load] : Tokenizing module: frmFX_MAIN_ASOC_SAL_ANG (Form)
[20:09:13] [TOKENIZER]Tokenizing module: OP9 (Form)(Form) [OP9].[Report_Load] : Tokenizing module: OP9 (Form)
[20:09:13] [TOKENIZER]Tokenizing module: MF2019_FactAsoc (Form)(Form) [MF2019_FactAsoc].[List2_AfterUpdate] : Tokenizing module: MF2019_FactAsoc (Form)
[20:09:13] [TOKENIZER]Tokenizing module: PropunereP (Report)(Report) [PropunereP].[LaunchViewer] : Tokenizing module: PropunereP (Report)
[20:09:13] [TOKENIZER]Tokenizing module: Jurnale Separat (Report)(Report) [Jurnale Separat].[BTN_Click] : Tokenizing module: Jurnale Separat (Report)
[20:09:13] [TOKENIZER]Tokenizing module: tmpSalariiS2 (Form)(Form) [tmpSalariiS2].[SumaDebit_BeforeUpdate] : Tokenizing module: tmpSalariiS2 (Form)
[20:09:13] [TOKENIZER]Tokenizing module: ScurtIstoric (Form)(Form) [ScurtIstoric].[ReportHeader_Format] : Tokenizing module: ScurtIstoric (Form)
[20:09:13] [TOKENIZER]Tokenizing module: SQL (Form)(Form) [SQL].[mcTree_Click] : Tokenizing module: SQL (Form)
[20:09:13] [TOKENIZER]Tokenizing module: UNIT subform (Form)(Form) [UNIT subform].[Suma_AfterUpdate] : Tokenizing module: UNIT subform (Form)
[20:09:13] [TOKENIZER]Tokenizing module: ClasificatiiV (Form)(Form) [ClasificatiiV].[Form_Error] : Tokenizing module: ClasificatiiV (Form)
[20:09:13] [TOKENIZER]Tokenizing module: Buget2018 (Report)(Report) [Buget2018] : Tokenizing module: Buget2018 (Report)
[2026-04-15 20:09:13] ❌ TokenizeModule: NullReferenceException - Object reference not set to an instance of an object.
   at TokenizeModule (modTokenization.vb:140)
[20:09:13] [TOKENIZER]Tokenizing module: OPuri2017_Fact (Form)(Form) [OPuri2017_Fact].[Detail_Print] : Tokenizing module: OPuri2017_Fact (Form)
[2026-04-15 20:09:13] ❌ PrepareWorkingLines: NullReferenceException - Object reference not set to an instance of an object.
   at PrepareWorkingLines (modTokenization.vb:177)
[20:09:13] [TOKENIZER]Tokenizing module: FisaContAnaliticC (Report)(Report) [FisaContAnaliticC].[btnLst_Click] : Tokenizing module: FisaContAnaliticC (Report)
[20:09:13] [TOKENIZER]Tokenizing module: Parteneri (Form)(Form) [Parteneri].[Report_Open] : Tokenizing module: Parteneri (Form)
[2026-04-15 20:09:13] ❌ PrepareWorkingLines: NullReferenceException - Object reference not set to an instance of an object.
   at PrepareWorkingLines (modTokenization.vb:177)
[20:09:13] [TOKENIZER]Tokenizing module: POPUP_MSG (Form)(Form) [POPUP_MSG].[Form_Resize] : Tokenizing module: POPUP_MSG (Form)
[20:09:13] [TOKENIZER]Tokenizing module: Balanta 4 Egalitati Sgr3 (Report)(Report) [Balanta 4 Egalitati Sgr3].[Sectorul_AfterUpdate] : Tokenizing module: Balanta 4 Egalitati Sgr3 (Report)
[20:09:13] [TOKENIZER]Tokenizing module: rptOP1 (Report)(Report) [rptOP1].[Cbx_LostFocus] : Tokenizing module: rptOP1 (Report)
[20:09:13] [TOKENIZER]Tokenizing module: subMeniu (Form)(Form) [subMeniu].[ActualizeazaValori] : Tokenizing module: subMeniu (Form)
[20:09:13] [TOKENIZER]Tokenizing module: Salarii2026 (Form)(Form) [Salarii2026].[Valoare_AfterUpdate] : Tokenizing module: Salarii2026 (Form)
[20:09:13] [TOKENIZER]Tokenizing module: Balanta2020_0 (Report)(Report) [Balanta2020_0].[mcTree_Click] : Tokenizing module: Balanta2020_0 (Report)
[20:09:13] [TOKENIZER]Tokenizing module: Registru Casa (Report)(Report) [Registru Casa].[tmpDefaNote_Exit] : Tokenizing module: Registru Casa (Report)
[20:09:13] [TOKENIZER]Tokenizing module: Balanta 4 egalitati sintetic (Report)(Report) [Balanta 4 egalitati sintetic].[FinalizeazaCalculBalanta] : Tokenizing module: Balanta 4 egalitati sintetic (Report)
[20:09:13] [TOKENIZER]Tokenizing module: PropunereC (Report)(Report) [PropunereC].[tmpSalarii_Exit] : Tokenizing module: PropunereC (Report)
[20:09:15] [TOKENIZER]Tokenizing module: frmFX_REZ_DETALII (Form)(Form) [frmFX_REZ_DETALII] : Tokenizing module: frmFX_REZ_DETALII (Form)
[20:09:15] [TOKENIZER]Tokenizing module: Inchidere_ContChelt (Form)(Form) [Inchidere_ContChelt].[Zec2_Click] : Tokenizing module: Inchidere_ContChelt (Form)
[20:09:15] [TOKENIZER]Tokenizing module: tmpPlatiOP (Form)(Form) [tmpPlatiOP].[Report_Open] : Tokenizing module: tmpPlatiOP (Form)
[20:09:15] [TOKENIZER]Tokenizing module: OrdonantarePlataM (Report)(Report) [OrdonantarePlataM].[Form_Load] : Tokenizing module: OrdonantarePlataM (Report)
[20:09:15] [TOKENIZER]Tokenizing module: DefaSalariiAN (Form)(Form) [DefaSalariiAN].[Report_Load] : Tokenizing module: DefaSalariiAN (Form)
[2026-04-15 20:09:15] ❌ TokenizeModule: NullReferenceException - Object reference not set to an instance of an object.
   at TokenizeModule (modTokenization.vb:140)
[20:09:15] [TOKENIZER]Tokenizing module: frmSync (Form)(Form) [frmSync].[GroupHeader0_Format] : Tokenizing module: frmSync (Form)
[20:09:15] [TOKENIZER]Tokenizing module: Balanta 4 Egalitati FP XXX (Report)(Report) [Balanta 4 Egalitati FP XXX].[Btn_DblClick] : Tokenizing module: Balanta 4 Egalitati FP XXX (Report)
[2026-04-15 20:09:15] ❌ TokenizeModule: NullReferenceException - Object reference not set to an instance of an object.
   at TokenizeModule (modTokenization.vb:140)
[20:09:15] [TOKENIZER]Tokenizing module: frmListaAngajamente (Form)(Form) [frmListaAngajamente].[Report_Open] : Tokenizing module: frmListaAngajamente (Form)
[20:09:15] [TOKENIZER]Tokenizing module: FisaContAnalitic_Bilant (Report)(Report) [FisaContAnalitic_Bilant].[ReportHeader_Print] : Tokenizing module: FisaContAnalitic_Bilant (Report)
[20:09:15] [TOKENIZER]Tokenizing module: OPuri_sub (Form)(Form) [OPuri_sub].[Report_Load] : Tokenizing module: OPuri_sub (Form)
[20:09:15] [TOKENIZER]Tokenizing module: frmFiltru (Form)(Form) [frmFiltru].[ReportHeader_Print] : Tokenizing module: frmFiltru (Form)
[20:09:15] [TOKENIZER]Tokenizing module: BalantaConturi (Form)(Form) [BalantaConturi].[Platit_BeforeUpdate] : Tokenizing module: BalantaConturi (Form)
[20:09:15] [TOKENIZER]Tokenizing module: Expl_Salarii (Form)(Form) [Expl_Salarii].[Actualizeaza_Salarii2026_sub] : Tokenizing module: Expl_Salarii (Form)
[20:09:15] [TOKENIZER]Tokenizing module: ParteneriSI (Form)(Form) [ParteneriSI].[Pop_Parteneri] : Tokenizing module: ParteneriSI (Form)
[20:09:15] [TOKENIZER]Tokenizing module: Operatii2020_S (Form)(Form) [Operatii2020_S] : Tokenizing module: Operatii2020_S (Form)
[20:09:15] [TOKENIZER]Tokenizing module: Operatii2020_Preluare_E (Form)(Form) [Operatii2020_Preluare_E].[SavPart_Click] : Tokenizing module: Operatii2020_Preluare_E (Form)
[20:09:15] [TOKENIZER]Tokenizing module: RegistruOrd (Report)(Report) [RegistruOrd].[IESIRE_Click] : Tokenizing module: RegistruOrd (Report)
[2026-04-15 20:09:15] ❌ PrepareWorkingLines: NullReferenceException - Object reference not set to an instance of an object.
   at PrepareWorkingLines (modTokenization.vb:177)
[20:09:15] [TOKENIZER]Tokenizing module: AddClsf_Venituri (Form)(Form) [AddClsf_Venituri].[BTN_Click] : Tokenizing module: AddClsf_Venituri (Form)
[20:09:15] [TOKENIZER]Tokenizing module: frmFX_MAIN_ASOC_SAL_STAT (Form)(Form) [frmFX_MAIN_ASOC_SAL_STAT].[Form_Load] : Tokenizing module: frmFX_MAIN_ASOC_SAL_STAT (Form)
[20:09:15] [TOKENIZER]Tokenizing module: TV02 (Form)(Form) [TV02].[Detail_Print] : Tokenizing module: TV02 (Form)
[20:09:15] [TOKENIZER]Tokenizing module: frmRibbon (Form)(Form) [frmRibbon].[SimbolCtRezP_AfterUpdate] : Tokenizing module: frmRibbon (Form)
[20:09:15] [TOKENIZER]Tokenizing module: FC8066 (Report)(Report) [FC8066].[Report_Open] : Tokenizing module: FC8066 (Report)
[20:09:15] [TOKENIZER]Tokenizing module: frmFX_MAIN_ORD (Form)(Form) [frmFX_MAIN_ORD].[StartMigration] : Tokenizing module: frmFX_MAIN_ORD (Form)
[20:09:15] [TOKENIZER]Tokenizing module: MF2019_6R (Report)(Report) [MF2019_6R].[bDEL_Click] : Tokenizing module: MF2019_6R (Report)
[20:09:15] [TOKENIZER]Tokenizing module: OrdonantareGrupareCLSF1 (Report)(Report) [OrdonantareGrupareCLSF1].[Form_Current] : Tokenizing module: OrdonantareGrupareCLSF1 (Report)
[20:09:15] [TOKENIZER]Tokenizing module: Note_PickClsf (Form)(Form) [Note_PickClsf].[xPartD_Enter] : Tokenizing module: Note_PickClsf (Form)
[20:09:15] [TOKENIZER]Tokenizing module: MF2019_Fact (Form)(Form) [MF2019_Fact].[ReportHeader_Print] : Tokenizing module: MF2019_Fact (Form)
[20:09:15] [TOKENIZER]Tokenizing module: OP_TREZO_SUB (Form)(Form) [OP_TREZO_SUB].[AddTree_Leaf] : Tokenizing module: OP_TREZO_SUB (Form)
[20:09:15] [TOKENIZER]Tokenizing module: frmFX_MAIN_DDF_REV (Form)(Form) [frmFX_MAIN_DDF_REV].[txtCaut_AfterUpdate] : Tokenizing module: frmFX_MAIN_DDF_REV (Form)
[20:09:15] [TOKENIZER]Tokenizing module: Note_OPuri (Form)(Form) [Note_OPuri].[Report_Open] : Tokenizing module: Note_OPuri (Form)
[20:09:15] [TOKENIZER]Tokenizing module: EFACTURA_T (Report)(Report) [EFACTURA_T].[btnS_Click] : Tokenizing module: EFACTURA_T (Report)
[20:09:15] [TOKENIZER]Tokenizing module: _MESAJE (Form)(Form) [_MESAJE].[Report_Close] : Tokenizing module: _MESAJE (Form)
[2026-04-15 20:09:15] ❌ TokenizeModule: NullReferenceException - Object reference not set to an instance of an object.
   at TokenizeModule (modTokenization.vb:140)
[2026-04-15 20:09:15] ❌ PrepareWorkingLines: NullReferenceException - Object reference not set to an instance of an object.
   at PrepareWorkingLines (modTokenization.vb:177)
[20:09:15] [TOKENIZER]Tokenizing module: frmFX_ORD_DOC (Form)(Form) [frmFX_ORD_DOC].[Sectiune_Changed] : Tokenizing module: frmFX_ORD_DOC (Form)
[20:09:15] [TOKENIZER]Tokenizing module: EFACTURA_CLIENTI (Form)(Form) [EFACTURA_CLIENTI].[Text30_Enter] : Tokenizing module: EFACTURA_CLIENTI (Form)
[20:09:15] [TOKENIZER]Tokenizing module: MonitorizareTOTAL (Report)(Report) [MonitorizareTOTAL].[RdActiv_DblClick] : Tokenizing module: MonitorizareTOTAL (Report)
[20:09:15] [TOKENIZER]Tokenizing module: frmFX_DDF_REV_SECT_B (Form)(Form) [frmFX_DDF_REV_SECT_B].[Detail_Print] : Tokenizing module: frmFX_DDF_REV_SECT_B (Form)
[2026-04-15 20:09:15] ❌ PrepareWorkingLines: NullReferenceException - Object reference not set to an instance of an object.
   at PrepareWorkingLines (modTokenization.vb:177)
[20:09:15] [TOKENIZER]Tokenizing module: Burse_Fact (Form)(Form) [Burse_Fact].[Form_Load] : Tokenizing module: Burse_Fact (Form)
[20:09:15] [TOKENIZER]Tokenizing module: OPuri_Rapoarte (Form)(Form) [OPuri_Rapoarte].[xPartDebit_Enter] : Tokenizing module: OPuri_Rapoarte (Form)
[20:09:15] [TOKENIZER]Tokenizing module: Setari implicite (Form)(Form) [Setari implicite].[Subcapitol_AfterUpdate] : Tokenizing module: Setari implicite (Form)
[20:09:15] [TOKENIZER]Tokenizing module: frmTrace_sub (Form)(Form) [frmTrace_sub].[Form_Load] : Tokenizing module: frmTrace_sub (Form)
[20:09:15] [TOKENIZER]Tokenizing module: NotaContabila2016_2Randuri (Report)(Report) [NotaContabila2016_2Randuri].[SavFact_Click] : Tokenizing module: NotaContabila2016_2Randuri (Report)
[20:09:15] [TOKENIZER]Tokenizing module: Anexa 7 Total (Report)(Report) [Anexa 7 Total].[PopTree_Note_Clsf] : Tokenizing module: Anexa 7 Total (Report)
[20:09:15] [TOKENIZER]Tokenizing module: OPuri2017 (Form)(Form) [OPuri2017] : Tokenizing module: OPuri2017 (Form)
[2026-04-15 20:09:15] ❌ TokenizeModule: NullReferenceException - Object reference not set to an instance of an object.
   at TokenizeModule (modTokenization.vb:140)
[20:09:15] [TOKENIZER]Tokenizing module: Burse_Plati (Form)(Form) [Burse_Plati].[Detaliu_Print] : Tokenizing module: Burse_Plati (Form)
[2026-04-15 20:09:16] ❌ TokenizeModule: NullReferenceException - Object reference not set to an instance of an object.
   at TokenizeModule (modTokenization.vb:140)
[20:09:16] [TOKENIZER]Tokenizing module: MF2019 (Form)(Form) [MF2019].[Form_Load] : Tokenizing module: MF2019 (Form)
[20:09:16] [TOKENIZER]Tokenizing module: 2016 Angajament individual (Report)(Report) [2016 Angajament individual].[Inf2_BeforeUpdate] : Tokenizing module: 2016 Angajament individual (Report)
[20:09:16] [TOKENIZER]Tokenizing module: Cont8067_2 (Form)(Form) [Cont8067_2].[Report_Load] : Tokenizing module: Cont8067_2 (Form)
[2026-04-15 20:09:16] ❌ PrepareWorkingLines: NullReferenceException - Object reference not set to an instance of an object.
   at PrepareWorkingLines (modTokenization.vb:177)
[20:09:16] [TOKENIZER]Tokenizing module: tmpSalariiS1 (Form)(Form) [tmpSalariiS1].[View_Click] : Tokenizing module: tmpSalariiS1 (Form)
[20:09:16] [TOKENIZER]Tokenizing module: F1133_F (Form)(Form) [F1133_F].[Report_Open] : Tokenizing module: F1133_F (Form)
[20:09:16] [TOKENIZER]Tokenizing module: Buget_AlegeUnitate (Form)(Form) [Buget_AlegeUnitate].[ReportFooter_Format] : Tokenizing module: Buget_AlegeUnitate (Form)
[20:09:16] [TOKENIZER]Tokenizing module: CorelatiiPlan (Form)(Form) [CorelatiiPlan].[Valid_AfterUpdate] : Tokenizing module: CorelatiiPlan (Form)
[20:09:16] [TOKENIZER]Tokenizing module: FisaCT8030 (Report)(Report) [FisaCT8030].[Sector_AfterUpdate] : Tokenizing module: FisaCT8030 (Report)
[20:09:16] [TOKENIZER]Tokenizing module: FacturaV (Report)(Report) [FacturaV].[AddOP_Click] : Tokenizing module: FacturaV (Report)
[20:09:16] [TOKENIZER]Tokenizing module: OCS (Form)(Form) [OCS].[Suma_AfterUpdate] : Tokenizing module: OCS (Form)
[20:09:16] [TOKENIZER]Tokenizing module: Balanta 5 egalitati sintetic (Report)(Report) [Balanta 5 egalitati sintetic].[RfsToken_Click] : Tokenizing module: Balanta 5 egalitati sintetic (Report)
[2026-04-15 20:09:16] ❌ TokenizeModule: NullReferenceException - Object reference not set to an instance of an object.
   at TokenizeModule (modTokenization.vb:140)
[20:09:16] [TOKENIZER]Tokenizing module: AdaugCont_sub (Form)(Form) [AdaugCont_sub] : Tokenizing module: AdaugCont_sub (Form)
[20:09:16] [TOKENIZER]Tokenizing module: EFACTURA_VANZATOR (Form)(Form) [EFACTURA_VANZATOR] : Tokenizing module: EFACTURA_VANZATOR (Form)
[20:09:16] [TOKENIZER]Tokenizing module: ClasificatiiBugetare (Form)(Form) [ClasificatiiBugetare].[B1_Click] : Tokenizing module: ClasificatiiBugetare (Form)
[20:09:16] [TOKENIZER]Tokenizing module: Burse_sub (Form)(Form) [Burse_sub].[Report_Open] : Tokenizing module: Burse_sub (Form)
[20:09:16] [TOKENIZER]Tokenizing module: AdaugaTabelInTBLS_Relation (Form)(Form) [AdaugaTabelInTBLS_Relation].[Report_Load] : Tokenizing module: AdaugaTabelInTBLS_Relation (Form)
[20:09:16] [TOKENIZER]Tokenizing module: frmFX_MAIN_Receptii_OLD (Form)(Form) [frmFX_MAIN_Receptii_OLD].[Report_Close] : Tokenizing module: frmFX_MAIN_Receptii_OLD (Form)
[20:09:16] [TOKENIZER]Tokenizing module: NIR (Report)(Report) [NIR].[sect_Change] : Tokenizing module: NIR (Report)
[20:09:16] [TOKENIZER]Tokenizing module: BalantaXML (Form)(Form) [BalantaXML].[Form_Load] : Tokenizing module: BalantaXML (Form)
[20:09:16] [TOKENIZER]Tokenizing module: DefaCont subform (Form)(Form) [DefaCont subform].[Detail_Print] : Tokenizing module: DefaCont subform (Form)
[20:09:16] [TOKENIZER]Tokenizing module: tmpLNC subform (Form)(Form) [tmpLNC subform].[Form_Load] : Tokenizing module: tmpLNC subform (Form)
[20:09:16] [TOKENIZER]Tokenizing module: frmFX_MAIN_DDF_REVS (Form)(Form) [frmFX_MAIN_DDF_REVS].[NC_AfterUpdate] : Tokenizing module: frmFX_MAIN_DDF_REVS (Form)
[20:09:16] [TOKENIZER]Tokenizing module: CentrOrd (Report)(Report) [CentrOrd].[Valoare_Enter] : Tokenizing module: CentrOrd (Report)
[20:09:16] [TOKENIZER]Tokenizing module: EFACTURA_ADD (Form)(Form) [EFACTURA_ADD].[Open_Dispozitii_sub] : Tokenizing module: EFACTURA_ADD (Form)
[20:09:16] [TOKENIZER]Tokenizing module: MNotaC11 (Form)(Form) [MNotaC11].[Art_Click] : Tokenizing module: MNotaC11 (Form)
[20:09:16] [TOKENIZER]Tokenizing module: DispozitiiBugetare (Report)(Report) [DispozitiiBugetare].[ResizeMF_12] : Tokenizing module: DispozitiiBugetare (Report)
[20:09:16] [TOKENIZER]Tokenizing module: frmFX_MAIN_ASOC (Form)(Form) [frmFX_MAIN_ASOC].[Report_Open] : Tokenizing module: frmFX_MAIN_ASOC (Form)
[20:09:16] [TOKENIZER]Tokenizing module: Salarii2019 (Form)(Form) [Salarii2019].[btnS_Click] : Tokenizing module: Salarii2019 (Form)
[20:09:16] [TOKENIZER]Tokenizing module: AngajamentLegal_Burse_Grp (Report)(Report) [AngajamentLegal_Burse_Grp] : Tokenizing module: AngajamentLegal_Burse_Grp (Report)
[20:09:16] [TOKENIZER]Tokenizing module: frmFX_MAIN (Form)(Form) [frmFX_MAIN].[Report_Activate] : Tokenizing module: frmFX_MAIN (Form)
[20:09:16] [TOKENIZER]Tokenizing module: frmFX_DDF_CLSF (Form)(Form) [frmFX_DDF_CLSF].[IESIRE_Click] : Tokenizing module: frmFX_DDF_CLSF (Form)
[20:09:16] [TOKENIZER]Tokenizing module: Jurnale (Report)(Report) [Jurnale].[Report_Open] : Tokenizing module: Jurnale (Report)
[20:09:16] [TOKENIZER]Tokenizing module: CentrProp (Report)(Report) [CentrProp].[Form_Load] : Tokenizing module: CentrProp (Report)
[20:09:16] [TOKENIZER]Tokenizing module: Balanta_2021 (Report)(Report) [Balanta_2021].[Row_Changed] : Tokenizing module: Balanta_2021 (Report)
[20:09:16] [TOKENIZER]Tokenizing module: CT8030 (Form)(Form) [CT8030].[Form_Close] : Tokenizing module: CT8030 (Form)
[20:09:16] [TOKENIZER]Tokenizing module: Balanta_2021_T8 (Report)(Report) [Balanta_2021_T8].[RefreshForm] : Tokenizing module: Balanta_2021_T8 (Report)
[20:09:16] [TOKENIZER]Tokenizing module: CorelatiiClasificatii (Form)(Form) [CorelatiiClasificatii].[Form_BeforeUpdate] : Tokenizing module: CorelatiiClasificatii (Form)
[20:09:16] [TOKENIZER]Tokenizing module: 2013 Angajament individual (Report)(Report) [2013 Angajament individual].[Form_Current] : Tokenizing module: 2013 Angajament individual (Report)
[20:09:16] [TOKENIZER]Tokenizing module: Clienti (Form)(Form) [Clienti].[bUND_Click] : Tokenizing module: Clienti (Form)
[20:09:16] [TOKENIZER]Tokenizing module: Note_FactNeAsoc (Form)(Form) [Note_FactNeAsoc].[B_Click] : Tokenizing module: Note_FactNeAsoc (Form)
[20:09:16] [TOKENIZER]Tokenizing module: Buget Anual TOTAL fara rectificari (Report)(Report) [Buget Anual TOTAL fara rectificari].[GenereazaInformatii] : Tokenizing module: Buget Anual TOTAL fara rectificari (Report)
[20:09:16] [TOKENIZER]Tokenizing module: TrecereAN (Form)(Form) [TrecereAN].[bADD_Click] : Tokenizing module: TrecereAN (Form)
[20:09:16] [TOKENIZER]Tokenizing module: frmFX_MAIN_REZ_TREE_NEFOLOSIT (Form)(Form) [frmFX_MAIN_REZ_TREE_NEFOLOSIT].[Report_Open] : Tokenizing module: frmFX_MAIN_REZ_TREE_NEFOLOSIT (Form)
[20:09:16] [TOKENIZER]Tokenizing module: ClasificatiiBugetare_Rectificari (Form)(Form) [ClasificatiiBugetare_Rectificari].[B1_Click] : Tokenizing module: ClasificatiiBugetare_Rectificari (Form)
[20:09:16] [TOKENIZER]Tokenizing module: FacturaV_sub (Report)(Report) [FacturaV_sub].[Report_Close] : Tokenizing module: FacturaV_sub (Report)
[20:09:16] [TOKENIZER]Tokenizing module: NotaContabila2 (Report)(Report) [NotaContabila2].[Form_Load] : Tokenizing module: NotaContabila2 (Report)
[20:09:16] [TOKENIZER]Tokenizing module: Descarcare_fisier (Form)(Form) [Descarcare_fisier].[Form_BeforeInsert] : Tokenizing module: Descarcare_fisier (Form)
[20:09:16] [TOKENIZER]Tokenizing module: _MF2019_Asoc_EF (Form)(Form) [_MF2019_Asoc_EF].[Report_Load] : Tokenizing module: _MF2019_Asoc_EF (Form)
[20:09:16] [TOKENIZER]Tokenizing module: Buget1103 (Form)(Form) [Buget1103].[Form_KeyDown] : Tokenizing module: Buget1103 (Form)
[20:09:16] [TOKENIZER]Tokenizing module: FisaBugetaraAnalitica (Report)(Report) [FisaBugetaraAnalitica].[GroupFooter1_Print] : Tokenizing module: FisaBugetaraAnalitica (Report)
[20:09:16] [TOKENIZER]Tokenizing module: Operatii2020 (Form)(Form) [Operatii2020].[Detail_Format] : Tokenizing module: Operatii2020 (Form)
[2026-04-15 20:09:16] ❌ PrepareWorkingLines: NullReferenceException - Object reference not set to an instance of an object.
   at PrepareWorkingLines (modTokenization.vb:177)
[20:09:16] [TOKENIZER]Tokenizing module: MF2019_0 (Form)(Form) [MF2019_0].[Report_Load] : Tokenizing module: MF2019_0 (Form)
[20:09:16] [TOKENIZER]Tokenizing module: SUBUNITATI (Form)(Form) [SUBUNITATI].[Bck_Enter] : Tokenizing module: SUBUNITATI (Form)
[20:09:16] [TOKENIZER]Tokenizing module: Balanta 4 Egalitati 8xxx (Report)(Report) [Balanta 4 Egalitati 8xxx].[Detail_Print] : Tokenizing module: Balanta 4 Egalitati 8xxx (Report)
[20:09:16] [TOKENIZER]Tokenizing module: DocFundSalarii_Salarii (Form)(Form) [DocFundSalarii_Salarii].[bTrecere_Click] : Tokenizing module: DocFundSalarii_Salarii (Form)
[20:09:16] [TOKENIZER]Tokenizing module: MF2019_Asoc_EF (Form)(Form) [MF2019_Asoc_EF].[Abonare_fxInformatii] : Tokenizing module: MF2019_Asoc_EF (Form)
[20:09:16] [TOKENIZER]Tokenizing module: frmFX_MAIN_REC_LISTA (Form)(Form) [frmFX_MAIN_REC_LISTA].[PopTree_Salarii2019] : Tokenizing module: frmFX_MAIN_REC_LISTA (Form)
[2026-04-15 20:09:17] ❌ TokenizeModule: NullReferenceException - Object reference not set to an instance of an object.
   at TokenizeModule (modTokenization.vb:140)
[20:09:17] [TOKENIZER]Tokenizing module: frmFX_DDF_ATT (Form)(Form) [frmFX_DDF_ATT].[GF1_Format] : Tokenizing module: frmFX_DDF_ATT (Form)
[20:09:17] [TOKENIZER]Tokenizing module: LFB (Form)(Form) [LFB].[bOK_Click] : Tokenizing module: LFB (Form)
[20:09:17] [TOKENIZER]Tokenizing module: MF2019_6 (Form)(Form) [MF2019_6].[btnS_Click] : Tokenizing module: MF2019_6 (Form)
[20:09:17] [TOKENIZER]Tokenizing module: Burse_PickIBAN (Form)(Form) [Burse_PickIBAN].[Report_NoData] : Tokenizing module: Burse_PickIBAN (Form)
[20:09:17] [TOKENIZER]Tokenizing module: EF_ERR (Report)(Report) [EF_ERR].[GroupFooter0_Print] : Tokenizing module: EF_ERR (Report)
[2026-04-15 20:09:17] ❌ PrepareWorkingLines: NullReferenceException - Object reference not set to an instance of an object.
   at PrepareWorkingLines (modTokenization.vb:177)
[20:09:17] [TOKENIZER]Tokenizing module: Propunere 1PP (Report)(Report) [Propunere 1PP].[Form_Load] : Tokenizing module: Propunere 1PP (Report)
[20:09:17] [TOKENIZER]Tokenizing module: EFACTURA_TMP (Form)(Form) [EFACTURA_TMP].[C3_Click] : Tokenizing module: EFACTURA_TMP (Form)
[20:09:17] [TOKENIZER]Tokenizing module: OPME_A (Form)(Form) [OPME_A].[Form_Load] : Tokenizing module: OPME_A (Form)
[20:09:17] [TOKENIZER]Tokenizing module: Cont8067_S (Form)(Form) [Cont8067_S].[BTN_Click] : Tokenizing module: Cont8067_S (Form)
[20:09:17] [TOKENIZER]Tokenizing module: frmDatePicker_2025 (Form)(Form) [frmDatePicker_2025].[BTN_Click] : Tokenizing module: frmDatePicker_2025 (Form)
[20:09:17] [TOKENIZER]Tokenizing module: ppMsBox (Form)(Form) [ppMsBox].[bFact_Click] : Tokenizing module: ppMsBox (Form)
[20:09:17] [TOKENIZER]Tokenizing module: Note_FactNeAsocAA (Form)(Form) [Note_FactNeAsocAA].[Form_Load] : Tokenizing module: Note_FactNeAsocAA (Form)
[20:09:17] [TOKENIZER]Tokenizing module: AdaugaTabelInTBLS_Index (Form)(Form) [AdaugaTabelInTBLS_Index].[clsf_AfterUpdate] : Tokenizing module: AdaugaTabelInTBLS_Index (Form)
[20:09:17] [TOKENIZER]Tokenizing module: DefaSalariiPC (Form)(Form) [DefaSalariiPC].[B_Clsf_Click] : Tokenizing module: DefaSalariiPC (Form)
[20:09:17] [TOKENIZER]Tokenizing module: CAI (Form)(Form) [CAI] : Tokenizing module: CAI (Form)
[20:09:17] [TOKENIZER]Tokenizing module: frmFX_MAIN_DDF_REV_B (Form)(Form) [frmFX_MAIN_DDF_REV_B].[BTN_Click] : Tokenizing module: frmFX_MAIN_DDF_REV_B (Form)
[20:09:17] [TOKENIZER]Tokenizing module: AngajamentLegal_OPuri2017 (Report)(Report) [AngajamentLegal_OPuri2017].[Report_Load] : Tokenizing module: AngajamentLegal_OPuri2017 (Report)
[2026-04-15 20:09:17] ❌ TokenizeModule: NullReferenceException - Object reference not set to an instance of an object.
   at TokenizeModule (modTokenization.vb:140)
[20:09:17] [TOKENIZER]Tokenizing module: frmFX_ISTORIC (Form)(Form) [frmFX_ISTORIC].[bTo_Click] : Tokenizing module: frmFX_ISTORIC (Form)
[20:09:17] [TOKENIZER]Tokenizing module: DefaSursa subform (Form)(Form) [DefaSursa subform].[GroupFooter1_Print] : Tokenizing module: DefaSursa subform (Form)
[20:09:17] [TOKENIZER]Tokenizing module: frmFX_MAIN_ASOC_PART (Form)(Form) [frmFX_MAIN_ASOC_PART].[ContNou_Click] : Tokenizing module: frmFX_MAIN_ASOC_PART (Form)
[20:09:17] [TOKENIZER]Tokenizing module: OP_TREZO (Form)(Form) [OP_TREZO].[Bck_Enter] : Tokenizing module: OP_TREZO (Form)
[20:09:17] [TOKENIZER]Tokenizing module: TV00 (Form)(Form) [TV00].[RemoveTimeFromDate] : Tokenizing module: TV00 (Form)
[20:09:17] [TOKENIZER]Tokenizing module: DefaNote (Form)(Form) [DefaNote].[Bck_Enter] : Tokenizing module: DefaNote (Form)
[20:09:17] [TOKENIZER]Tokenizing module: frmFX_DDF_INFO (Form)(Form) [frmFX_DDF_INFO].[bChoose_Click] : Tokenizing module: frmFX_DDF_INFO (Form)
[20:09:17] [TOKENIZER]Tokenizing module: FisaContSintetic2 (Report)(Report) [FisaContSintetic2].[Form_BeforeUpdate] : Tokenizing module: FisaContSintetic2 (Report)
[20:09:17] [TOKENIZER]Tokenizing module: FisaContPartener (Report)(Report) [FisaContPartener].[bMax_Click] : Tokenizing module: FisaContPartener (Report)
[20:09:17] [TOKENIZER]Tokenizing module: Note (Form)(Form) [Note].[IBAN_Initial] : Tokenizing module: Note (Form)
[20:09:17] [TOKENIZER]Tokenizing module: Jurnale (Form)(Form) [Jurnale].[bDWN_Click] : Tokenizing module: Jurnale (Form)
[20:09:17] [TOKENIZER]Tokenizing module: Propunere_OPuri2017_grp (Report)(Report) [Propunere_OPuri2017_grp].[Form_Load] : Tokenizing module: Propunere_OPuri2017_grp (Report)
[20:09:17] [TOKENIZER]Tokenizing module: BalantaExtra (Report)(Report) [BalantaExtra] : Tokenizing module: BalantaExtra (Report)
[20:09:17] [TOKENIZER]Tokenizing module: Factura_sub (Report)(Report) [Factura_sub].[Report_Open] : Tokenizing module: Factura_sub (Report)
[20:09:17] [TOKENIZER]Tokenizing module: OPuri_Anexa (Report)(Report) [OPuri_Anexa].[Text18_Enter] : Tokenizing module: OPuri_Anexa (Report)
[20:09:17] [TOKENIZER]Tokenizing module: frmFX_ORD_DOC_ATT (Form)(Form) [frmFX_ORD_DOC_ATT].[Init_Pop_Burse_IBAN] : Tokenizing module: frmFX_ORD_DOC_ATT (Form)
[20:09:17] [TOKENIZER]Tokenizing module: Disp2020_T (Form)(Form) [Disp2020_T].[Form_Resize] : Tokenizing module: Disp2020_T (Form)
[20:09:17] [TOKENIZER]Tokenizing module: CorelatiiParteneri (Form)(Form) [CorelatiiParteneri].[PopTree_Burse_IBAN] : Tokenizing module: CorelatiiParteneri (Form)
[20:09:17] [TOKENIZER]Tokenizing module: _x_ (Form)(Form) [_x_].[GroupHeader0_Print] : Tokenizing module: _x_ (Form)
[20:09:17] [TOKENIZER]Tokenizing module: Sch (Form)(Form) [Sch].[Form_BeforeInsert] : Tokenizing module: Sch (Form)
[20:09:17] [TOKENIZER]Tokenizing module: DefaNoteA (Form)(Form) [DefaNoteA].[xContCredit_Enter] : Tokenizing module: DefaNoteA (Form)
[20:09:17] [TOKENIZER]Tokenizing module: BurseColoane (Form)(Form) [BurseColoane].[Report_Load] : Tokenizing module: BurseColoane (Form)
[20:09:17] [TOKENIZER]Tokenizing module: OrdonantarePlataOP9 (Report)(Report) [OrdonantarePlataOP9].[Label84_MouseMove] : Tokenizing module: OrdonantarePlataOP9 (Report)
[20:09:17] [TOKENIZER]Tokenizing module: frmFX_MAIN_REZ (Form)(Form) [frmFX_MAIN_REZ].[xContDebit_Enter] : Tokenizing module: frmFX_MAIN_REZ (Form)
[20:09:17] [TOKENIZER]Tokenizing module: EFACTURA_2025 (Form)(Form) [EFACTURA_2025].[Form_Load] : Tokenizing module: EFACTURA_2025 (Form)
[20:09:17] [TOKENIZER]Tokenizing module: Operatii2020_S_Preluare (Form)(Form) [Operatii2020_S_Preluare].[Explicatie_GotFocus] : Tokenizing module: Operatii2020_S_Preluare (Form)
[20:09:17] [TOKENIZER]Tokenizing module: frmFX_ORD_PART (Form)(Form) [frmFX_ORD_PART].[RenOP_Click] : Tokenizing module: frmFX_ORD_PART (Form)
[20:09:17] [TOKENIZER]Tokenizing module: Anexa 7 (Report)(Report) [Anexa 7].[PreluareOP] : Tokenizing module: Anexa 7 (Report)
[20:09:17] [TOKENIZER]Tokenizing module: Buget Anual TOTAL cu rectificari (Report)(Report) [Buget Anual TOTAL cu rectificari].[Form_Load] : Tokenizing module: Buget Anual TOTAL cu rectificari (Report)
[20:09:17] [TOKENIZER]Tokenizing module: frmFX_MAIN_DDF_Salarii (Form)(Form) [frmFX_MAIN_DDF_Salarii].[Report_Open] : Tokenizing module: frmFX_MAIN_DDF_Salarii (Form)
[20:09:17] [TOKENIZER]Tokenizing module: Fise_Dispozitii_2019 (Report)(Report) [Fise_Dispozitii_2019].[B1_Click] : Tokenizing module: Fise_Dispozitii_2019 (Report)
[20:09:17] [TOKENIZER]Tokenizing module: frmDatePicker_Anul (Form)(Form) [frmDatePicker_Anul].[Detaliu_Print] : Tokenizing module: frmDatePicker_Anul (Form)
[20:09:17] [TOKENIZER]Tokenizing module: EFACTURA_PDF (Form)(Form) [EFACTURA_PDF].[Detail_Print] : Tokenizing module: EFACTURA_PDF (Form)
[20:09:17] [TOKENIZER]Tokenizing module: frmCert (Form)(Form) [frmCert].[Report_NoData] : Tokenizing module: frmCert (Form)
[20:09:17] [TOKENIZER]Tokenizing module: MNotaC1 (Form)(Form) [MNotaC1].[IESIRE_Click] : Tokenizing module: MNotaC1 (Form)
[20:09:17] [TOKENIZER]Tokenizing module: OPuri2017_Salvare (Form)(Form) [OPuri2017_Salvare].[bSAV_Click] : Tokenizing module: OPuri2017_Salvare (Form)
[20:09:17] [TOKENIZER]Tokenizing module: frmFX_MAIN_Plati_Detalii_OLD (Form)(Form) [frmFX_MAIN_Plati_Detalii_OLD].[Form_Close] : Tokenizing module: frmFX_MAIN_Plati_Detalii_OLD (Form)
[20:09:17] [TOKENIZER]Tokenizing module: Balanta_2021_5 (Report)(Report) [Balanta_2021_5].[OK_Click] : Tokenizing module: Balanta_2021_5 (Report)
[20:09:17] [TOKENIZER]Tokenizing module: Propunere_OPuri2017 (Report)(Report) [Propunere_OPuri2017].[PositionElements] : Tokenizing module: Propunere_OPuri2017 (Report)
[20:09:17] [TOKENIZER]Tokenizing module: DocFundSalarii (Form)(Form) [DocFundSalarii].[bADD_Click] : Tokenizing module: DocFundSalarii (Form)
[20:09:17] [TOKENIZER]Tokenizing module: frmFX_DDF_REV (Form)(Form) [frmFX_DDF_REV].[ProceseazaFisiere] : Tokenizing module: frmFX_DDF_REV (Form)
[20:09:17] [TOKENIZER]Tokenizing module: OPME (Form)(Form) [OPME].[GroupHeader0_Print] : Tokenizing module: OPME (Form)
[20:09:17] [TOKENIZER]Tokenizing module: AngajamentP (Report)(Report) [AngajamentP].[RefreshRez] : Tokenizing module: AngajamentP (Report)
[20:09:17] [TOKENIZER]Tokenizing module: Burse (Form)(Form) [Burse].[UltimaLunaInchisa] : Tokenizing module: Burse (Form)
[20:09:17] [TOKENIZER]Tokenizing module: FisaBugetara2 (Report)(Report) [FisaBugetara2].[Form_Load] : Tokenizing module: FisaBugetara2 (Report)
[20:09:17] [TOKENIZER]Tokenizing module: tmpSalarii (Form)(Form) [tmpSalarii].[btnS_Click] : Tokenizing module: tmpSalarii (Form)
[20:09:17] [TOKENIZER]Tokenizing module: Btns_old (Form)(Form) [Btns_old].[bNO_Click] : Tokenizing module: Btns_old (Form)
[20:09:17] [TOKENIZER]Tokenizing module: Anexa 9 (Report)(Report) [Anexa 9].[Report_Open] : Tokenizing module: Anexa 9 (Report)
[20:09:17] [TOKENIZER]Tokenizing module: OPME_S (Form)(Form) [OPME_S].[Report_Close] : Tokenizing module: OPME_S (Form)
[2026-04-15 20:09:17] ❌ PrepareWorkingLines: NullReferenceException - Object reference not set to an instance of an object.
   at PrepareWorkingLines (modTokenization.vb:177)
[20:09:17] [TOKENIZER]Tokenizing module: frmMail (Form)(Form) [frmMail].[Detail_Print] : Tokenizing module: frmMail (Form)
[20:09:17] [TOKENIZER]Tokenizing module: TIMG subform (Form)(Form) [TIMG subform].[Report_Open] : Tokenizing module: TIMG subform (Form)
[20:09:17] [TOKENIZER]Tokenizing module: Note_Credit (Form)(Form) [Note_Credit].[Nu_Click] : Tokenizing module: Note_Credit (Form)
[20:09:17] [TOKENIZER]Tokenizing module: _NU_frmFX_MAIN_ASOC_PART (Form)(Form) [_NU_frmFX_MAIN_ASOC_PART].[Desc_Scurta_AfterUpdate] : Tokenizing module: _NU_frmFX_MAIN_ASOC_PART (Form)
[20:09:17] [TOKENIZER]Tokenizing module: CorelatiiJurnale (Form)(Form) [CorelatiiJurnale].[Nu_KeyDown] : Tokenizing module: CorelatiiJurnale (Form)
[20:09:17] [TOKENIZER]Tokenizing module: LRJ (Form)(Form) [LRJ].[RdActniv_Enter] : Tokenizing module: LRJ (Form)
[20:09:17] [TOKENIZER]Tokenizing module: Actiuni (Form)(Form) [Actiuni].[PageHeaderSection_Print] : Tokenizing module: Actiuni (Form)
[20:09:17] [TOKENIZER]Tokenizing module: rptOP (Report)(Report) [rptOP].[mcTree_Click] : Tokenizing module: rptOP (Report)
[20:09:17] [TOKENIZER]Tokenizing module: BurseFoi (Form)(Form) [BurseFoi].[mcTree_Click] : Tokenizing module: BurseFoi (Form)
[20:09:17] [TOKENIZER]Tokenizing module: CERC (Form)(Form) [CERC].[Pop_Sheets] : Tokenizing module: CERC (Form)
[20:09:17] [TOKENIZER]Tokenizing module: Registru CFPP (Report)(Report) [Registru CFPP].[BTN_Click] : Tokenizing module: Registru CFPP (Report)
[20:09:17] [TOKENIZER]Tokenizing module: FC8067_PART (Report)(Report) [FC8067_PART].[Form_Load] : Tokenizing module: FC8067_PART (Report)
[20:09:17] [TOKENIZER]Tokenizing module: frmFX_MAIN_DDF (Form)(Form) [frmFX_MAIN_DDF].[Report_Open] : Tokenizing module: frmFX_MAIN_DDF (Form)
[20:09:17] [TOKENIZER]Tokenizing module: frmFX_MAIN_ASOC_CLSF (Form)(Form) [frmFX_MAIN_ASOC_CLSF].[B1_Click] : Tokenizing module: frmFX_MAIN_ASOC_CLSF (Form)
[20:09:17] [TOKENIZER]Tokenizing module: F1133_D (Form)(Form) [F1133_D].[Report_Open] : Tokenizing module: F1133_D (Form)
[2026-04-15 20:09:17] ❌ TokenizeModule: NullReferenceException - Object reference not set to an instance of an object.
   at TokenizeModule (modTokenization.vb:140)
[2026-04-15 20:09:18] ❌ PrepareWorkingLines: NullReferenceException - Object reference not set to an instance of an object.
   at PrepareWorkingLines (modTokenization.vb:177)
[20:09:18] [TOKENIZER]Tokenizing module: frmFX_DDF_REV_SECT_A (Form)(Form) [frmFX_DDF_REV_SECT_A].[Tp_Change] : Tokenizing module: frmFX_DDF_REV_SECT_A (Form)
[20:09:18] [TOKENIZER]Tokenizing module: MonthPicker (Form)(Form) [MonthPicker].[Form_Load] : Tokenizing module: MonthPicker (Form)
[20:09:18] [TOKENIZER]Tokenizing module: Salarii2026_PN (Form)(Form) [Salarii2026_PN].[Report_Load] : Tokenizing module: Salarii2026_PN (Form)
[20:09:18] [TOKENIZER]Tokenizing module: frmFiles (Form)(Form) [frmFiles].[LatestFile] : Tokenizing module: frmFiles (Form)
[20:09:18] [TOKENIZER]Tokenizing module: Note_PDF_EF (Form)(Form) [Note_PDF_EF].[Label2_Click] : Tokenizing module: Note_PDF_EF (Form)
[20:09:18] [TOKENIZER]Tokenizing module: Salarii2026_PC (Form)(Form) [Salarii2026_PC].[Form_Timer] : Tokenizing module: Salarii2026_PC (Form)
[20:09:18] [TOKENIZER]Tokenizing module: Disp2020_sub (Form)(Form) [Disp2020_sub].[GetExcelColumnLetter] : Tokenizing module: Disp2020_sub (Form)
[20:09:18] [TOKENIZER]Tokenizing module: frmEF (Form)(Form) [frmEF].[Valoare_KeyDown] : Tokenizing module: frmEF (Form)
[20:09:18] [TOKENIZER]Tokenizing module: LuniBlocate (Form)(Form) [LuniBlocate].[CalcBalantaLRJ] : Tokenizing module: LuniBlocate (Form)
[20:09:18] [TOKENIZER]Tokenizing module: Copy Of Btns (Form)(Form) [Copy Of Btns] : Tokenizing module: Copy Of Btns (Form)
[2026-04-15 20:09:18] ❌ TokenizeModule: NullReferenceException - Object reference not set to an instance of an object.
   at TokenizeModule (modTokenization.vb:140)
[20:09:18] [TOKENIZER]Tokenizing module: CC (Form)(Form) [CC].[Report_NoData] : Tokenizing module: CC (Form)
[20:09:18] [TOKENIZER]Tokenizing module: EFACTURA_UM (Form)(Form) [EFACTURA_UM].[Report_Close] : Tokenizing module: EFACTURA_UM (Form)
[20:09:18] [TOKENIZER]Tokenizing module: LOR (Form)(Form) [LOR].[Form_Load] : Tokenizing module: LOR (Form)
[20:09:18] [TOKENIZER]Tokenizing module: MF2019_Burse (Form)(Form) [MF2019_Burse].[sect_Change] : Tokenizing module: MF2019_Burse (Form)
[20:09:18] [TOKENIZER]Tokenizing module: LOG (Form)(Form) [LOG].[Form_Load] : Tokenizing module: LOG (Form)
[20:09:18] [TOKENIZER]Tokenizing module: DefaSalariiVA (Form)(Form) [DefaSalariiVA].[B_Click] : Tokenizing module: DefaSalariiVA (Form)
[20:09:18] [TOKENIZER]Tokenizing module: Inchidere_ContVenit (Form)(Form) [Inchidere_ContVenit].[ImportFilesToTblFiles] : Tokenizing module: Inchidere_ContVenit (Form)
[20:09:18] [TOKENIZER]Tokenizing module: Propunere 2016 (Report)(Report) [Propunere 2016].[Luni_Click] : Tokenizing module: Propunere 2016 (Report)
[20:09:18] [TOKENIZER]Tokenizing module: FisaContSintetic (Report)(Report) [FisaContSintetic].[Valoare_KeyDown] : Tokenizing module: FisaContSintetic (Report)
[20:09:18] [TOKENIZER]Tokenizing module: EF_F_inlucru (Form)(Form) [EF_F_inlucru].[Valoare_KeyDown] : Tokenizing module: EF_F_inlucru (Form)
[20:09:18] [TOKENIZER]Tokenizing module: rptOP2_prost (Report)(Report) [rptOP2_prost].[mcTree_TreeLoaded] : Tokenizing module: rptOP2_prost (Report)
[20:09:18] [TOKENIZER]Tokenizing module: frmFX_ORD (Form)(Form) [frmFX_ORD].[Form_Unload] : Tokenizing module: frmFX_ORD (Form)
[20:09:18] [TOKENIZER]Tokenizing module: Contracte_a (Form)(Form) [Contracte_a].[ClosePopupForm] : Tokenizing module: Contracte_a (Form)
[20:09:18] [TOKENIZER]Tokenizing module: frmZoom (Form)(Form) [frmZoom].[GetPosRect] : Tokenizing module: frmZoom (Form)
[20:09:18] [TOKENIZER]Tokenizing module: IMG (Form)(Form) [IMG] : Tokenizing module: IMG (Form)
[20:09:18] [TOKENIZER]Tokenizing module: Balanta2020_1 (Report)(Report) [Balanta2020_1].[Form_BeforeInsert] : Tokenizing module: Balanta2020_1 (Report)
[20:09:18] [TOKENIZER]Tokenizing module: FisaCont8 (Form)(Form) [FisaCont8].[Report_Open] : Tokenizing module: FisaCont8 (Form)
[20:09:18] [TOKENIZER]Tokenizing module: AddClsf_S1 (Form)(Form) [AddClsf_S1].[Report_Load] : Tokenizing module: AddClsf_S1 (Form)
[20:09:18] [TOKENIZER]Tokenizing module: EFACTURA_PickIBAN (Form)(Form) [EFACTURA_PickIBAN].[Report_Open] : Tokenizing module: EFACTURA_PickIBAN (Form)
[20:09:18] [TOKENIZER]Tokenizing module: Balanta_2021_T (Report)(Report) [Balanta_2021_T].[Form_Load] : Tokenizing module: Balanta_2021_T (Report)
[20:09:18] [TOKENIZER]Tokenizing module: SalariiSavDoc2019 (Form)(Form) [SalariiSavDoc2019].[SimbolCtRezP_AfterUpdate] : Tokenizing module: SalariiSavDoc2019 (Form)
[20:09:18] [TOKENIZER]Tokenizing module: FisaContPartenerC (Report)(Report) [FisaContPartenerC].[B_DblClick] : Tokenizing module: FisaContPartenerC (Report)
[20:09:18] [TOKENIZER]Tokenizing module: Balanta 4 Egalitati FP (Report)(Report) [Balanta 4 Egalitati FP].[Fld_Enter] : Tokenizing module: Balanta 4 Egalitati FP (Report)
[20:09:18] [TOKENIZER]Tokenizing module: frmMeter (Form)(Form) [frmMeter].[Form_Load] : Tokenizing module: frmMeter (Form)
[20:09:18] [TOKENIZER]Tokenizing module: XMLPath (Form)(Form) [XMLPath].[IESIRE_Click] : Tokenizing module: XMLPath (Form)
[20:09:18] [TOKENIZER]Tokenizing module: rptOP2 (Report)(Report) [rptOP2].[SavFact_Click] : Tokenizing module: rptOP2 (Report)
[20:09:18] [TOKENIZER]Tokenizing module: CorelatiiMateriale (Form)(Form) [CorelatiiMateriale].[xPartD_Enter] : Tokenizing module: CorelatiiMateriale (Form)
[20:09:18] [TOKENIZER]Tokenizing module: OrdonantarePlataBurse (Report)(Report) [OrdonantarePlataBurse].[List5_Click] : Tokenizing module: OrdonantarePlataBurse (Report)
[20:09:18] [TOKENIZER]Tokenizing module: Note_PlatiAsoc (Form)(Form) [Note_PlatiAsoc].[Platit_AfterUpdate] : Tokenizing module: Note_PlatiAsoc (Form)
[20:09:18] [TOKENIZER]Tokenizing module: XMLPath_sub (Form)(Form) [XMLPath_sub].[Completeaza_TmpClsf4] : Tokenizing module: XMLPath_sub (Form)
[20:09:18] [TOKENIZER]Tokenizing module: NotaContabila2016_3Randuri (Report)(Report) [NotaContabila2016_3Randuri].[B1_Click] : Tokenizing module: NotaContabila2016_3Randuri (Report)
[20:09:18] [TOKENIZER]Tokenizing module: EF_P (Form)(Form) [EF_P].[BTN_Click] : Tokenizing module: EF_P (Form)
[20:09:18] [TOKENIZER]Tokenizing module: ppInputBox (Form)(Form) [ppInputBox].[Form_Close] : Tokenizing module: ppInputBox (Form)
[20:09:18] [TOKENIZER]Tokenizing module: mdl_ExportExcel (Module)(Module) [mdl_ExportExcel].[BTN_Click] : Tokenizing module: mdl_ExportExcel (Module)
[20:09:18] [TOKENIZER]Tokenizing module: Balanta2021 (Form)(Form) [Balanta2021].[Da_Click] : Tokenizing module: Balanta2021 (Form)
[2026-04-15 20:09:18] ❌ PrepareWorkingLines: NullReferenceException - Object reference not set to an instance of an object.
   at PrepareWorkingLines (modTokenization.vb:177)
[20:09:18] [TOKENIZER]Tokenizing module: ClasificatiiBugetareV (Form)(Form) [ClasificatiiBugetareV].[Btn_DblClick] : Tokenizing module: ClasificatiiBugetareV (Form)
[20:09:18] [TOKENIZER]Tokenizing module: frmFX_MAIN_DDF_REV_A (Form)(Form) [frmFX_MAIN_DDF_REV_A].[S_BeforeUpdate] : Tokenizing module: frmFX_MAIN_DDF_REV_A (Form)
[20:09:18] [TOKENIZER]Tokenizing module: Jurnale_Centralizator (Report)(Report) [Jurnale_Centralizator].[SetText] : Tokenizing module: Jurnale_Centralizator (Report)
[20:09:18] [TOKENIZER]Tokenizing module: mdl_Import_Extrase (Module)(Module) [mdl_Import_Extrase].[GroupHeader0_Print] : Tokenizing module: mdl_Import_Extrase (Module)
[20:09:18] [TOKENIZER]Tokenizing module: frmFX_REZ (Form)(Form) [frmFX_REZ].[GroupHeader0_Print] : Tokenizing module: frmFX_REZ (Form)
[20:09:18] [TOKENIZER]Tokenizing module: IMG_ (Form)(Form) [IMG_].[Text31_Click] : Tokenizing module: IMG_ (Form)
[20:09:18] [TOKENIZER]Tokenizing module: frmFX_DDF (Form)(Form) [frmFX_DDF].[mcTree_TreeLoaded] : Tokenizing module: frmFX_DDF (Form)
[20:09:18] [TOKENIZER]Tokenizing module: mdl_MeasureString (Module)(Module) [mdl_MeasureString].[SetText] : Tokenizing module: mdl_MeasureString (Module)
[20:09:18] [TOKENIZER]Tokenizing module: Actiuni_sub (Form)(Form) [Actiuni_sub].[Form_Unload] : Tokenizing module: Actiuni_sub (Form)
[20:09:18] [TOKENIZER]Tokenizing module: DefaNoteB (Form)(Form) [DefaNoteB].[SavSalarii] : Tokenizing module: DefaNoteB (Form)
[20:09:18] [TOKENIZER]Tokenizing module: mdl_Uploader_VBNET (Module)(Module) [mdl_Uploader_VBNET].[btnS_Click] : Tokenizing module: mdl_Uploader_VBNET (Module)
[20:09:18] [TOKENIZER]Tokenizing module: OrdonantarePlataC (Report)(Report) [OrdonantarePlataC].[Report_NoData] : Tokenizing module: OrdonantarePlataC (Report)
[2026-04-15 20:09:18] ❌ TokenizeModule: NullReferenceException - Object reference not set to an instance of an object.
   at TokenizeModule (modTokenization.vb:140)
[20:09:18] [TOKENIZER]Tokenizing module: Balanta 4 egalitati RX (Report)(Report) [Balanta 4 egalitati RX].[ReportFooter_Format] : Tokenizing module: Balanta 4 egalitati RX (Report)
[2026-04-15 20:09:18] ❌ PrepareWorkingLines: NullReferenceException - Object reference not set to an instance of an object.
   at PrepareWorkingLines (modTokenization.vb:177)
[20:09:18] [TOKENIZER]Tokenizing module: FisaBugetara5 (Report)(Report) [FisaBugetara5].[Form_Load] : Tokenizing module: FisaBugetara5 (Report)
[20:09:18] [TOKENIZER]Tokenizing module: FisaCont8_Sal (Form)(Form) [FisaCont8_Sal].[IESIRE_Click] : Tokenizing module: FisaCont8_Sal (Form)
[20:09:18] [TOKENIZER]Tokenizing module: mdl_Hook4Trez (Module)(Module) [mdl_Hook4Trez].[Form_Current] : Tokenizing module: mdl_Hook4Trez (Module)
[2026-04-15 20:09:18] ❌ TokenizeModule: InvalidCastException - Unable to cast object of type 'ModuleContainer' to type 'FormReportContainer'.
   at TokenizeModule (modTokenization.vb:79)
[20:09:18] [TOKENIZER]Tokenizing module: 2021 Angajament individual (Report)(Report) [2021 Angajament individual].[PA_AfterUpdate] : Tokenizing module: 2021 Angajament individual (Report)
[2026-04-15 20:09:18] ❌ TokenizeModule: InvalidCastException - Unable to cast object of type 'ModuleContainer' to type 'FormReportContainer'.
   at TokenizeModule (modTokenization.vb:79)
[20:09:18] [TOKENIZER]Tokenizing module: mdl_2024 (Module)(Module) [mdl_2024].[DP_ZiuaClick] : Tokenizing module: mdl_2024 (Module)
[20:09:18] [TOKENIZER]Tokenizing module: frmTrace (Form)(Form) [frmTrace].[PozCtl] : Tokenizing module: frmTrace (Form)
[20:09:18] [TOKENIZER]Tokenizing module: FX_POPUPS (Form)(Form) [FX_POPUPS].[mcTree_Click] : Tokenizing module: FX_POPUPS (Form)
[20:09:18] [TOKENIZER]Tokenizing module: subCT_EXTRA (Form)(Form) [subCT_EXTRA].[fxState_RowChanged] : Tokenizing module: subCT_EXTRA (Form)
[2026-04-15 20:09:18] ❌ TokenizeModule: InvalidCastException - Unable to cast object of type 'ModuleContainer' to type 'FormReportContainer'.
   at TokenizeModule (modTokenization.vb:79)
[20:09:19] [TOKENIZER]Tokenizing module: clsFirmaTVAS (Module)(Module) [clsFirmaTVAS] : Tokenizing module: clsFirmaTVAS (Module)
[20:09:19] [TOKENIZER]Tokenizing module: ExportXML (Module)(Module) [ExportXML] : Tokenizing module: ExportXML (Module)
[20:09:19] [TOKENIZER]Tokenizing module: mdl_UpdateFE (Module)(Module) [mdl_UpdateFE].[GroupHeader0_Print] : Tokenizing module: mdl_UpdateFE (Module)
[20:09:19] [TOKENIZER]Tokenizing module: SituatieBazaDate (Form)(Form) [SituatieBazaDate] : Tokenizing module: SituatieBazaDate (Form)
[20:09:19] [TOKENIZER]Tokenizing module: Btns (Form)(Form) [Btns].[Report_NoData] : Tokenizing module: Btns (Form)
[20:09:19] [TOKENIZER]Tokenizing module: MF2019_1 (Form)(Form) [MF2019_1].[Report_Open] : Tokenizing module: MF2019_1 (Form)
[2026-04-15 20:09:19] ❌ TokenizeModule: NullReferenceException - Object reference not set to an instance of an object.
   at TokenizeModule (modTokenization.vb:140)
[20:09:19] [TOKENIZER]Tokenizing module: tmpDefaNote subform (Form)(Form) [tmpDefaNote subform].[Report_Open] : Tokenizing module: tmpDefaNote subform (Form)
[20:09:19] [TOKENIZER]Tokenizing module: DefaClsfF subform (Form)(Form) [DefaClsfF subform].[Form_BeforeUpdate] : Tokenizing module: DefaClsfF subform (Form)
[2026-04-15 20:09:19] ❌ PrepareWorkingLines: NullReferenceException - Object reference not set to an instance of an object.
   at PrepareWorkingLines (modTokenization.vb:177)
[20:09:19] [TOKENIZER]Tokenizing module: tmpLEGUNIT (Form)(Form) [tmpLEGUNIT].[Report_Open] : Tokenizing module: tmpLEGUNIT (Form)
[2026-04-15 20:09:19] ❌ TokenizeModule: InvalidCastException - Unable to cast object of type 'ModuleContainer' to type 'FormReportContainer'.
   at TokenizeModule (modTokenization.vb:79)
[2026-04-15 20:09:19] ❌ TokenizeModule: InvalidCastException - Unable to cast object of type 'ModuleContainer' to type 'FormReportContainer'.
   at TokenizeModule (modTokenization.vb:79)
[20:09:19] [TOKENIZER]Tokenizing module: Note_Trezo (Form)(Form) [Note_Trezo].[mcTree_TreeLoaded] : Tokenizing module: Note_Trezo (Form)
[2026-04-15 20:09:19] ❌ TokenizeModule: InvalidCastException - Unable to cast object of type 'ModuleContainer' to type 'FormReportContainer'.
   at TokenizeModule (modTokenization.vb:79)
[20:09:19] [TOKENIZER]Tokenizing module: Fisa_CT8062 (Report)(Report) [Fisa_CT8062].[Pop_FisaCont8_Salarii] : Tokenizing module: Fisa_CT8062 (Report)
[20:09:19] [TOKENIZER]Tokenizing module: mdl_TreeControlers (Module)(Module) [mdl_TreeControlers] : Tokenizing module: mdl_TreeControlers (Module)
[20:09:19] [TOKENIZER]Tokenizing module: mdl_DISK_RW (Module)(Module) [mdl_DISK_RW] : Tokenizing module: mdl_DISK_RW (Module)
[20:09:19] [TOKENIZER]Tokenizing module: clsCerts (Module)(Module) [clsCerts].[IsParentMenu_Click] : Tokenizing module: clsCerts (Module)
[20:09:19] [TOKENIZER]Tokenizing module: mdl_Balanta2020 (Module)(Module) [mdl_Balanta2020] : Tokenizing module: mdl_Balanta2020 (Module)
[2026-04-15 20:09:19] ❌ TokenizeModule: NullReferenceException - Object reference not set to an instance of an object.
   at TokenizeModule (modTokenization.vb:140)
[20:09:19] [TOKENIZER]Tokenizing module: DefaNumerar (Form)(Form) [DefaNumerar].[Report_NoData] : Tokenizing module: DefaNumerar (Form)
[20:09:19] [TOKENIZER]Tokenizing module: 2013 Angajament individual MNC (Report)(Report) [2013 Angajament individual MNC].[BTN_Click] : Tokenizing module: 2013 Angajament individual MNC (Report)
[20:09:19] [TOKENIZER]Tokenizing module: FisaContPartener2015 (Report)(Report) [FisaContPartener2015].[Form_BeforeUpdate] : Tokenizing module: FisaContPartener2015 (Report)
[20:09:19] [TOKENIZER]Tokenizing module: EFACTURA_ADD_FACTURI (Form)(Form) [EFACTURA_ADD_FACTURI].[RefreshForm] : Tokenizing module: EFACTURA_ADD_FACTURI (Form)
[2026-04-15 20:09:19] ❌ TokenizeModule: InvalidCastException - Unable to cast object of type 'ModuleContainer' to type 'FormReportContainer'.
   at TokenizeModule (modTokenization.vb:79)
[20:09:19] [TOKENIZER]Tokenizing module: OrdonantarePlataD (Report)(Report) [OrdonantarePlataD].[S_AfterUpdate] : Tokenizing module: OrdonantarePlataD (Report)
[2026-04-15 20:09:19] ❌ TokenizeModule: InvalidCastException - Unable to cast object of type 'ModuleContainer' to type 'FormReportContainer'.
   at TokenizeModule (modTokenization.vb:79)
[2026-04-15 20:09:19] ❌ TokenizeModule: InvalidCastException - Unable to cast object of type 'ModuleContainer' to type 'FormReportContainer'.
   at TokenizeModule (modTokenization.vb:79)
[20:09:19] [TOKENIZER]Tokenizing module: frmFX_MAIN_Plati_Detalii (Form)(Form) [frmFX_MAIN_Plati_Detalii].[btnModificaOperatie_Click] : Tokenizing module: frmFX_MAIN_Plati_Detalii (Form)
[20:09:19] [TOKENIZER]Tokenizing module: rptOP5 (Report)(Report) [rptOP5].[Suma_BeforeUpdate] : Tokenizing module: rptOP5 (Report)
[20:09:19] [TOKENIZER]Tokenizing module: AdaugaTabelInTBLS (Form)(Form) [AdaugaTabelInTBLS].[AddTableToNode] : Tokenizing module: AdaugaTabelInTBLS (Form)
[20:09:19] [TOKENIZER]Tokenizing module: mdl_EFactura_Add (Module)(Module) [mdl_EFactura_Add] : Tokenizing module: mdl_EFactura_Add (Module)
[20:09:19] [TOKENIZER]Tokenizing module: mdl_TrustedLocation (Module)(Module) [mdl_TrustedLocation] : Tokenizing module: mdl_TrustedLocation (Module)
[20:09:19] [TOKENIZER]Tokenizing module: mdl_Salarii2015_deSters (Module)(Module) [mdl_Salarii2015_deSters].[GroupHeader0_Print] : Tokenizing module: mdl_Salarii2015_deSters (Module)
[20:09:19] [TOKENIZER]Tokenizing module: DefaTitlu subform (Form)(Form) [DefaTitlu subform].[AddRelToNode] : Tokenizing module: DefaTitlu subform (Form)
[20:09:19] [TOKENIZER]Tokenizing module: FisaBugetara4 (Report)(Report) [FisaBugetara4].[Form_Load] : Tokenizing module: FisaBugetara4 (Report)
[20:09:19] [TOKENIZER]Tokenizing module: FC8067_CLSF (Report)(Report) [FC8067_CLSF].[Report_Close] : Tokenizing module: FC8067_CLSF (Report)
[20:09:19] [TOKENIZER]Tokenizing module: OPuri2017_Plati (Form)(Form) [OPuri2017_Plati].[Report_Open] : Tokenizing module: OPuri2017_Plati (Form)
[2026-04-15 20:09:19] ❌ PrepareWorkingLines: NullReferenceException - Object reference not set to an instance of an object.
   at PrepareWorkingLines (modTokenization.vb:177)
[20:09:19] [TOKENIZER]Tokenizing module: CheckList (Form)(Form) [CheckList].[Detail_Print] : Tokenizing module: CheckList (Form)
[2026-04-15 20:09:19] ❌ TokenizeModule: InvalidCastException - Unable to cast object of type 'ModuleContainer' to type 'FormReportContainer'.
   at TokenizeModule (modTokenization.vb:79)
[2026-04-15 20:09:19] ❌ TokenizeModule: InvalidCastException - Unable to cast object of type 'ModuleContainer' to type 'FormReportContainer'.
   at TokenizeModule (modTokenization.vb:79)
[20:09:19] [TOKENIZER]Tokenizing module: AngajamentFG (Report)(Report) [AngajamentFG].[S_Click] : Tokenizing module: AngajamentFG (Report)
[2026-04-15 20:09:19] ❌ TokenizeModule: InvalidCastException - Unable to cast object of type 'ModuleContainer' to type 'FormReportContainer'.
   at TokenizeModule (modTokenization.vb:79)
[20:09:19] [TOKENIZER]Tokenizing module: mdl_FTP (Module)(Module) [mdl_FTP].[GroupFooter1_Print] : Tokenizing module: mdl_FTP (Module)
[2026-04-15 20:09:19] ❌ TokenizeModule: InvalidCastException - Unable to cast object of type 'ModuleContainer' to type 'FormReportContainer'.
   at TokenizeModule (modTokenization.vb:79)
[20:09:19] [TOKENIZER]Tokenizing module: Monitorizare (Report)(Report) [Monitorizare].[AddTableToNode] : Tokenizing module: Monitorizare (Report)
[20:09:19] [TOKENIZER]Tokenizing module: mdl_FX_Tasks_Send (Module)(Module) [mdl_FX_Tasks_Send] : Tokenizing module: mdl_FX_Tasks_Send (Module)
[20:09:19] [TOKENIZER]Tokenizing module: basGDIPlus (Module)(Module) [basGDIPlus] : Tokenizing module: basGDIPlus (Module)
[20:09:19] [TOKENIZER]Tokenizing module: cBtnMeniu (Module)(Module) [cBtnMeniu] : Tokenizing module: cBtnMeniu (Module)
[20:09:19] [TOKENIZER]Tokenizing module: clsJobTask (Module)(Module) [clsJobTask].[AddRelToNode] : Tokenizing module: clsJobTask (Module)
[20:09:19] [TOKENIZER]Tokenizing module: mdl_TRECERE_AN (Module)(Module) [mdl_TRECERE_AN].[Report_Open] : Tokenizing module: mdl_TRECERE_AN (Module)
[20:09:19] [TOKENIZER]Tokenizing module: rptOP4 (Report)(Report) [rptOP4].[Report_Open] : Tokenizing module: rptOP4 (Report)
[20:09:19] [TOKENIZER]Tokenizing module: mdl_Propunere (Module)(Module) [mdl_Propunere].[Form_Resize] : Tokenizing module: mdl_Propunere (Module)
[2026-04-15 20:09:19] ❌ TokenizeModule: InvalidCastException - Unable to cast object of type 'ModuleContainer' to type 'FormReportContainer'.
   at TokenizeModule (modTokenization.vb:79)
[20:09:19] [TOKENIZER]Tokenizing module: RectificariV (Form)(Form) [RectificariV].[Report_Open] : Tokenizing module: RectificariV (Form)
[20:09:19] [TOKENIZER]Tokenizing module: AddClsf (Form)(Form) [AddClsf].[Titlu_BeforeUpdate] : Tokenizing module: AddClsf (Form)
[20:09:19] [TOKENIZER]Tokenizing module: frmFX_ORD_DOC_TXT (Form)(Form) [frmFX_ORD_DOC_TXT].[PageHeaderSection_Print] : Tokenizing module: frmFX_ORD_DOC_TXT (Form)
[2026-04-15 20:09:19] ❌ TokenizeModule: NullReferenceException - Object reference not set to an instance of an object.
   at TokenizeModule (modTokenization.vb:140)
[2026-04-15 20:09:19] ❌ PrepareWorkingLines: NullReferenceException - Object reference not set to an instance of an object.
   at PrepareWorkingLines (modTokenization.vb:177)
[2026-04-15 20:09:19] ❌ TokenizeModule: InvalidCastException - Unable to cast object of type 'ModuleContainer' to type 'FormReportContainer'.
   at TokenizeModule (modTokenization.vb:79)
[2026-04-15 20:09:19] ❌ TokenizeModule: InvalidCastException - Unable to cast object of type 'ModuleContainer' to type 'FormReportContainer'.
   at TokenizeModule (modTokenization.vb:79)
[20:09:19] [TOKENIZER]Tokenizing module: subCT8030 (Form)(Form) [subCT8030].[Form_Load] : Tokenizing module: subCT8030 (Form)
[20:09:20] [TOKENIZER]Tokenizing module: clsWORKER (Module)(Module) [clsWORKER].[GroupHeader0_Print] : Tokenizing module: clsWORKER (Module)
[20:09:20] [TOKENIZER]Tokenizing module: BalantaExtraTotal (Report)(Report) [BalantaExtraTotal] : Tokenizing module: BalantaExtraTotal (Report)
[20:09:20] [TOKENIZER]Tokenizing module: clsIndex (Module)(Module) [clsIndex].[GroupFooter1_Print] : Tokenizing module: clsIndex (Module)
[20:09:20] [TOKENIZER]Tokenizing module: cSalariiBtn (Module)(Module) [cSalariiBtn] : Tokenizing module: cSalariiBtn (Module)
[20:09:20] [TOKENIZER]Tokenizing module: Avacont (Form)(Form) [Avacont].[Form_BeforeInsert] : Tokenizing module: Avacont (Form)
[2026-04-15 20:09:20] ❌ TokenizeModule: InvalidCastException - Unable to cast object of type 'ModuleContainer' to type 'FormReportContainer'.
   at TokenizeModule (modTokenization.vb:79)
[2026-04-15 20:09:20] ❌ TokenizeModule: InvalidCastException - Unable to cast object of type 'ModuleContainer' to type 'FormReportContainer'.
   at TokenizeModule (modTokenization.vb:79)
[2026-04-15 20:09:20] ❌ TokenizeModule: InvalidCastException - Unable to cast object of type 'ModuleContainer' to type 'FormReportContainer'.
   at TokenizeModule (modTokenization.vb:79)
[2026-04-15 20:09:20] ❌ TokenizeModule: InvalidCastException - Unable to cast object of type 'ModuleContainer' to type 'FormReportContainer'.
   at TokenizeModule (modTokenization.vb:79)
[2026-04-15 20:09:20] ❌ TokenizeModule: InvalidCastException - Unable to cast object of type 'ModuleContainer' to type 'FormReportContainer'.
   at TokenizeModule (modTokenization.vb:79)
[20:09:20] [TOKENIZER]Tokenizing module: tmpSalariiS0 (Form)(Form) [tmpSalariiS0].[Form_BeforeUpdate] : Tokenizing module: tmpSalariiS0 (Form)
[20:09:20] [TOKENIZER]Tokenizing module: subFormVBNET (Form)(Form) [subFormVBNET].[GroupHeader0_Print] : Tokenizing module: subFormVBNET (Form)
[20:09:20] [TOKENIZER]Tokenizing module: Contracte (Form)(Form) [Contracte].[Form_BeforeUpdate] : Tokenizing module: Contracte (Form)
[2026-04-15 20:09:20] ❌ TokenizeModule: InvalidCastException - Unable to cast object of type 'ModuleContainer' to type 'FormReportContainer'.
   at TokenizeModule (modTokenization.vb:79)
[20:09:20] [TOKENIZER]Tokenizing module: FisaContSinteticC (Report)(Report) [FisaContSinteticC].[Form_Load] : Tokenizing module: FisaContSinteticC (Report)
[2026-04-15 20:09:20] ❌ TokenizeModule: InvalidCastException - Unable to cast object of type 'ModuleContainer' to type 'FormReportContainer'.
   at TokenizeModule (modTokenization.vb:79)
[20:09:20] [TOKENIZER]Tokenizing module: mdl_VBNET (Module)(Module) [mdl_VBNET] : Tokenizing module: mdl_VBNET (Module)
[20:09:20] [TOKENIZER]Tokenizing module: mdl_2026 (Module)(Module) [mdl_2026] : Tokenizing module: mdl_2026 (Module)
[20:09:20] [TOKENIZER]Tokenizing module: cFrms (Module)(Module) [cFrms] : Tokenizing module: cFrms (Module)
[20:09:20] [TOKENIZER]Tokenizing module: mdl_Autoexec (Module)(Module) [mdl_Autoexec].[Report_Open] : Tokenizing module: mdl_Autoexec (Module)
[20:09:20] [TOKENIZER]Tokenizing module: modVBA (Module)(Module) [modVBA] : Tokenizing module: modVBA (Module)
[20:09:20] [TOKENIZER]Tokenizing module: clsHTTP_Async_Element (Module)(Module) [clsHTTP_Async_Element].[Salveaza_Click] : Tokenizing module: clsHTTP_Async_Element (Module)
[20:09:20] [TOKENIZER]Tokenizing module: mdl_FX_Receptii (Module)(Module) [mdl_FX_Receptii].[Form_Resize] : Tokenizing module: mdl_FX_Receptii (Module)
[20:09:20] [TOKENIZER]Tokenizing module: mdl_Ordonantare2026 (Module)(Module) [mdl_Ordonantare2026].[GroupHeader0_Print] : Tokenizing module: mdl_Ordonantare2026 (Module)
[20:09:20] [TOKENIZER]Tokenizing module: mdl_IsProcessRunning (Module)(Module) [mdl_IsProcessRunning].[Report_Open] : Tokenizing module: mdl_IsProcessRunning (Module)
[20:09:20] [TOKENIZER]Tokenizing module: mdl_Ordonantare (Module)(Module) [mdl_Ordonantare].[Form_Load] : Tokenizing module: mdl_Ordonantare (Module)
[2026-04-15 20:09:20] ❌ TokenizeModule: InvalidCastException - Unable to cast object of type 'ModuleContainer' to type 'FormReportContainer'.
   at TokenizeModule (modTokenization.vb:79)
[2026-04-15 20:09:20] ❌ TokenizeModule: InvalidCastException - Unable to cast object of type 'ModuleContainer' to type 'FormReportContainer'.
   at TokenizeModule (modTokenization.vb:79)
[2026-04-15 20:09:20] ❌ TokenizeModule: InvalidCastException - Unable to cast object of type 'ModuleContainer' to type 'FormReportContainer'.
   at TokenizeModule (modTokenization.vb:79)
[20:09:20] [TOKENIZER]Tokenizing module: mdl_Timer (Module)(Module) [mdl_Timer].[Valoare_KeyDown] : Tokenizing module: mdl_Timer (Module)
[20:09:20] [TOKENIZER]Tokenizing module: clsHTTP_Async (Module)(Module) [clsHTTP_Async].[mcTree_Click] : Tokenizing module: clsHTTP_Async (Module)
[20:09:20] [TOKENIZER]Tokenizing module: Module1 (Module)(Module) [Module1].[Intra_Click] : Tokenizing module: Module1 (Module)
[20:09:20] [TOKENIZER]Tokenizing module: mdl_Sendkeys (Module)(Module) [mdl_Sendkeys] : Tokenizing module: mdl_Sendkeys (Module)
[20:09:20] [TOKENIZER]Tokenizing module: clsRECT (Module)(Module) [clsRECT] : Tokenizing module: clsRECT (Module)
[20:09:20] [TOKENIZER]Tokenizing module: LargeNumbers (Module)(Module) [LargeNumbers].[Terminare_Click] : Tokenizing module: LargeNumbers (Module)
[2026-04-15 20:09:20] ❌ PrepareWorkingLines: NullReferenceException - Object reference not set to an instance of an object.
   at PrepareWorkingLines (modTokenization.vb:177)
[2026-04-15 20:09:20] ❌ PrepareWorkingLines: NullReferenceException - Object reference not set to an instance of an object.
   at PrepareWorkingLines (modTokenization.vb:177)
[2026-04-15 20:09:20] ❌ TokenizeModule: InvalidCastException - Unable to cast object of type 'ModuleContainer' to type 'FormReportContainer'.
   at TokenizeModule (modTokenization.vb:79)
[2026-04-15 20:09:20] ❌ TokenizeModule: InvalidCastException - Unable to cast object of type 'ModuleContainer' to type 'FormReportContainer'.
   at TokenizeModule (modTokenization.vb:79)
[2026-04-15 20:09:20] ❌ TokenizeModule: InvalidCastException - Unable to cast object of type 'ModuleContainer' to type 'FormReportContainer'.
   at TokenizeModule (modTokenization.vb:79)
[2026-04-15 20:09:20] ❌ TokenizeModule: InvalidCastException - Unable to cast object of type 'ModuleContainer' to type 'FormReportContainer'.
   at TokenizeModule (modTokenization.vb:79)
[2026-04-15 20:09:20] ❌ TokenizeModule: InvalidCastException - Unable to cast object of type 'ModuleContainer' to type 'FormReportContainer'.
   at TokenizeModule (modTokenization.vb:79)
[2026-04-15 20:09:20] ❌ TokenizeModule: InvalidCastException - Unable to cast object of type 'ModuleContainer' to type 'FormReportContainer'.
   at TokenizeModule (modTokenization.vb:79)
[2026-04-15 20:09:20] ❌ TokenizeModule: InvalidCastException - Unable to cast object of type 'ModuleContainer' to type 'FormReportContainer'.
   at TokenizeModule (modTokenization.vb:79)
[2026-04-15 20:09:20] ❌ TokenizeModule: InvalidCastException - Unable to cast object of type 'ModuleContainer' to type 'FormReportContainer'.
   at TokenizeModule (modTokenization.vb:79)
[2026-04-15 20:09:20] ❌ TokenizeModule: InvalidCastException - Unable to cast object of type 'ModuleContainer' to type 'FormReportContainer'.
   at TokenizeModule (modTokenization.vb:79)
[2026-04-15 20:09:20] ❌ TokenizeModule: InvalidCastException - Unable to cast object of type 'ModuleContainer' to type 'FormReportContainer'.
   at TokenizeModule (modTokenization.vb:79)
[2026-04-15 20:09:20] ❌ TokenizeModule: InvalidCastException - Unable to cast object of type 'ModuleContainer' to type 'FormReportContainer'.
   at TokenizeModule (modTokenization.vb:79)
[20:09:20] [TOKENIZER]Tokenizing module: clsFilePicker (Module)(Module) [clsFilePicker].[Form_Resize] : Tokenizing module: clsFilePicker (Module)
[20:09:20] [TOKENIZER]Tokenizing module: mdl_FX_Angajament (Module)(Module) [mdl_FX_Angajament] : Tokenizing module: mdl_FX_Angajament (Module)
[20:09:20] [TOKENIZER]Tokenizing module: mdl_FileVersion (Module)(Module) [mdl_FileVersion] : Tokenizing module: mdl_FileVersion (Module)
[20:09:20] [TOKENIZER]Tokenizing module: clsTreeView (Module)(Module) [clsTreeView] : Tokenizing module: clsTreeView (Module)
[20:09:20] [TOKENIZER]Tokenizing module: cTrickTimer (Module)(Module) [cTrickTimer] : Tokenizing module: cTrickTimer (Module)
[20:09:20] [TOKENIZER]Tokenizing module: clsDatePicker_Anul (Module)(Module) [clsDatePicker_Anul] : Tokenizing module: clsDatePicker_Anul (Module)
[20:09:20] [TOKENIZER]Tokenizing module: tmp_CreateForm (Module)(Module) [tmp_CreateForm] : Tokenizing module: tmp_CreateForm (Module)
[20:09:20] [TOKENIZER]Tokenizing module: cDirItem (Module)(Module) [cDirItem].[Form_Load] : Tokenizing module: cDirItem (Module)
[20:09:20] [TOKENIZER]Tokenizing module: mdl_PixelsToTwips (Module)(Module) [mdl_PixelsToTwips].[Report_Open] : Tokenizing module: mdl_PixelsToTwips (Module)
[20:09:20] [TOKENIZER]Tokenizing module: clsFirmaInactiva (Module)(Module) [clsFirmaInactiva].[Report_Open] : Tokenizing module: clsFirmaInactiva (Module)
[20:09:20] [TOKENIZER]Tokenizing module: cBtnsMeniu (Module)(Module) [cBtnsMeniu].[pAnchor_AnchorResizeFinished] : Tokenizing module: cBtnsMeniu (Module)
[2026-04-15 20:09:20] ❌ TokenizeModule: InvalidCastException - Unable to cast object of type 'ModuleContainer' to type 'FormReportContainer'.
   at TokenizeModule (modTokenization.vb:79)
[2026-04-15 20:09:20] ❌ TokenizeModule: InvalidCastException - Unable to cast object of type 'ModuleContainer' to type 'FormReportContainer'.
   at TokenizeModule (modTokenization.vb:79)
[2026-04-15 20:09:20] ❌ TokenizeModule: InvalidCastException - Unable to cast object of type 'ModuleContainer' to type 'FormReportContainer'.
   at TokenizeModule (modTokenization.vb:79)
[2026-04-15 20:09:20] ❌ TokenizeModule: InvalidCastException - Unable to cast object of type 'ModuleContainer' to type 'FormReportContainer'.
   at TokenizeModule (modTokenization.vb:79)
[2026-04-15 20:09:20] ❌ TokenizeModule: InvalidCastException - Unable to cast object of type 'ModuleContainer' to type 'FormReportContainer'.
   at TokenizeModule (modTokenization.vb:79)
[20:09:21] [TOKENIZER]Tokenizing module: clsDatePicker_Luna (Module)(Module) [clsDatePicker_Luna] : Tokenizing module: clsDatePicker_Luna (Module)
[20:09:21] [TOKENIZER]Tokenizing module: _SC_Constants (Module)(Module) [_SC_Constants] : Tokenizing module: _SC_Constants (Module)
[20:09:21] [TOKENIZER]Tokenizing module: mdl_Dispozitii (Module)(Module) [mdl_Dispozitii] : Tokenizing module: mdl_Dispozitii (Module)
[20:09:21] [TOKENIZER]Tokenizing module: mdl_Functii2024 (Module)(Module) [mdl_Functii2024].[GroupHeader0_Print] : Tokenizing module: mdl_Functii2024 (Module)
[20:09:21] [TOKENIZER]Tokenizing module: mdl_MsBox (Module)(Module) [mdl_MsBox] : Tokenizing module: mdl_MsBox (Module)
[2026-04-15 20:09:21] ❌ TokenizeModule: InvalidCastException - Unable to cast object of type 'ModuleContainer' to type 'FormReportContainer'.
   at TokenizeModule (modTokenization.vb:79)
[2026-04-15 20:09:21] ❌ TokenizeModule: InvalidCastException - Unable to cast object of type 'ModuleContainer' to type 'FormReportContainer'.
   at TokenizeModule (modTokenization.vb:79)
[2026-04-15 20:09:21] ❌ TokenizeModule: InvalidCastException - Unable to cast object of type 'ModuleContainer' to type 'FormReportContainer'.
   at TokenizeModule (modTokenization.vb:79)
[2026-04-15 20:09:21] ❌ TokenizeModule: InvalidCastException - Unable to cast object of type 'ModuleContainer' to type 'FormReportContainer'.
   at TokenizeModule (modTokenization.vb:79)
[2026-04-15 20:09:21] ❌ PrepareWorkingLines: NullReferenceException - Object reference not set to an instance of an object.
   at PrepareWorkingLines (modTokenization.vb:177)
[2026-04-15 20:09:21] ❌ TokenizeModule: InvalidCastException - Unable to cast object of type 'ModuleContainer' to type 'FormReportContainer'.
   at TokenizeModule (modTokenization.vb:79)
[2026-04-15 20:09:21] ❌ TokenizeModule: InvalidCastException - Unable to cast object of type 'ModuleContainer' to type 'FormReportContainer'.
   at TokenizeModule (modTokenization.vb:79)
[2026-04-15 20:09:21] ❌ TokenizeModule: InvalidCastException - Unable to cast object of type 'ModuleContainer' to type 'FormReportContainer'.
   at TokenizeModule (modTokenization.vb:79)
[2026-04-15 20:09:21] ❌ TokenizeModule: InvalidCastException - Unable to cast object of type 'ModuleContainer' to type 'FormReportContainer'.
   at TokenizeModule (modTokenization.vb:79)
[2026-04-15 20:09:21] ❌ TokenizeModule: InvalidCastException - Unable to cast object of type 'ModuleContainer' to type 'FormReportContainer'.
   at TokenizeModule (modTokenization.vb:79)
[2026-04-15 20:09:21] ❌ TokenizeModule: InvalidCastException - Unable to cast object of type 'ModuleContainer' to type 'FormReportContainer'.
   at TokenizeModule (modTokenization.vb:79)
[20:09:21] [TOKENIZER]Tokenizing module: mdl_DllPath (Module)(Module) [mdl_DllPath] : Tokenizing module: mdl_DllPath (Module)
[20:09:21] [TOKENIZER]Tokenizing module: mdl_UserForm (Module)(Module) [mdl_UserForm] : Tokenizing module: mdl_UserForm (Module)
[20:09:21] [TOKENIZER]Tokenizing module: mdl_Retea (Module)(Module) [mdl_Retea] : Tokenizing module: mdl_Retea (Module)
[20:09:21] [TOKENIZER]Tokenizing module: mdl_Functii2022 (Module)(Module) [mdl_Functii2022].[Form_Unload] : Tokenizing module: mdl_Functii2022 (Module)
[20:09:21] [TOKENIZER]Tokenizing module: mdl_Burse (Module)(Module) [mdl_Burse] : Tokenizing module: mdl_Burse (Module)
[20:09:21] [TOKENIZER]Tokenizing module: clsZipManager (Module)(Module) [clsZipManager] : Tokenizing module: clsZipManager (Module)
[20:09:21] [TOKENIZER]Tokenizing module: mdl_RegistruCasa (Module)(Module) [mdl_RegistruCasa].[bSAV_Click] : Tokenizing module: mdl_RegistruCasa (Module)
[20:09:21] [TOKENIZER]Tokenizing module: FIRST (Module)(Module) [FIRST] : Tokenizing module: FIRST (Module)
[20:09:21] [TOKENIZER]Tokenizing module: clsControlData (Module)(Module) [clsControlData] : Tokenizing module: clsControlData (Module)
[20:09:21] [TOKENIZER]Tokenizing module: mdl_LargeNumbersOperations (Module)(Module) [mdl_LargeNumbersOperations] : Tokenizing module: mdl_LargeNumbersOperations (Module)
[2026-04-15 20:09:21] ❌ TokenizeModule: InvalidCastException - Unable to cast object of type 'ModuleContainer' to type 'FormReportContainer'.
   at TokenizeModule (modTokenization.vb:79)
[2026-04-15 20:09:21] ❌ TokenizeModule: InvalidCastException - Unable to cast object of type 'ModuleContainer' to type 'FormReportContainer'.
   at TokenizeModule (modTokenization.vb:79)
[2026-04-15 20:09:21] ❌ TokenizeModule: InvalidCastException - Unable to cast object of type 'ModuleContainer' to type 'FormReportContainer'.
   at TokenizeModule (modTokenization.vb:79)
[2026-04-15 20:09:21] ❌ TokenizeModule: InvalidCastException - Unable to cast object of type 'ModuleContainer' to type 'FormReportContainer'.
   at TokenizeModule (modTokenization.vb:79)
[2026-04-15 20:09:21] ❌ TokenizeModule: InvalidCastException - Unable to cast object of type 'ModuleContainer' to type 'FormReportContainer'.
   at TokenizeModule (modTokenization.vb:79)
[2026-04-15 20:09:21] ❌ TokenizeModule: InvalidCastException - Unable to cast object of type 'ModuleContainer' to type 'FormReportContainer'.
   at TokenizeModule (modTokenization.vb:79)
[20:09:21] [TOKENIZER]Tokenizing module: clsUnitate (Module)(Module) [clsUnitate] : Tokenizing module: clsUnitate (Module)
[20:09:21] [TOKENIZER]Tokenizing module: mdl_EFactura (Module)(Module) [mdl_EFactura] : Tokenizing module: mdl_EFactura (Module)
[20:09:21] [TOKENIZER]Tokenizing module: clsTable (Module)(Module) [clsTable] : Tokenizing module: clsTable (Module)
[20:09:21] [TOKENIZER]Tokenizing module: clsTrace (Module)(Module) [clsTrace].[FileToBase64] : Tokenizing module: clsTrace (Module)
[20:09:21] [TOKENIZER]Tokenizing module: mdl_CnnTables (Module)(Module) [mdl_CnnTables].[KeepDBInMemory] : Tokenizing module: mdl_CnnTables (Module)
[20:09:21] [TOKENIZER]Tokenizing module: mdl_2022 (Module)(Module) [mdl_2022] : Tokenizing module: mdl_2022 (Module)
[2026-04-15 20:09:21] ❌ TokenizeModule: InvalidCastException - Unable to cast object of type 'ModuleContainer' to type 'FormReportContainer'.
   at TokenizeModule (modTokenization.vb:79)
[2026-04-15 20:09:21] ❌ TokenizeModule: InvalidCastException - Unable to cast object of type 'ModuleContainer' to type 'FormReportContainer'.
   at TokenizeModule (modTokenization.vb:79)
[2026-04-15 20:09:21] ❌ TokenizeModule: InvalidCastException - Unable to cast object of type 'ModuleContainer' to type 'FormReportContainer'.
   at TokenizeModule (modTokenization.vb:79)
[2026-04-15 20:09:21] ❌ TokenizeModule: InvalidCastException - Unable to cast object of type 'ModuleContainer' to type 'FormReportContainer'.
   at TokenizeModule (modTokenization.vb:79)
[2026-04-15 20:09:21] ❌ TokenizeModule: InvalidCastException - Unable to cast object of type 'ModuleContainer' to type 'FormReportContainer'.
   at TokenizeModule (modTokenization.vb:79)
[2026-04-15 20:09:21] ❌ TokenizeModule: InvalidCastException - Unable to cast object of type 'ModuleContainer' to type 'FormReportContainer'.
   at TokenizeModule (modTokenization.vb:79)
[2026-04-15 20:09:21] ❌ TokenizeModule: InvalidCastException - Unable to cast object of type 'ModuleContainer' to type 'FormReportContainer'.
   at TokenizeModule (modTokenization.vb:79)
[2026-04-15 20:09:21] ❌ TokenizeModule: InvalidCastException - Unable to cast object of type 'ModuleContainer' to type 'FormReportContainer'.
   at TokenizeModule (modTokenization.vb:79)
[2026-04-15 20:09:21] ❌ TokenizeModule: InvalidCastException - Unable to cast object of type 'ModuleContainer' to type 'FormReportContainer'.
   at TokenizeModule (modTokenization.vb:79)
[2026-04-15 20:09:21] ❌ TokenizeModule: InvalidCastException - Unable to cast object of type 'ModuleContainer' to type 'FormReportContainer'.
   at TokenizeModule (modTokenization.vb:79)
[20:09:21] [TOKENIZER]Tokenizing module: BCrypt (Module)(Module) [BCrypt] : Tokenizing module: BCrypt (Module)
[20:09:21] [TOKENIZER]Tokenizing module: mdl_WasShiftPressed (Module)(Module) [mdl_WasShiftPressed] : Tokenizing module: mdl_WasShiftPressed (Module)
[20:09:21] [TOKENIZER]Tokenizing module: mdl_HTML (Module)(Module) [mdl_HTML] : Tokenizing module: mdl_HTML (Module)
[20:09:21] [TOKENIZER]Tokenizing module: BStorage (Module)(Module) [BStorage] : Tokenizing module: BStorage (Module)
[20:09:21] [TOKENIZER]Tokenizing module: clsDatabase (Module)(Module) [clsDatabase] : Tokenizing module: clsDatabase (Module)
[20:09:21] [TOKENIZER]Tokenizing module: clsRelation (Module)(Module) [clsRelation].[Form_Unload] : Tokenizing module: clsRelation (Module)
[20:09:21] [TOKENIZER]Tokenizing module: mdl_Export_DAO (Module)(Module) [mdl_Export_DAO].[Report_Open] : Tokenizing module: mdl_Export_DAO (Module)
[20:09:21] [TOKENIZER]Tokenizing module: clsCert (Module)(Module) [clsCert] : Tokenizing module: clsCert (Module)
[20:09:21] [TOKENIZER]Tokenizing module: cFrm (Module)(Module) [cFrm] : Tokenizing module: cFrm (Module)
[20:09:21] [TOKENIZER]Tokenizing module: cTimerRouter (Module)(Module) [cTimerRouter] : Tokenizing module: cTimerRouter (Module)
[2026-04-15 20:09:21] ❌ TokenizeModule: InvalidCastException - Unable to cast object of type 'ModuleContainer' to type 'FormReportContainer'.
   at TokenizeModule (modTokenization.vb:79)
[2026-04-15 20:09:21] ❌ TokenizeModule: InvalidCastException - Unable to cast object of type 'ModuleContainer' to type 'FormReportContainer'.
   at TokenizeModule (modTokenization.vb:79)
[2026-04-15 20:09:21] ❌ TokenizeModule: InvalidCastException - Unable to cast object of type 'ModuleContainer' to type 'FormReportContainer'.
   at TokenizeModule (modTokenization.vb:79)
[2026-04-15 20:09:21] ❌ TokenizeModule: InvalidCastException - Unable to cast object of type 'ModuleContainer' to type 'FormReportContainer'.
   at TokenizeModule (modTokenization.vb:79)
[2026-04-15 20:09:22] ❌ TokenizeModule: InvalidCastException - Unable to cast object of type 'ModuleContainer' to type 'FormReportContainer'.
   at TokenizeModule (modTokenization.vb:79)
[2026-04-15 20:09:22] ❌ TokenizeModule: InvalidCastException - Unable to cast object of type 'ModuleContainer' to type 'FormReportContainer'.
   at TokenizeModule (modTokenization.vb:79)
[20:09:22] [TOKENIZER]Tokenizing module: Inchide fereastra (Module)(Module) [Inchide fereastra] : Tokenizing module: Inchide fereastra (Module)
[20:09:22] [TOKENIZER]Tokenizing module: mdl_FX_ORD_Salvare (Module)(Module) [mdl_FX_ORD_Salvare].[KeepDBInMemory] : Tokenizing module: mdl_FX_ORD_Salvare (Module)
[20:09:22] [TOKENIZER]Tokenizing module: mdl_FX_DDF (Module)(Module) [mdl_FX_DDF] : Tokenizing module: mdl_FX_DDF (Module)
[20:09:22] [TOKENIZER]Tokenizing module: clsDatabaseUtilities (Module)(Module) [clsDatabaseUtilities].[Nou2020] : Tokenizing module: clsDatabaseUtilities (Module)
[20:09:22] [TOKENIZER]Tokenizing module: clsMeter (Module)(Module) [clsMeter] : Tokenizing module: clsMeter (Module)
[20:09:22] [TOKENIZER]Tokenizing module: mdl_Launch_ImageViewer (Module)(Module) [mdl_Launch_ImageViewer] : Tokenizing module: mdl_Launch_ImageViewer (Module)
[2026-04-15 20:09:22] ❌ TokenizeModule: InvalidCastException - Unable to cast object of type 'ModuleContainer' to type 'FormReportContainer'.
   at TokenizeModule (modTokenization.vb:79)
[2026-04-15 20:09:22] ❌ PrepareWorkingLines: NullReferenceException - Object reference not set to an instance of an object.
   at PrepareWorkingLines (modTokenization.vb:177)
[2026-04-15 20:09:22] ❌ TokenizeModule: InvalidCastException - Unable to cast object of type 'ModuleContainer' to type 'FormReportContainer'.
   at TokenizeModule (modTokenization.vb:79)
[2026-04-15 20:09:22] ❌ TokenizeModule: InvalidCastException - Unable to cast object of type 'ModuleContainer' to type 'FormReportContainer'.
   at TokenizeModule (modTokenization.vb:79)
[2026-04-15 20:09:22] ❌ TokenizeModule: InvalidCastException - Unable to cast object of type 'ModuleContainer' to type 'FormReportContainer'.
   at TokenizeModule (modTokenization.vb:79)
[2026-04-15 20:09:22] ❌ TokenizeModule: InvalidCastException - Unable to cast object of type 'ModuleContainer' to type 'FormReportContainer'.
   at TokenizeModule (modTokenization.vb:79)
[2026-04-15 20:09:22] ❌ TokenizeModule: InvalidCastException - Unable to cast object of type 'ModuleContainer' to type 'FormReportContainer'.
   at TokenizeModule (modTokenization.vb:79)
[2026-04-15 20:09:22] ❌ TokenizeModule: InvalidCastException - Unable to cast object of type 'ModuleContainer' to type 'FormReportContainer'.
   at TokenizeModule (modTokenization.vb:79)
[2026-04-15 20:09:22] ❌ TokenizeModule: InvalidCastException - Unable to cast object of type 'ModuleContainer' to type 'FormReportContainer'.
   at TokenizeModule (modTokenization.vb:79)
[2026-04-15 20:09:22] ❌ TokenizeModule: InvalidCastException - Unable to cast object of type 'ModuleContainer' to type 'FormReportContainer'.
   at TokenizeModule (modTokenization.vb:79)
[20:09:22] [TOKENIZER]Tokenizing module: mdl_Clipboard (Module)(Module) [mdl_Clipboard] : Tokenizing module: mdl_Clipboard (Module)
[20:09:22] [TOKENIZER]Tokenizing module: mdl_MouseCursor (Module)(Module) [mdl_MouseCursor] : Tokenizing module: mdl_MouseCursor (Module)
[20:09:22] [TOKENIZER]Tokenizing module: clsADLOPER (Module)(Module) [clsADLOPER] : Tokenizing module: clsADLOPER (Module)
[20:09:22] [TOKENIZER]Tokenizing module: mdl_LoggedUsers (Module)(Module) [mdl_LoggedUsers] : Tokenizing module: mdl_LoggedUsers (Module)
[20:09:22] [TOKENIZER]Tokenizing module: mdl_EnumChildWindows (Module)(Module) [mdl_EnumChildWindows].[Show_Rezervari] : Tokenizing module: mdl_EnumChildWindows (Module)
[20:09:22] [TOKENIZER]Tokenizing module: mdl_FONT (Module)(Module) [mdl_FONT] : Tokenizing module: mdl_FONT (Module)
[20:09:22] [TOKENIZER]Tokenizing module: clsDatePicker_Day (Module)(Module) [clsDatePicker_Day] : Tokenizing module: clsDatePicker_Day (Module)
[20:09:22] [TOKENIZER]Tokenizing module: mdl_FOREXEDB (Module)(Module) [mdl_FOREXEDB].[Report_Open] : Tokenizing module: mdl_FOREXEDB (Module)
[20:09:22] [TOKENIZER]Tokenizing module: clsDatabaseError (Module)(Module) [clsDatabaseError] : Tokenizing module: clsDatabaseError (Module)
[2026-04-15 20:09:22] ❌ TokenizeModule: InvalidCastException - Unable to cast object of type 'ModuleContainer' to type 'FormReportContainer'.
   at TokenizeModule (modTokenization.vb:79)
[2026-04-15 20:09:22] ❌ TokenizeModule: InvalidCastException - Unable to cast object of type 'ModuleContainer' to type 'FormReportContainer'.
   at TokenizeModule (modTokenization.vb:79)
[2026-04-15 20:09:22] ❌ TokenizeModule: InvalidCastException - Unable to cast object of type 'ModuleContainer' to type 'FormReportContainer'.
   at TokenizeModule (modTokenization.vb:79)
[2026-04-15 20:09:22] ❌ TokenizeModule: InvalidCastException - Unable to cast object of type 'ModuleContainer' to type 'FormReportContainer'.
   at TokenizeModule (modTokenization.vb:79)
[2026-04-15 20:09:22] ❌ TokenizeModule: InvalidCastException - Unable to cast object of type 'ModuleContainer' to type 'FormReportContainer'.
   at TokenizeModule (modTokenization.vb:79)
[2026-04-15 20:09:22] ❌ TokenizeModule: InvalidCastException - Unable to cast object of type 'ModuleContainer' to type 'FormReportContainer'.
   at TokenizeModule (modTokenization.vb:79)
[2026-04-15 20:09:22] ❌ TokenizeModule: InvalidCastException - Unable to cast object of type 'ModuleContainer' to type 'FormReportContainer'.
   at TokenizeModule (modTokenization.vb:79)
[20:09:22] [TOKENIZER]Tokenizing module: cBtns (Module)(Module) [cBtns] : Tokenizing module: cBtns (Module)
[20:09:22] [TOKENIZER]Tokenizing module: clsEF_element (Module)(Module) [clsEF_element] : Tokenizing module: clsEF_element (Module)
[20:09:22] [TOKENIZER]Tokenizing module: mdl_Wait (Module)(Module) [mdl_Wait] : Tokenizing module: mdl_Wait (Module)
[20:09:22] [TOKENIZER]Tokenizing module: mdl_InputboxPW (Module)(Module) [mdl_InputboxPW] : Tokenizing module: mdl_InputboxPW (Module)
[20:09:22] [TOKENIZER]Tokenizing module: mdl_FX_PopulareTree (Module)(Module) [mdl_FX_PopulareTree] : Tokenizing module: mdl_FX_PopulareTree (Module)
[20:09:22] [TOKENIZER]Tokenizing module: mdl_Fise_Bugetare (Module)(Module) [mdl_Fise_Bugetare].[bSAV_Click] : Tokenizing module: mdl_Fise_Bugetare (Module)
[20:09:22] [TOKENIZER]Tokenizing module: mdl_Functii_Generale (Module)(Module) [mdl_Functii_Generale] : Tokenizing module: mdl_Functii_Generale (Module)
[2026-04-15 20:09:22] ❌ PrepareWorkingLines: NullReferenceException - Object reference not set to an instance of an object.
   at PrepareWorkingLines (modTokenization.vb:177)
[2026-04-15 20:09:22] ❌ TokenizeModule: InvalidCastException - Unable to cast object of type 'ModuleContainer' to type 'FormReportContainer'.
   at TokenizeModule (modTokenization.vb:79)
[2026-04-15 20:09:22] ❌ TokenizeModule: InvalidCastException - Unable to cast object of type 'ModuleContainer' to type 'FormReportContainer'.
   at TokenizeModule (modTokenization.vb:79)
[2026-04-15 20:09:22] ❌ TokenizeModule: InvalidCastException - Unable to cast object of type 'ModuleContainer' to type 'FormReportContainer'.
   at TokenizeModule (modTokenization.vb:79)
[2026-04-15 20:09:22] ❌ TokenizeModule: InvalidCastException - Unable to cast object of type 'ModuleContainer' to type 'FormReportContainer'.
   at TokenizeModule (modTokenization.vb:79)
[2026-04-15 20:09:22] ❌ TokenizeModule: InvalidCastException - Unable to cast object of type 'ModuleContainer' to type 'FormReportContainer'.
   at TokenizeModule (modTokenization.vb:79)
[2026-04-15 20:09:22] ❌ TokenizeModule: InvalidCastException - Unable to cast object of type 'ModuleContainer' to type 'FormReportContainer'.
   at TokenizeModule (modTokenization.vb:79)
[2026-04-15 20:09:22] ❌ TokenizeModule: InvalidCastException - Unable to cast object of type 'ModuleContainer' to type 'FormReportContainer'.
   at TokenizeModule (modTokenization.vb:79)
[2026-04-15 20:09:22] ❌ TokenizeModule: InvalidCastException - Unable to cast object of type 'ModuleContainer' to type 'FormReportContainer'.
   at TokenizeModule (modTokenization.vb:79)
[20:09:22] [TOKENIZER]Tokenizing module: mdl_Anexa7 (Module)(Module) [mdl_Anexa7] : Tokenizing module: mdl_Anexa7 (Module)
[20:09:22] [TOKENIZER]Tokenizing module: clsRegExp_Match (Module)(Module) [clsRegExp_Match] : Tokenizing module: clsRegExp_Match (Module)
[20:09:22] [TOKENIZER]Tokenizing module: mdl_HookAccess (Module)(Module) [mdl_HookAccess] : Tokenizing module: mdl_HookAccess (Module)
[20:09:22] [TOKENIZER]Tokenizing module: mdl_2025 (Module)(Module) [mdl_2025].[KeepDBInMemory] : Tokenizing module: mdl_2025 (Module)
[20:09:22] [TOKENIZER]Tokenizing module: clsSplitter (Module)(Module) [clsSplitter] : Tokenizing module: clsSplitter (Module)
[20:09:22] [TOKENIZER]Tokenizing module: iTimer (Module)(Module) [iTimer] : Tokenizing module: iTimer (Module)
[20:09:22] [TOKENIZER]Tokenizing module: mdl_Windows_Version (Module)(Module) [mdl_Windows_Version].[PopulateFieldNamesToListBox] : Tokenizing module: mdl_Windows_Version (Module)
[20:09:22] [TOKENIZER]Tokenizing module: mdl_GLOBALS (Module)(Module) [mdl_GLOBALS] : Tokenizing module: mdl_GLOBALS (Module)
[2026-04-15 20:09:23] ❌ TokenizeModule: InvalidCastException - Unable to cast object of type 'ModuleContainer' to type 'FormReportContainer'.
   at TokenizeModule (modTokenization.vb:79)
[2026-04-15 20:09:23] ❌ TokenizeModule: InvalidCastException - Unable to cast object of type 'ModuleContainer' to type 'FormReportContainer'.
   at TokenizeModule (modTokenization.vb:79)
[2026-04-15 20:09:23] ❌ PrepareWorkingLines: NullReferenceException - Object reference not set to an instance of an object.
   at PrepareWorkingLines (modTokenization.vb:177)
[2026-04-15 20:09:23] ❌ TokenizeModule: InvalidCastException - Unable to cast object of type 'ModuleContainer' to type 'FormReportContainer'.
   at TokenizeModule (modTokenization.vb:79)
[2026-04-15 20:09:23] ❌ TokenizeModule: InvalidCastException - Unable to cast object of type 'ModuleContainer' to type 'FormReportContainer'.
   at TokenizeModule (modTokenization.vb:79)
[2026-04-15 20:09:23] ❌ TokenizeModule: InvalidCastException - Unable to cast object of type 'ModuleContainer' to type 'FormReportContainer'.
   at TokenizeModule (modTokenization.vb:79)
[2026-04-15 20:09:23] ❌ TokenizeModule: InvalidCastException - Unable to cast object of type 'ModuleContainer' to type 'FormReportContainer'.
   at TokenizeModule (modTokenization.vb:79)
[2026-04-15 20:09:23] ❌ TokenizeModule: InvalidCastException - Unable to cast object of type 'ModuleContainer' to type 'FormReportContainer'.
   at TokenizeModule (modTokenization.vb:79)
[20:09:23] [TOKENIZER]Tokenizing module: mdl_Popup2026 (Module)(Module) [mdl_Popup2026] : Tokenizing module: mdl_Popup2026 (Module)
[20:09:23] [TOKENIZER]Tokenizing module: mdl_Diacritice (Module)(Module) [mdl_Diacritice] : Tokenizing module: mdl_Diacritice (Module)
[20:09:23] [TOKENIZER]Tokenizing module: mdl_Siguranta (Module)(Module) [mdl_Siguranta].[bSAV_Click] : Tokenizing module: mdl_Siguranta (Module)
[20:09:23] [TOKENIZER]Tokenizing module: mdl_ColorPicker (Module)(Module) [mdl_ColorPicker] : Tokenizing module: mdl_ColorPicker (Module)
[20:09:23] [TOKENIZER]Tokenizing module: mdl_FX_Tasks_Receive_UPL (Module)(Module) [mdl_FX_Tasks_Receive_UPL] : Tokenizing module: mdl_FX_Tasks_Receive_UPL (Module)
[20:09:23] [TOKENIZER]Tokenizing module: clsTreeNode (Module)(Module) [clsTreeNode] : Tokenizing module: clsTreeNode (Module)
[20:09:23] [TOKENIZER]Tokenizing module: mdl_FX_ORD (Module)(Module) [mdl_FX_ORD] : Tokenizing module: mdl_FX_ORD (Module)
[2026-04-15 20:09:23] ❌ TokenizeModule: InvalidCastException - Unable to cast object of type 'ModuleContainer' to type 'FormReportContainer'.
   at TokenizeModule (modTokenization.vb:79)
[2026-04-15 20:09:23] ❌ TokenizeModule: InvalidCastException - Unable to cast object of type 'ModuleContainer' to type 'FormReportContainer'.
   at TokenizeModule (modTokenization.vb:79)
[2026-04-15 20:09:23] ❌ TokenizeModule: InvalidCastException - Unable to cast object of type 'ModuleContainer' to type 'FormReportContainer'.
   at TokenizeModule (modTokenization.vb:79)
[2026-04-15 20:09:23] ❌ TokenizeModule: InvalidCastException - Unable to cast object of type 'ModuleContainer' to type 'FormReportContainer'.
   at TokenizeModule (modTokenization.vb:79)
[2026-04-15 20:09:23] ❌ TokenizeModule: InvalidCastException - Unable to cast object of type 'ModuleContainer' to type 'FormReportContainer'.
   at TokenizeModule (modTokenization.vb:79)
[2026-04-15 20:09:23] ❌ TokenizeModule: InvalidCastException - Unable to cast object of type 'ModuleContainer' to type 'FormReportContainer'.
   at TokenizeModule (modTokenization.vb:79)
[2026-04-15 20:09:23] ❌ TokenizeModule: InvalidCastException - Unable to cast object of type 'ModuleContainer' to type 'FormReportContainer'.
   at TokenizeModule (modTokenization.vb:79)
[2026-04-15 20:09:23] ❌ TokenizeModule: InvalidCastException - Unable to cast object of type 'ModuleContainer' to type 'FormReportContainer'.
   at TokenizeModule (modTokenization.vb:79)
[2026-04-15 20:09:23] ❌ TokenizeModule: InvalidCastException - Unable to cast object of type 'ModuleContainer' to type 'FormReportContainer'.
   at TokenizeModule (modTokenization.vb:79)
[20:09:23] [TOKENIZER]Tokenizing module: mdl_VerificaCNP (Module)(Module) [mdl_VerificaCNP] : Tokenizing module: mdl_VerificaCNP (Module)
[20:09:23] [TOKENIZER]Tokenizing module: mdl_FX_Istoric (Module)(Module) [mdl_FX_Istoric] : Tokenizing module: mdl_FX_Istoric (Module)
[20:09:23] [TOKENIZER]Tokenizing module: mdl_Salvare_NoteContabile (Module)(Module) [mdl_Salvare_NoteContabile] : Tokenizing module: mdl_Salvare_NoteContabile (Module)
[20:09:23] [TOKENIZER]Tokenizing module: clsUnitati (Module)(Module) [clsUnitati].[Show_Rezervari] : Tokenizing module: clsUnitati (Module)
[20:09:23] [TOKENIZER]Tokenizing module: clsTraceInfo (Module)(Module) [clsTraceInfo].[PopulateFieldNamesToListBox] : Tokenizing module: clsTraceInfo (Module)
[20:09:23] [TOKENIZER]Tokenizing module: basRibbonCallbacks (Module)(Module) [basRibbonCallbacks].[TestLinkedTables] : Tokenizing module: basRibbonCallbacks (Module)
[20:09:23] [TOKENIZER]Tokenizing module: mdl_Angajamente (Module)(Module) [mdl_Angajamente] : Tokenizing module: mdl_Angajamente (Module)
[20:09:23] [TOKENIZER]Tokenizing module: mdl_TimeFunction (Module)(Module) [mdl_TimeFunction] : Tokenizing module: mdl_TimeFunction (Module)
[20:09:23] [TOKENIZER]Tokenizing module: clsAnchorControl (Module)(Module) [clsAnchorControl] : Tokenizing module: clsAnchorControl (Module)
[2026-04-15 20:09:23] ❌ TokenizeModule: InvalidCastException - Unable to cast object of type 'ModuleContainer' to type 'FormReportContainer'.
   at TokenizeModule (modTokenization.vb:79)
[2026-04-15 20:09:23] ❌ TokenizeModule: InvalidCastException - Unable to cast object of type 'ModuleContainer' to type 'FormReportContainer'.
   at TokenizeModule (modTokenization.vb:79)
[2026-04-15 20:09:23] ❌ TokenizeModule: InvalidCastException - Unable to cast object of type 'ModuleContainer' to type 'FormReportContainer'.
   at TokenizeModule (modTokenization.vb:79)
[2026-04-15 20:09:23] ❌ TokenizeModule: InvalidCastException - Unable to cast object of type 'ModuleContainer' to type 'FormReportContainer'.
   at TokenizeModule (modTokenization.vb:79)
[2026-04-15 20:09:23] ❌ TokenizeModule: InvalidCastException - Unable to cast object of type 'ModuleContainer' to type 'FormReportContainer'.
   at TokenizeModule (modTokenization.vb:79)
[2026-04-15 20:09:23] ❌ TokenizeModule: InvalidCastException - Unable to cast object of type 'ModuleContainer' to type 'FormReportContainer'.
   at TokenizeModule (modTokenization.vb:79)
[2026-04-15 20:09:23] ❌ TokenizeModule: InvalidCastException - Unable to cast object of type 'ModuleContainer' to type 'FormReportContainer'.
   at TokenizeModule (modTokenization.vb:79)
[20:09:23] [TOKENIZER]Tokenizing module: mdl_FX_Rezervari (Module)(Module) [mdl_FX_Rezervari] : Tokenizing module: mdl_FX_Rezervari (Module)
[20:09:23] [TOKENIZER]Tokenizing module: mdl_ShellWait (Module)(Module) [mdl_ShellWait] : Tokenizing module: mdl_ShellWait (Module)
[20:09:23] [TOKENIZER]Tokenizing module: mdl_Zip_Unzip (Module)(Module) [mdl_Zip_Unzip] : Tokenizing module: mdl_Zip_Unzip (Module)
[20:09:23] [TOKENIZER]Tokenizing module: mdl_URL_Download (Module)(Module) [mdl_URL_Download] : Tokenizing module: mdl_URL_Download (Module)
[20:09:23] [TOKENIZER]Tokenizing module: mdl_PositionRelativeToControl (Module)(Module) [mdl_PositionRelativeToControl] : Tokenizing module: mdl_PositionRelativeToControl (Module)
[20:09:23] [TOKENIZER]Tokenizing module: clsRegExp (Module)(Module) [clsRegExp] : Tokenizing module: clsRegExp (Module)
[20:09:23] [TOKENIZER]Tokenizing module: mdl_Borderless (Module)(Module) [mdl_Borderless] : Tokenizing module: mdl_Borderless (Module)
[2026-04-15 20:09:23] ❌ TokenizeModule: InvalidCastException - Unable to cast object of type 'ModuleContainer' to type 'FormReportContainer'.
   at TokenizeModule (modTokenization.vb:79)
[2026-04-15 20:09:23] ❌ TokenizeModule: InvalidCastException - Unable to cast object of type 'ModuleContainer' to type 'FormReportContainer'.
   at TokenizeModule (modTokenization.vb:79)
[2026-04-15 20:09:23] ❌ TokenizeModule: InvalidCastException - Unable to cast object of type 'ModuleContainer' to type 'FormReportContainer'.
   at TokenizeModule (modTokenization.vb:79)
[2026-04-15 20:09:23] ❌ TokenizeModule: InvalidCastException - Unable to cast object of type 'ModuleContainer' to type 'FormReportContainer'.
   at TokenizeModule (modTokenization.vb:79)
[2026-04-15 20:09:23] ❌ TokenizeModule: InvalidCastException - Unable to cast object of type 'ModuleContainer' to type 'FormReportContainer'.
   at TokenizeModule (modTokenization.vb:79)
[2026-04-15 20:09:23] ❌ TokenizeModule: InvalidCastException - Unable to cast object of type 'ModuleContainer' to type 'FormReportContainer'.
   at TokenizeModule (modTokenization.vb:79)
[2026-04-15 20:09:23] ❌ TokenizeModule: InvalidCastException - Unable to cast object of type 'ModuleContainer' to type 'FormReportContainer'.
   at TokenizeModule (modTokenization.vb:79)
[2026-04-15 20:09:23] ❌ TokenizeModule: InvalidCastException - Unable to cast object of type 'ModuleContainer' to type 'FormReportContainer'.
   at TokenizeModule (modTokenization.vb:79)
[2026-04-15 20:09:23] ❌ TokenizeModule: InvalidCastException - Unable to cast object of type 'ModuleContainer' to type 'FormReportContainer'.
   at TokenizeModule (modTokenization.vb:79)
[20:09:24] [TOKENIZER]Tokenizing module: clFormWindow (Module)(Module) [clFormWindow] : Tokenizing module: clFormWindow (Module)
[20:09:24] [TOKENIZER]Tokenizing module: cFTP (Module)(Module) [cFTP] : Tokenizing module: cFTP (Module)
[20:09:24] [TOKENIZER]Tokenizing module: mdl_VerificaCF (Module)(Module) [mdl_VerificaCF] : Tokenizing module: mdl_VerificaCF (Module)
[20:09:24] [TOKENIZER]Tokenizing module: clsDatabaseErrors (Module)(Module) [clsDatabaseErrors] : Tokenizing module: clsDatabaseErrors (Module)
[20:09:24] [TOKENIZER]Tokenizing module: mdl_Import_EDUSAL (Module)(Module) [mdl_Import_EDUSAL] : Tokenizing module: mdl_Import_EDUSAL (Module)
[20:09:24] [TOKENIZER]Tokenizing module: mdl_Popup2022 (Module)(Module) [mdl_Popup2022].[Report_Open] : Tokenizing module: mdl_Popup2022 (Module)
[20:09:24] [TOKENIZER]Tokenizing module: clsReg_KVP (Module)(Module) [clsReg_KVP] : Tokenizing module: clsReg_KVP (Module)
[20:09:24] [TOKENIZER]Tokenizing module: mdl_Messagebox_hook (Module)(Module) [mdl_Messagebox_hook] : Tokenizing module: mdl_Messagebox_hook (Module)
[20:09:24] [TOKENIZER]Tokenizing module: mdl_Registru (Module)(Module) [mdl_Registru] : Tokenizing module: mdl_Registru (Module)
[2026-04-15 20:09:24] ❌ TokenizeModule: InvalidCastException - Unable to cast object of type 'ModuleContainer' to type 'FormReportContainer'.
   at TokenizeModule (modTokenization.vb:79)
[2026-04-15 20:09:24] ❌ TokenizeModule: InvalidCastException - Unable to cast object of type 'ModuleContainer' to type 'FormReportContainer'.
   at TokenizeModule (modTokenization.vb:79)
[2026-04-15 20:09:24] ❌ TokenizeModule: InvalidCastException - Unable to cast object of type 'ModuleContainer' to type 'FormReportContainer'.
   at TokenizeModule (modTokenization.vb:79)
[2026-04-15 20:09:24] ❌ TokenizeModule: InvalidCastException - Unable to cast object of type 'ModuleContainer' to type 'FormReportContainer'.
   at TokenizeModule (modTokenization.vb:79)
[2026-04-15 20:09:24] ❌ TokenizeModule: InvalidCastException - Unable to cast object of type 'ModuleContainer' to type 'FormReportContainer'.
   at TokenizeModule (modTokenization.vb:79)
[2026-04-15 20:09:24] ❌ TokenizeModule: InvalidCastException - Unable to cast object of type 'ModuleContainer' to type 'FormReportContainer'.
   at TokenizeModule (modTokenization.vb:79)
[2026-04-15 20:09:24] ❌ TokenizeModule: InvalidCastException - Unable to cast object of type 'ModuleContainer' to type 'FormReportContainer'.
   at TokenizeModule (modTokenization.vb:79)
[20:09:24] [TOKENIZER]Tokenizing module: clsPipeEnums (Module)(Module) [clsPipeEnums] : Tokenizing module: clsPipeEnums (Module)
[20:09:24] [TOKENIZER]Tokenizing module: mdl_JSON (Module)(Module) [mdl_JSON] : Tokenizing module: mdl_JSON (Module)
[20:09:24] [TOKENIZER]Tokenizing module: mdl_FontCodBare (Module)(Module) [mdl_FontCodBare] : Tokenizing module: mdl_FontCodBare (Module)
[20:09:24] [TOKENIZER]Tokenizing module: mdl_FX_DDF_Salvare (Module)(Module) [mdl_FX_DDF_Salvare] : Tokenizing module: mdl_FX_DDF_Salvare (Module)
[20:09:24] [TOKENIZER]Tokenizing module: cSalariiBtns (Module)(Module) [cSalariiBtns] : Tokenizing module: cSalariiBtns (Module)
[20:09:24] [TOKENIZER]Tokenizing module: clsField (Module)(Module) [clsField] : Tokenizing module: clsField (Module)
[20:09:24] [TOKENIZER]Tokenizing module: cDirList (Module)(Module) [cDirList] : Tokenizing module: cDirList (Module)
[2026-04-15 20:09:24] ❌ PrepareWorkingLines: NullReferenceException - Object reference not set to an instance of an object.
   at PrepareWorkingLines (modTokenization.vb:177)
[2026-04-15 20:09:24] ❌ TokenizeModule: InvalidCastException - Unable to cast object of type 'ModuleContainer' to type 'FormReportContainer'.
   at TokenizeModule (modTokenization.vb:79)
[2026-04-15 20:09:24] ❌ PrepareWorkingLines: NullReferenceException - Object reference not set to an instance of an object.
   at PrepareWorkingLines (modTokenization.vb:177)
[2026-04-15 20:09:24] ❌ TokenizeModule: InvalidCastException - Unable to cast object of type 'ModuleContainer' to type 'FormReportContainer'.
   at TokenizeModule (modTokenization.vb:79)
[2026-04-15 20:09:24] ❌ TokenizeModule: InvalidCastException - Unable to cast object of type 'ModuleContainer' to type 'FormReportContainer'.
   at TokenizeModule (modTokenization.vb:79)
[2026-04-15 20:09:24] ❌ TokenizeModule: InvalidCastException - Unable to cast object of type 'ModuleContainer' to type 'FormReportContainer'.
   at TokenizeModule (modTokenization.vb:79)
[2026-04-15 20:09:24] ❌ TokenizeModule: InvalidCastException - Unable to cast object of type 'ModuleContainer' to type 'FormReportContainer'.
   at TokenizeModule (modTokenization.vb:79)
[2026-04-15 20:09:24] ❌ TokenizeModule: InvalidCastException - Unable to cast object of type 'ModuleContainer' to type 'FormReportContainer'.
   at TokenizeModule (modTokenization.vb:79)
[2026-04-15 20:09:24] ❌ TokenizeModule: InvalidCastException - Unable to cast object of type 'ModuleContainer' to type 'FormReportContainer'.
   at TokenizeModule (modTokenization.vb:79)
[20:09:24] [TOKENIZER]Tokenizing module: API_Functions (Module)(Module) [API_Functions] : Tokenizing module: API_Functions (Module)
[20:09:24] [TOKENIZER]Tokenizing module: msl_Export_TSV (Module)(Module) [msl_Export_TSV] : Tokenizing module: msl_Export_TSV (Module)
[20:09:24] [TOKENIZER]Tokenizing module: mdl_Popup (Module)(Module) [mdl_Popup] : Tokenizing module: mdl_Popup (Module)
[20:09:24] [TOKENIZER]Tokenizing module: clsAnaf_Async (Module)(Module) [clsAnaf_Async] : Tokenizing module: clsAnaf_Async (Module)
[2026-04-15 20:09:24] ❌ TokenizeModule: InvalidCastException - Unable to cast object of type 'ModuleContainer' to type 'FormReportContainer'.
   at TokenizeModule (modTokenization.vb:79)
[2026-04-15 20:09:24] ❌ TokenizeModule: InvalidCastException - Unable to cast object of type 'ModuleContainer' to type 'FormReportContainer'.
   at TokenizeModule (modTokenization.vb:79)
[2026-04-15 20:09:24] ❌ TokenizeModule: InvalidCastException - Unable to cast object of type 'ModuleContainer' to type 'FormReportContainer'.
   at TokenizeModule (modTokenization.vb:79)
[2026-04-15 20:09:24] ❌ TokenizeModule: InvalidCastException - Unable to cast object of type 'ModuleContainer' to type 'FormReportContainer'.
   at TokenizeModule (modTokenization.vb:79)
[2026-04-15 20:09:24] ❌ PrepareWorkingLines: NullReferenceException - Object reference not set to an instance of an object.
   at PrepareWorkingLines (modTokenization.vb:177)
[2026-04-15 20:09:24] ❌ TokenizeModule: InvalidCastException - Unable to cast object of type 'ModuleContainer' to type 'FormReportContainer'.
   at TokenizeModule (modTokenization.vb:79)
[2026-04-15 20:09:24] ❌ TokenizeModule: InvalidCastException - Unable to cast object of type 'ModuleContainer' to type 'FormReportContainer'.
   at TokenizeModule (modTokenization.vb:79)
[2026-04-15 20:09:24] ❌ TokenizeModule: InvalidCastException - Unable to cast object of type 'ModuleContainer' to type 'FormReportContainer'.
   at TokenizeModule (modTokenization.vb:79)
[2026-04-15 20:09:24] ❌ TokenizeModule: InvalidCastException - Unable to cast object of type 'ModuleContainer' to type 'FormReportContainer'.
   at TokenizeModule (modTokenization.vb:79)
[20:09:25] [TOKENIZER]Tokenizing module: API_VALUES (Module)(Module) [API_VALUES] : Tokenizing module: API_VALUES (Module)
[20:09:25] [TOKENIZER]Tokenizing module: clsFirmaDG (Module)(Module) [clsFirmaDG] : Tokenizing module: clsFirmaDG (Module)
[20:09:25] [TOKENIZER]Tokenizing module: clsFirmaTVA (Module)(Module) [clsFirmaTVA] : Tokenizing module: clsFirmaTVA (Module)
[20:09:25] [TOKENIZER]Tokenizing module: clsFirmaSF (Module)(Module) [clsFirmaSF] : Tokenizing module: clsFirmaSF (Module)
[20:09:25] [TOKENIZER]Tokenizing module: basRibbonGlobals (Module)(Module) [basRibbonGlobals] : Tokenizing module: basRibbonGlobals (Module)
[2026-04-15 20:09:25] ❌ TokenizeModule: InvalidCastException - Unable to cast object of type 'ModuleContainer' to type 'FormReportContainer'.
   at TokenizeModule (modTokenization.vb:79)
[2026-04-15 20:09:25] ❌ TokenizeModule: InvalidCastException - Unable to cast object of type 'ModuleContainer' to type 'FormReportContainer'.
   at TokenizeModule (modTokenization.vb:79)
[2026-04-15 20:09:25] ❌ TokenizeModule: InvalidCastException - Unable to cast object of type 'ModuleContainer' to type 'FormReportContainer'.
   at TokenizeModule (modTokenization.vb:79)
[2026-04-15 20:09:25] ❌ TokenizeModule: InvalidCastException - Unable to cast object of type 'ModuleContainer' to type 'FormReportContainer'.
   at TokenizeModule (modTokenization.vb:79)
[20:09:25] [TOKENIZER]Tokenizing module: mdl_CheckTVW (Module)(Module) [mdl_CheckTVW] : Tokenizing module: mdl_CheckTVW (Module)
[20:09:25] [TOKENIZER]Tokenizing module: mdl_RUNONCE (Module)(Module) [mdl_RUNONCE] : Tokenizing module: mdl_RUNONCE (Module)
[20:09:25] [TOKENIZER]Tokenizing module: mdl_ADLOPER (Module)(Module) [mdl_ADLOPER] : Tokenizing module: mdl_ADLOPER (Module)
[20:09:25] [TOKENIZER]Tokenizing module: clsFirma (Module)(Module) [clsFirma] : Tokenizing module: clsFirma (Module)
[2026-04-15 20:09:25] ❌ PrepareWorkingLines: NullReferenceException - Object reference not set to an instance of an object.
   at PrepareWorkingLines (modTokenization.vb:177)
[2026-04-15 20:09:25] ❌ TokenizeModule: InvalidCastException - Unable to cast object of type 'ModuleContainer' to type 'FormReportContainer'.
   at TokenizeModule (modTokenization.vb:79)
[2026-04-15 20:09:25] ❌ TokenizeModule: InvalidCastException - Unable to cast object of type 'ModuleContainer' to type 'FormReportContainer'.
   at TokenizeModule (modTokenization.vb:79)
[2026-04-15 20:09:25] ❌ TokenizeModule: InvalidCastException - Unable to cast object of type 'ModuleContainer' to type 'FormReportContainer'.
   at TokenizeModule (modTokenization.vb:79)
[2026-04-15 20:09:25] ❌ PrepareWorkingLines: NullReferenceException - Object reference not set to an instance of an object.
   at PrepareWorkingLines (modTokenization.vb:177)
[2026-04-15 20:09:25] ❌ PrepareWorkingLines: NullReferenceException - Object reference not set to an instance of an object.
   at PrepareWorkingLines (modTokenization.vb:177)
[20:09:25] [TOKENIZER]Tokenizing module: mdl_Export_MD (Module)(Module) [mdl_Export_MD] : Tokenizing module: mdl_Export_MD (Module)
[20:09:25] [TOKENIZER]Tokenizing module: clsQuery (Module)(Module) [clsQuery] : Tokenizing module: clsQuery (Module)
[20:09:25] [TOKENIZER]Tokenizing module: cButton (Module)(Module) [cButton] : Tokenizing module: cButton (Module)
[2026-04-15 20:09:25] ❌ TokenizeModule: InvalidCastException - Unable to cast object of type 'ModuleContainer' to type 'FormReportContainer'.
   at TokenizeModule (modTokenization.vb:79)
[2026-04-15 20:09:25] ❌ TokenizeModule: InvalidCastException - Unable to cast object of type 'ModuleContainer' to type 'FormReportContainer'.
   at TokenizeModule (modTokenization.vb:79)
[2026-04-15 20:09:25] ❌ TokenizeModule: InvalidCastException - Unable to cast object of type 'ModuleContainer' to type 'FormReportContainer'.
   at TokenizeModule (modTokenization.vb:79)
[2026-04-15 20:09:25] ❌ TokenizeModule: InvalidCastException - Unable to cast object of type 'ModuleContainer' to type 'FormReportContainer'.
   at TokenizeModule (modTokenization.vb:79)
[2026-04-15 20:09:25] ❌ TokenizeModule: InvalidCastException - Unable to cast object of type 'ModuleContainer' to type 'FormReportContainer'.
   at TokenizeModule (modTokenization.vb:79)
[2026-04-15 20:09:25] ❌ TokenizeModule: InvalidCastException - Unable to cast object of type 'ModuleContainer' to type 'FormReportContainer'.
   at TokenizeModule (modTokenization.vb:79)
[2026-04-15 20:09:25] ❌ TokenizeModule: InvalidCastException - Unable to cast object of type 'ModuleContainer' to type 'FormReportContainer'.
   at TokenizeModule (modTokenization.vb:79)
[20:09:25] [TOKENIZER]Tokenizing module: clsWorkflows (Module)(Module) [clsWorkflows] : Tokenizing module: clsWorkflows (Module)
[20:09:25] [TOKENIZER]Tokenizing module: mdl_FX_Extrase (Module)(Module) [mdl_FX_Extrase] : Tokenizing module: mdl_FX_Extrase (Module)
[20:09:25] [TOKENIZER]Tokenizing module: cls_DraggableControl (Module)(Module) [cls_DraggableControl] : Tokenizing module: cls_DraggableControl (Module)
[20:09:25] [TOKENIZER]Tokenizing module: clsReg_Section (Module)(Module) [clsReg_Section] : Tokenizing module: clsReg_Section (Module)
[20:09:25] [TOKENIZER]Tokenizing module: mdl_DebugPrint (Module)(Module) [mdl_DebugPrint] : Tokenizing module: mdl_DebugPrint (Module)
[20:09:25] [TOKENIZER]Tokenizing module: mdl_FX_Tasks_Receive_DWN (Module)(Module) [mdl_FX_Tasks_Receive_DWN] : Tokenizing module: mdl_FX_Tasks_Receive_DWN (Module)
[20:09:25] [TOKENIZER]Tokenizing module: mdl_FX_ORD_PDF (Module)(Module) [mdl_FX_ORD_PDF] : Tokenizing module: mdl_FX_ORD_PDF (Module)
[2026-04-15 20:09:25] ❌ PrepareWorkingLines: NullReferenceException - Object reference not set to an instance of an object.
   at PrepareWorkingLines (modTokenization.vb:177)
[2026-04-15 20:09:25] ❌ TokenizeModule: InvalidCastException - Unable to cast object of type 'ModuleContainer' to type 'FormReportContainer'.
   at TokenizeModule (modTokenization.vb:79)
[2026-04-15 20:09:25] ❌ TokenizeModule: InvalidCastException - Unable to cast object of type 'ModuleContainer' to type 'FormReportContainer'.
   at TokenizeModule (modTokenization.vb:79)
[20:09:25] [TOKENIZER]Tokenizing module: clsTraceItem (Module)(Module) [clsTraceItem] : Tokenizing module: clsTraceItem (Module)
[20:09:25] [TOKENIZER]Tokenizing module: clsFirmaSS (Module)(Module) [clsFirmaSS] : Tokenizing module: clsFirmaSS (Module)
[2026-04-15 20:09:25] ❌ TokenizeModule: InvalidCastException - Unable to cast object of type 'ModuleContainer' to type 'FormReportContainer'.
   at TokenizeModule (modTokenization.vb:79)
[2026-04-15 20:09:25] ❌ TokenizeModule: InvalidCastException - Unable to cast object of type 'ModuleContainer' to type 'FormReportContainer'.
   at TokenizeModule (modTokenization.vb:79)
[2026-04-15 20:09:25] ❌ TokenizeModule: InvalidCastException - Unable to cast object of type 'ModuleContainer' to type 'FormReportContainer'.
   at TokenizeModule (modTokenization.vb:79)
[2026-04-15 20:09:25] ❌ TokenizeModule: InvalidCastException - Unable to cast object of type 'ModuleContainer' to type 'FormReportContainer'.
   at TokenizeModule (modTokenization.vb:79)
[2026-04-15 20:09:25] ❌ TokenizeModule: InvalidCastException - Unable to cast object of type 'ModuleContainer' to type 'FormReportContainer'.
   at TokenizeModule (modTokenization.vb:79)
[2026-04-15 20:09:25] ❌ TokenizeModule: InvalidCastException - Unable to cast object of type 'ModuleContainer' to type 'FormReportContainer'.
   at TokenizeModule (modTokenization.vb:79)
[2026-04-15 20:09:25] ❌ TokenizeModule: InvalidCastException - Unable to cast object of type 'ModuleContainer' to type 'FormReportContainer'.
   at TokenizeModule (modTokenization.vb:79)
[2026-04-15 20:09:26] ❌ TokenizeModule: InvalidCastException - Unable to cast object of type 'ModuleContainer' to type 'FormReportContainer'.
   at TokenizeModule (modTokenization.vb:79)
[20:09:26] [TOKENIZER]Tokenizing module: mdl_ExecWait (Module)(Module) [mdl_ExecWait] : Tokenizing module: mdl_ExecWait (Module)
[20:09:26] [TOKENIZER]Tokenizing module: mdl_FX_Plati (Module)(Module) [mdl_FX_Plati] : Tokenizing module: mdl_FX_Plati (Module)
[20:09:26] [TOKENIZER]Tokenizing module: clsFirmaTVAI (Module)(Module) [clsFirmaTVAI] : Tokenizing module: clsFirmaTVAI (Module)
[20:09:26] [TOKENIZER]Tokenizing module: clsError (Module)(Module) [clsError] : Tokenizing module: clsError (Module)
[20:09:26] [TOKENIZER]Tokenizing module: mdl_GetWindowHandle (Module)(Module) [mdl_GetWindowHandle] : Tokenizing module: mdl_GetWindowHandle (Module)
[20:09:26] [TOKENIZER]Tokenizing module: mdl_FX_Helpers (Module)(Module) [mdl_FX_Helpers] : Tokenizing module: mdl_FX_Helpers (Module)
[20:09:26] [TOKENIZER]Tokenizing module: clsFirme (Module)(Module) [clsFirme] : Tokenizing module: clsFirme (Module)
[20:09:26] [TOKENIZER]Tokenizing module: mdl_Python (Module)(Module) [mdl_Python] : Tokenizing module: mdl_Python (Module)
[2026-04-15 20:09:26] ❌ TokenizeModule: InvalidCastException - Unable to cast object of type 'ModuleContainer' to type 'FormReportContainer'.
   at TokenizeModule (modTokenization.vb:79)
[2026-04-15 20:09:26] ❌ TokenizeModule: InvalidCastException - Unable to cast object of type 'ModuleContainer' to type 'FormReportContainer'.
   at TokenizeModule (modTokenization.vb:79)
[20:09:26] [TOKENIZER]Tokenizing module: mdl_FX_DDF_Salvare_Local (Module)(Module) [mdl_FX_DDF_Salvare_Local] : Tokenizing module: mdl_FX_DDF_Salvare_Local (Module)
[20:09:26] [TOKENIZER]Tokenizing module: mdl_NumberWordsRO (Module)(Module) [mdl_NumberWordsRO] : Tokenizing module: mdl_NumberWordsRO (Module)
[2026-04-15 20:09:26] ❌ PrepareWorkingLines: NullReferenceException - Object reference not set to an instance of an object.
   at PrepareWorkingLines (modTokenization.vb:177)
[2026-04-15 20:09:26] ❌ TokenizeModule: InvalidCastException - Unable to cast object of type 'ModuleContainer' to type 'FormReportContainer'.
   at TokenizeModule (modTokenization.vb:79)
[2026-04-15 20:09:26] ❌ TokenizeModule: InvalidCastException - Unable to cast object of type 'ModuleContainer' to type 'FormReportContainer'.
   at TokenizeModule (modTokenization.vb:79)
[2026-04-15 20:09:26] ❌ TokenizeModule: InvalidCastException - Unable to cast object of type 'ModuleContainer' to type 'FormReportContainer'.
   at TokenizeModule (modTokenization.vb:79)
[2026-04-15 20:09:26] ❌ TokenizeModule: InvalidCastException - Unable to cast object of type 'ModuleContainer' to type 'FormReportContainer'.
   at TokenizeModule (modTokenization.vb:79)
[2026-04-15 20:09:26] ❌ TokenizeModule: InvalidCastException - Unable to cast object of type 'ModuleContainer' to type 'FormReportContainer'.
   at TokenizeModule (modTokenization.vb:79)
[2026-04-15 20:09:26] ❌ TokenizeModule: InvalidCastException - Unable to cast object of type 'ModuleContainer' to type 'FormReportContainer'.
   at TokenizeModule (modTokenization.vb:79)
[2026-04-15 20:09:26] ❌ TokenizeModule: InvalidCastException - Unable to cast object of type 'ModuleContainer' to type 'FormReportContainer'.
   at TokenizeModule (modTokenization.vb:79)
[20:09:26] [TOKENIZER]Tokenizing module: cButtons (Module)(Module) [cButtons] : Tokenizing module: cButtons (Module)
[20:09:26] [TOKENIZER]Tokenizing module: mdl_Pointer (Module)(Module) [mdl_Pointer] : Tokenizing module: mdl_Pointer (Module)
[20:09:26] [TOKENIZER]Tokenizing module: mdl_MariaDB_Sync (Module)(Module) [mdl_MariaDB_Sync] : Tokenizing module: mdl_MariaDB_Sync (Module)
[20:09:26] [TOKENIZER]Tokenizing module: basRibbonState (Module)(Module) [basRibbonState] : Tokenizing module: basRibbonState (Module)
[20:09:26] [TOKENIZER]Tokenizing module: mdl_FX_ORD_Salvare_Local (Module)(Module) [mdl_FX_ORD_Salvare_Local] : Tokenizing module: mdl_FX_ORD_Salvare_Local (Module)
[20:09:26] [TOKENIZER]Tokenizing module: mdl_MouseScroll_Treeview (Module)(Module) [mdl_MouseScroll_Treeview] : Tokenizing module: mdl_MouseScroll_Treeview (Module)
[2026-04-15 20:09:26] ❌ TokenizeModule: InvalidCastException - Unable to cast object of type 'ModuleContainer' to type 'FormReportContainer'.
   at TokenizeModule (modTokenization.vb:79)
[2026-04-15 20:09:26] ❌ TokenizeModule: InvalidCastException - Unable to cast object of type 'ModuleContainer' to type 'FormReportContainer'.
   at TokenizeModule (modTokenization.vb:79)
[2026-04-15 20:09:26] ❌ TokenizeModule: InvalidCastException - Unable to cast object of type 'ModuleContainer' to type 'FormReportContainer'.
   at TokenizeModule (modTokenization.vb:79)
[20:09:26] [TOKENIZER]Tokenizing module: clsTreeView_Icons (Module)(Module) [clsTreeView_Icons] : Tokenizing module: clsTreeView_Icons (Module)
[20:09:26] [TOKENIZER]Tokenizing module: mdl_ScrollBars (Module)(Module) [mdl_ScrollBars] : Tokenizing module: mdl_ScrollBars (Module)
[2026-04-15 20:09:26] ❌ TokenizeModule: InvalidCastException - Unable to cast object of type 'ModuleContainer' to type 'FormReportContainer'.
   at TokenizeModule (modTokenization.vb:79)
[2026-04-15 20:09:26] ❌ TokenizeModule: InvalidCastException - Unable to cast object of type 'ModuleContainer' to type 'FormReportContainer'.
   at TokenizeModule (modTokenization.vb:79)
[2026-04-15 20:09:26] ❌ TokenizeModule: InvalidCastException - Unable to cast object of type 'ModuleContainer' to type 'FormReportContainer'.
   at TokenizeModule (modTokenization.vb:79)
[2026-04-15 20:09:26] ❌ TokenizeModule: InvalidCastException - Unable to cast object of type 'ModuleContainer' to type 'FormReportContainer'.
   at TokenizeModule (modTokenization.vb:79)
[2026-04-15 20:09:26] ❌ TokenizeModule: InvalidCastException - Unable to cast object of type 'ModuleContainer' to type 'FormReportContainer'.
   at TokenizeModule (modTokenization.vb:79)
[2026-04-15 20:09:26] ❌ TokenizeModule: InvalidCastException - Unable to cast object of type 'ModuleContainer' to type 'FormReportContainer'.
   at TokenizeModule (modTokenization.vb:79)
[20:09:26] [TOKENIZER]Tokenizing module: mdl_StdPicture (Module)(Module) [mdl_StdPicture] : Tokenizing module: mdl_StdPicture (Module)
[20:09:26] [TOKENIZER]Tokenizing module: clsJobTaskVar (Module)(Module) [clsJobTaskVar] : Tokenizing module: clsJobTaskVar (Module)
[20:09:26] [TOKENIZER]Tokenizing module: clsDatePicker (Module)(Module) [clsDatePicker] : Tokenizing module: clsDatePicker (Module)
[20:09:26] [TOKENIZER]Tokenizing module: mdl_Functii2023 (Module)(Module) [mdl_Functii2023] : Tokenizing module: mdl_Functii2023 (Module)
[20:09:26] [TOKENIZER]Tokenizing module: clsReg (Module)(Module) [clsReg] : Tokenizing module: clsReg (Module)
[2026-04-15 20:09:26] ❌ TokenizeModule: InvalidCastException - Unable to cast object of type 'ModuleContainer' to type 'FormReportContainer'.
   at TokenizeModule (modTokenization.vb:79)
[2026-04-15 20:09:26] ❌ TokenizeModule: InvalidCastException - Unable to cast object of type 'ModuleContainer' to type 'FormReportContainer'.
   at TokenizeModule (modTokenization.vb:79)
[20:09:26] [TOKENIZER]Tokenizing module: clsAnchorManager (Module)(Module) [clsAnchorManager] : Tokenizing module: clsAnchorManager (Module)
[20:09:26] [TOKENIZER]Tokenizing module: mdl_Rapoarte (Module)(Module) [mdl_Rapoarte] : Tokenizing module: mdl_Rapoarte (Module)
[2026-04-15 20:09:26] ❌ PrepareWorkingLines: NullReferenceException - Object reference not set to an instance of an object.
   at PrepareWorkingLines (modTokenization.vb:177)
[2026-04-15 20:09:26] ❌ TokenizeModule: InvalidCastException - Unable to cast object of type 'ModuleContainer' to type 'FormReportContainer'.
   at TokenizeModule (modTokenization.vb:79)
[2026-04-15 20:09:26] ❌ TokenizeModule: InvalidCastException - Unable to cast object of type 'ModuleContainer' to type 'FormReportContainer'.
   at TokenizeModule (modTokenization.vb:79)
[2026-04-15 20:09:26] ❌ TokenizeModule: InvalidCastException - Unable to cast object of type 'ModuleContainer' to type 'FormReportContainer'.
   at TokenizeModule (modTokenization.vb:79)
[2026-04-15 20:09:26] ❌ TokenizeModule: InvalidCastException - Unable to cast object of type 'ModuleContainer' to type 'FormReportContainer'.
   at TokenizeModule (modTokenization.vb:79)
[20:09:26] [TOKENIZER]Tokenizing module: cBtn (Module)(Module) [cBtn] : Tokenizing module: cBtn (Module)
[2026-04-15 20:09:26] ❌ TokenizeModule: InvalidCastException - Unable to cast object of type 'ModuleContainer' to type 'FormReportContainer'.
   at TokenizeModule (modTokenization.vb:79)
[2026-04-15 20:09:26] ❌ TokenizeModule: InvalidCastException - Unable to cast object of type 'ModuleContainer' to type 'FormReportContainer'.
   at TokenizeModule (modTokenization.vb:79)
